customer_id,customer_unique_id,customer_name,customer_city,customer_state,customer_zip,signup_date
CUST000000,bdd640fb-0667-4ad1-9c80-317fa3b1799d,Daniel Doyle,NEW ROBERTTOWN,PR,12781,2023-07-10 05:06:54
CUST000001,9a1de644-815e-46d1-bb8f-aa1837f8a88b,Cristian Santos,Robinsonshire,PA,36964,2023-03-09 12:39:26
CUST000002,c241330b-01a9-471f-9e8a-774bcf36d58b,MELISSA PETERSON,EAST SUSAN,BA,44619,2024-01-28 12:30:19
CUST000003,18c26797-6142-4a7d-97be-31111a2a73ed,Gregory Baker,Lake Stephenville,DF,50116,2024-02-28 06:26:43
CUST000004,d453dd32-4b0d-4b41-8d52-88f1142c3fe8,Stacey Ward,lake chad,SP,87174,2024-08-12 09:11:40
CUST000005,fc377a4c-4a15-444d-85e7-ce8a3a578a8e,David Garcia,  Shawnstad  ,MG,21820,2023-06-17 05:44:21
CUST000006,ab9099a4-35a2-40ae-9af3-05535ec42e08,  Timothy Wong  ,NEW JESSICA,RJ,21918,2023-10-06 19:51:38
CUST000007,fd5166e6-451b-4cf3-a123-fdf77656af72,Melissa Robinson,Meganton,DF,30522,2023-12-23 20:18:01
CUST000008,50c187fc-ce17-4b4e-8837-b8a3d261a7ab,Austin Gentry,  Jasonfort  ,PA,52357,2023-08-16 17:14:21
CUST000009,757750a9-a491-40b2-aa1f-ca65e27a984d,Charles Mcgee,Juliechester,SC,76985,2023-05-30 08:31:08
CUST000010,ff50bde4-3825-47b8-9cab-cc97663f1c97,MS. ANN WILLIAMS MD,port erin,PR,78673,2023-03-03 23:25:48
CUST000011,988c24c9-61b1-4d22-a280-1c4510435a10,Kendra Maddox DVM,Lake Jenniferside,CE,98920,2024-05-08 18:01:00
CUST000012,5715bd6f-a416-4293-84c2-e2e3444ea7c8,jeffrey chavez,  Teresaburgh  ,GO,67043,2023-07-27 08:49:38
CUST000013,a013ac6e-deda-4e16-9b3d-bd5ce9a1fa6f,Mark Lynch,WEST KATHRYN,GO,71198,2023-05-13 22:15:20
CUST000014,87c5421e-ec24-43c5-8754-108ff4188f3f,linda burns,West Natashaport,PR,31886,2024-12-19 18:32:30
CUST000015,913e4de2-e0c5-4cb8-bda9-c2a90ed42f1a,Angelica Tucker,Port Amandaberg,SP,17329,2023-06-27 21:45:55
CUST000016,8cbfedb0-f264-4ccc-b9ac-1b1ea8e56e0c,Joseph Obrien,New Karina,RJ,90923,2023-06-13 21:00:18
CUST000017,66245bfa-4fcc-439a-b683-d2e6337ea2df,Marie Kim DDS,East Jeffreymouth,BA,03258,2024-05-24 02:15:44
CUST000018,96a402f2-3ae8-4c93-8dcd-cd03969b6662,Benjamin Welch,North Rebecca,MG,43810,2023-07-25 17:43:27
CUST000019,474a493b-3ced-4f2d-839f-bc501223b513,Cindy Anderson,Sanchezfort,DF,53855,2024-03-30 01:28:21
CUST000020,a8b317fa-18d0-452b-9825-bc5430beb45f,Jeff Owens,  Lake Deniseville  ,MG,08445,2024-01-31 18:15:30
CUST000021,ccf3a171-56dc-4907-ba6c-34ab6712303a,Danielle Lee,Taylorburgh,MG,37010,2024-05-02 08:26:31
CUST000022,ec5b227c-dfde-4fbf-bff3-50bf766ecb15,Robert Chase,North Deniseside,PE,02435,2023-10-24 09:53:56
CUST000023,c0e9ab30-ed26-42e9-97e0-11b7f8102383,Carol Tucker,port richard,PA,08186,2024-10-30 14:05:47
CUST000024,fc3d3348-008d-4127-a104-61e32a25a888,Timothy Glover,RODNEYSIDE,PA,87253,2024-08-06 05:22:36
CUST000025,309d258c-27a0-43d7-bc96-7f79b7e99aca,Wayne Riley,LAKE LEETON,PE,77070,2023-05-03 20:16:27
CUST000026,da4bd9ca-eb5c-4467-80ba-cd647a0ecfea,Amy Romero,North Brooke,PR,89002,2024-01-24 19:36:05
CUST000027,1eb0e38a-675d-45af-bc36-5296dca02eec,Laura Riley,NEW CHRISTOPHERSHIRE,GO,74586,2023-08-20 19:24:50
CUST000028,42c18a62-ef48-48d5-90fd-9d3f85d51695,Mike Allen,andersonport,RS,60430,2024-08-15 06:13:53
CUST000029,ef8c485b-c07a-40f2-add4-253b50f0fd0a,Jimmy Murillo,North Amandahaven,SP,35261,2024-04-10 05:08:10
CUST000030,e1805081-5958-4499-aeea-163e21e8ac68,DAVID MITCHELL,Bassport,PR,80674,05/07/2023 23:42
CUST000031,a76afde6-ce9e-4a11-bcbb-4e59fbddcf7c,Mary Spencer,East Josephville,RJ,97811,2024-07-22 11:44:47
CUST000032,48212ddb-45b8-4cd9-a7cb-6f2a8da01097,MICHELLE HARRIS,Williamview,MG,07159,2023-04-10 17:23:25
CUST000033,d450281c-6c6f-4633-a260-772317a0df49,Aaron Wise,evanmouth,PA,72810,2024-11-08 15:19:50
CUST000034,0279b6a6-8f97-47b0-ad7c-e3c9b4a69f3c,Tony Vazquez,New Barry,DF,48894,2024-06-19 20:03:53
CUST000035,6e068097-25e9-4977-8d72-48e2951f58d0,  Eric Nolan  ,West Jasonbury,GO,87917,2023-10-18 01:03:45
CUST000036,8f5486b7-c7b5-42bc-9a8a-aeca1a50aec3,Jennifer Oliver,EAST MICHELLE,BA,23707,2023-02-19 17:31:45
CUST000037,2dea9493-0658-463a-a98c-206fe1a47e10,Evelyn Galvan,west erik,BA,92418,06/01/2023 14:02
CUST000038,09e9db0a-df46-4290-a1ee-411a1bac27a7,Courtney Velasquez,baileybury,SP,29720,2024-10-29 16:45:55
CUST000039,6601ddd0-3170-4437-a8f7-ef5a060edf5b,Sean Rasmussen,michaelhaven,CE,52887,2023-06-16 09:39:48
CUST000040,89456f27-d7fa-4d8d-bb2c-a025adf4e62d,Alexander Wiley,Gregoryview,SC,05515,2024-01-03 03:13:35
CUST000041,587ef344-6f3f-420c-98b8-e4cc1bc044fc,Emily Obrien,South Rachelborough,RJ,33887,2023-03-17 06:55:16
CUST000042,006ed6e3-6fa1-4735-b572-f3d00b5cea6a,  Renee Mcdaniel  ,West Ryan,DF,87563,2023-02-12 01:49:26
CUST000043,505cc686-9f87-4ce7-9487-fd4febb7a385,Belinda Mccullough,ELIZABETHMOUTH,PE,53244,2024-07-19 14:53:06
CUST000044,2095eef6-8ded-49fb-8bb0-0f20b27c4026,Maurice Gray,new ashley,BA,53726,2024-02-21 13:05:27
CUST000045,4dcabfb7-001a-4a8b-956f-03508c459ce2,Jeffrey Carpenter,stevenmouth,BA,89056,2024-11-10 05:35:58
CUST000046,cb323e35-7922-4ac2-82dc-4c8e36b5229a,Rebecca Jackson,West Zacharymouth,PA,12741,18/03/2023 01:09
CUST000047,3c20592f-c04a-46c4-b3b6-3fe1d1843324,Courtney Gonzalez,North Johnfort,RJ,80621,2024-12-20 12:43:55
CUST000048,74962764-12a4-4ef0-84bb-b7a9d98868dd,mark lee,Snyderbury,CE,19843,2023-06-16 00:32:18
CUST000049,e4855aa1-016b-4287-b008-05cca7f36ae9,Patricia Rodriguez,robinsonhaven,SP,61390,2023-10-31 05:59:20
CUST000050,eadf5085-3fcb-4546-8eb2-25790cdb1ca4,Joyce Solis,Stephaniemouth,PE,80802,2024-06-25 01:24:24
CUST000051,81392443-e45b-412e-b822-5688d0a44432,Terry Griffin,Lake Michelle,DF,59492,2024-01-14 00:12:45
CUST000052,d701410d-3f4b-4a70-8074-718e425a609f,pamela boyd,West Scott,SC,94026,2024-07-25 11:08:06
CUST000053,55fa1ab8-458f-4f19-bc07-c57449257af1,Joshua Taylor,SOUTH HEATHER,SC,93092,2024-01-06 07:58:55
CUST000054,68586eba-6a34-4854-9071-4d5136c59dac,John Brown,priceshire,PA,91664,2023-03-04 05:23:09
CUST000055,c3fe0183-e172-4725-9b52-ca5805000bc6,KAREN BENDER,KARENCHESTER,BA,71046,2023-11-10 14:55:18
CUST000056,ccc42903-8bcf-43a1-bc10-fa52bf5d2fdf,Connie Robinson,tuckerfurt,SC,44558,2023-01-31 20:50:17
CUST000057,67814c1f-cc53-4e36-addc-3e13ab3b4d37,Sara Calhoun,South Brittanytown,PA,11504,2023-09-03 17:33:40
CUST000058,dde9f863-22bd-4388-adb9-9102a48b3dbe,anthony gray,South Mark,BA,50193,2023-07-26 07:24:48
CUST000059,d4f8fd72-f382-4cfd-8083-b73a473bd358,Ruben Ruiz,west jeffreyland,RS,85927,2024-12-22 14:09:24
CUST000060,f319c125-07f1-44f9-8115-6d6d0a4e5b70,RYAN HOWELL,East Thomas,SC,15494,19/03/2023 15:47
CUST000061,770c7798-37cc-463b-b2a0-345990604f62,pamela jackson,port loriport,RS,14669,15/11/2024 04:29
CUST000062,4fdc6e1b-edcb-4cb6-8692-dc639424aed5,susan brooks,north brittany,CE,82714,2024-10-09 14:07:56
CUST000063,c5c14eb4-b27b-4d90-9a16-342c3e2b6091,  Michael Trujillo  ,West Amandastad,GO,09539,15/02/2024 20:10
CUST000064,033d2bce-575a-4d2c-a5c5-650c8186a576,Samantha Garcia,cynthiamouth,GO,93209,2023-03-22 10:59:32
CUST000065,bbda0242-2d17-4fc9-af7c-15ea272a6d8e,MARIE GILBERT,MARSHALLSHIRE,RJ,35680,2024-07-30 15:39:00
CUST000066,d4aac9a3-3ed8-456c-9a09-dfa052828d80,diana hayes,Hudsonfurt,DF,44593,2023-09-24 07:45:06
CUST000067,533420e6-d9d8-4b8d-be8a-dee70758e201,Daniel Salinas,joshuaview,CE,73349,2023-07-15 01:14:21
CUST000068,30e912f2-f2b4-4abf-8441-aefd0299436a,Nathan Freeman,LAKE THOMAS,PE,93803,2024-10-06 04:10:08
CUST000069,046a0df5-cafd-4613-b2bb-912d7da67785,DANIEL HOLT,Elizabethstad,GO,62532,2023-07-23 11:12:00
CUST000070,6cedd15d-5800-4c02-87ea-7ff58db06746,Krista Bell MD,Johnville,PA,95041,2023-01-08 12:15:22
CUST000071,be2d740a-1e9b-43bc-90c7-c006314d3441,Pamela Lopez,Lake Todd,MG,95473,28/02/2024 18:32
CUST000072,864e9a13-c29c-4c0c-ba02-eaec96ef2ad6,  Veronica Wall  ,Jeremyburgh,PE,40119,09/04/2023 23:45
CUST000073,2067bdac-88bd-43d1-b540-b30e039f3a25,  William Tran  ,Lake Miranda,SP,64841,2024-11-29 05:10:11
CUST000074,92f5df7b-0323-4342-9f6a-8f931a432f0a,John Peterson,West Shelleyfort,RS,15454,2024-08-28 22:25:14
CUST000075,7de31a51-6694-4343-90ba-58e3d2762bdc,Mark Brown,Port Anna,DF,40325,2023-05-01 01:04:58
CUST000076,1e52d770-3f89-4142-be71-6b1415ce6a66,jennifer carlson,port alexandra,MG,59550,2024-11-15 14:47:20
CUST000077,dc33e1f9-4c1f-45ab-b156-29eee893be3d,jessica carroll,New Susanville,PE,27736,2024-09-15 02:44:48
CUST000078,a911d192-43bf-4931-b605-bf54a021c0ca,David Arnold,north ricky,MG,90858,2024-09-03 13:43:28
CUST000079,085b15fb-4a8f-4810-b84c-2f29980402a2,Michael Warner,JONESBURY,CE,35176,2023-06-22 18:27:54
CUST000080,96fc734d-a003-4d28-8a8f-3653c9af18f8,Taylor Coleman,  Lake Edward  ,BA,35317,23/06/2023 03:35
CUST000081,0f44704f-1247-4a4e-a469-98e8d39e198b,eric curry,  Scottmouth  ,RJ,90767,2024-08-23 15:51:12
CUST000082,f1533ae8-670a-4c5c-b321-bf214dd8eb85,Joshua Kim,South Jessicaview,PA,03891,2023-09-15 05:04:51
CUST000083,ac9ed156-f63f-4e41-ba9a-ca5e176132ed,LAURA SAMPSON,Barbaraburgh,MG,62170,2024-03-26 22:58:37
CUST000084,ea83bf00-7135-4221-a6c9-537f84dad06a,zachary graham,COSTAFORT,PE,46108,2023-09-26 12:04:29
CUST000085,ab8ddeb4-5230-4fbd-9553-b2fe6889803e,  Christopher Jenkins  ,Robertsfurt,PA,72603,2023-03-31 19:47:37
CUST000086,50843242-168b-4625-b46f-78910964fbbf,Brian Barton,lake mollymouth,DF,54666,05/12/2023 16:42
CUST000087,5c9d927d-84b8-41bb-b005-68d20de051a6,Kathleen Ramos,East Josephberg,DF,38253,2024-07-30 06:57:06
CUST000088,7c16128d-b2c0-4394-a17f-29e170286046,william lynch,Lake Eric,GO,72700,2024-12-16 04:24:46
CUST000089,17dc8eff-6872-43f9-8d60-593603802b70,  Ryan Wilson  ,Lake Marilynfort,DF,94427,2024-11-30 02:05:20
CUST000090,45ff2c83-b495-4b4e-8245-6fb44ab7706e,  John Kennedy  ,Arnoldfurt,PE,25484,2024-06-25 12:54:24
CUST000091,bf0d073d-821c-4336-9970-cf60ebff8d15,SHARON HILL,Morganhaven,PE,35519,2024-06-10 02:07:17
CUST000092,b9de7a3a-4868-42b9-80a8-1de9d20f87d0,kevin duarte,Grimesmouth,PE,71093,2024-03-01 14:17:23
CUST000093,8d4a75b8-551a-48ea-985a-0afa7bfdcc12,  Jamie Cantu  ,lake john,SC,50697,2024-04-16 04:59:28
CUST000094,69288e92-c68a-452f-9b23-aa8c3bcabf85,Patrick Thornton,Hughesberg,BA,65424,2024-02-02 00:58:26
CUST000095,80962718-2051-4cef-897a-1e10f6febc0e,Evelyn Garcia,Garciamouth,MG,02512,2024-05-26 17:52:05
CUST000096,def57689-68f4-4bce-a4e7-5e8eb8f21423,Brittany Harrison,Matthewfurt,RS,85676,2023-03-14 12:51:48
CUST000097,da330aa1-541c-4fcd-9a0d-4a5f148f8b74,Kimberly Finley,Brennanton,BA,81432,2024-09-18 11:25:19
CUST000098,af34cf65-a193-44b2-bc19-e71d118405ad,YOLANDA FRANCIS,goodville,CE,58654,2024-04-19 18:58:21
CUST000099,e746ccb9-4ca9-4f07-b1aa-0f6a2a96e1e2,FREDERICK BROWN,Nicholasberg,GO,32508,2024-03-23 03:17:00
CUST000100,ae8a7813-90e0-495b-a97c-392387fa841a,Carolyn Miller,Harveybury,BA,65731,2023-04-25 14:55:45
CUST000101,3b70b3a1-24a3-4cf2-9549-c931e9af299d,DAVID SCOTT,Port Stevenport,RJ,89316,2024-08-27 14:48:29
CUST000102,711533f3-12e8-4d10-a871-17338beddb12,victoria evans,Vaughnmouth,PA,40100,27/12/2023 19:50
CUST000103,da743152-627b-41a1-bfd6-f23232ffe294,mr. kenneth andrews,Andrewfurt,CE,36477,2023-04-14 13:37:15
CUST000104,af908e3c-dd75-4e98-90e0-b95f0212b554,Valerie Lozano,Wallport,SC,30663,2023-09-04 10:51:45
CUST000105,3810ae66-5a31-44cc-8d4b-69a99b689c88,Lisa Byrd,Lake Colton,DF,82743,2024-11-23 20:27:48
CUST000106,c9e26074-4f16-49a0-8a17-991ea5769411,Kevin Oconnor,West Markchester,MG,23522,2024-07-31 14:44:31
CUST000107,8a16a06c-c958-475e-a1d5-3971336749b5,Holly Shaw,Mariaview,GO,63657,2023-08-04 09:27:29
CUST000108,bf1e8366-4b8e-43d4-8e76-07adf7a67b94,Regina Mcdonald,East Karenbury,PR,89148,08/12/2023 15:49
CUST000109,65bcc272-fadd-4ea3-aca5-e2fdb966442a,regina diaz,smithside,RS,16700,2024-11-24 15:13:36
CUST000110,bfbf397b-ac3e-4b0d-9e5b-a13d746cdb77,LAUREN CARSON,danielbury,DF,62298,2023-04-29 16:29:47
CUST000111,f1738856-e25d-46eb-9e9a-9f83066803ee,SUZANNE WALKER,Lake Madisonport,PA,85598,2023-12-28 21:27:30
CUST000112,0b9bd934-23c8-4d30-9dde-7969688613db,elizabeth vasquez,East Paigeberg,SC,51441,24/06/2024 05:29
CUST000113,f30a9e32-aba4-4c03-9efa-9c5b7421ff46,Theresa Barnes,South Diana,CE,64640,2023-01-05 13:54:39
CUST000114,f396ea37-f065-4817-a87a-48509d9b6231,michael robinson,Sampsonstad,PE,13523,2024-02-23 01:09:30
CUST000115,8b621d41-5e09-49ee-af88-bdecfb1e143b,Maria Brown,Jamesville,BA,60101,2024-01-15 05:15:25
CUST000116,a446be72-364c-411a-a9ab-364a1777e8cb,Tricia Williams,JOHNBERG,RS,74501,2024-06-03 12:42:28
CUST000117,c3e15a85-d46e-4104-9190-6f5034885a46,Laurie Li,west kim,CE,78617,2024-12-15 05:29:53
CUST000118,fbe94499-dbc0-40fd-86fb-7bf300b9d4a3,Carlos King,NORTH DONNA,PE,03880,2024-04-04 17:40:51
CUST000119,ca3c6f5f-5bb5-440c-83cd-e2e321bddb41,LEAH SMITH,Brianchester,MG,69456,2024-11-04 07:16:49
CUST000120,79eb4168-1045-46e5-bee3-eb791d181ee9,IVAN WHEELER,  Gordonton  ,BA,95822,2023-12-20 04:12:35
CUST000121,a8addf36-ddf2-45eb-a8a3-f341c8819065,Judith Maynard,  South Melaniechester  ,PE,90429,2023-07-15 22:40:55
CUST000122,e8e22743-b65f-4ea9-bd82-42641ba362e7,Steven Morris,North David,SP,82331,2023-09-29 19:44:01
CUST000123,b64fa54a-8c61-4654-95da-75c1a21150f9,ZACHARY SCHMIDT,Wagnerchester,SP,13500,08/08/2024 19:55
CUST000124,da509fed-1d4a-4d81-b3a7-d0e0cb08587d,sherry arnold,South Shannon,SC,30450,2023-04-29 08:36:46
CUST000125,74188109-d3d1-4f0f-96c4-38e469efafb1,Nicholas Edwards,ELIZABETHSTAD,BA,20507,2023-12-28 04:51:42
CUST000126,112fa612-7969-4ed2-ac48-bf55afd380c4,Bradley Reynolds,lisaside,SC,08362,2024-08-03 22:20:40
CUST000127,8fca7b6a-8fc4-4092-b4e5-59e596229348,Bryan Gomez,parrishton,PR,38201,2023-03-25 23:06:24
CUST000128,1a85910d-5a05-4c11-8ffc-a6b199b479d4,Christy Douglas,Port Daniel,PE,73411,2023-11-05 02:10:28
CUST000129,47503f1d-c33a-4f6c-9d69-1fba5e187b24,renee bruce,New Sarahview,GO,04295,2023-07-08 15:02:26
CUST000130,c32d4526-b3e4-410a-85f5-0c522e2fbf77,Gerald Smith,New Diane,SC,09621,2024-09-17 16:07:46
CUST000131,f8c88fae-a217-4f84-bdb0-25ff2451e5a4,Paul Lewis,Chavezburgh,RS,49004,2024-02-18 19:05:28
CUST000132,c6deb2f0-530a-41c7-b8ba-83684fc77768,  Linda Ware  ,East Karen,RS,07023,2023-01-10 19:51:11
CUST000133,716fda0a-45a8-4829-94e2-86e5ac8936bc,Karla Ramos,JASONHAVEN,RS,15419,2024-05-08 16:09:54
CUST000134,4882d73c-1c63-45ab-ae0e-d1e8585d3f86,Leslie Rose,brandonfurt,MG,79055,2024-07-23 22:56:09
CUST000135,4d29d1ab-3455-42f7-81f7-c7ec0e0630cd,Pamela Duran,Marktown,PA,65694,2024-08-24 16:21:47
CUST000136,2112507c-2cfa-45b0-ae3f-683abf3c5140,Michael Mason,Charleston,PR,57677,2023-09-08 08:11:34
CUST000137,13eecdc6-ebd1-4d2c-b5b2-745504cc3ede,Laura Berry,ROBERTSFURT,CE,03234,2023-07-09 09:56:38
CUST000138,cd2372c2-2bff-417b-9324-01fcf758dce2,Julia Norris,Christopherville,RS,32392,2023-01-23 07:00:24
CUST000139,862268d1-6683-4107-96c0-44d06f887f28,  Seth Reese  ,West Kimberly,RS,10512,2024-09-11 16:40:23
CUST000140,87d5b7be-1d30-4990-a21b-030782af085c,susan bailey,East Curtis,PR,34051,07/03/2024 16:41
CUST000141,2722796e-9a36-41ec-ac6a-6e9a328067a1,Mary Thompson,MARSHALLSHIRE,DF,76453,2023-11-12 16:22:09
CUST000142,e1cde87f-ec95-4f87-ae5e-c36572eb7474,Madison Weber,Edwardland,GO,61963,2024-07-06 21:42:15
CUST000143,cbdc4318-4d85-43d2-a1a2-748571348c2a,Anthony Romero,STEVENTON,BA,07957,2023-11-11 02:35:00
CUST000144,13a4a492-497d-416d-94ea-120a5e659654,  Vanessa Davis  ,Fordside,CE,97352,2024-03-05 21:29:01
CUST000145,e8b77f7b-7321-4f6b-8a80-76ece5582e16,Marissa Morris,Masonton,RS,59551,2023-10-01 06:13:24
CUST000146,d65e59dd-e62d-4d06-8f9b-85581a7f195b,miguel wagner,north john,RJ,57878,2024-07-14 05:42:52
CUST000147,85d2d0a6-8629-4b5d-b07d-f251fdb1429e,HELEN HARDIN,Ortizmouth,DF,89485,2023-05-24 19:26:35
CUST000148,a181c85e-ca0a-46ac-8d67-d38e990f0c5b,Andrea Davis,mitchellberg,SC,44195,2024-08-13 11:18:08
CUST000149,2434a678-a9e2-4ba9-952e-6abb14dd5061,emily douglas,ANDERSONLAND,BA,41078,2023-08-19 02:26:03
CUST000150,caaa5bbe-a4bb-4962-a06e-0e1c8f158449,carl warner,LAKE ELLENHAVEN,PA,47926,2023-04-09 07:40:38
CUST000151,2e25b5ee-4f11-48dc-9cd3-336904aac1b7,Gloria Miranda,East Zoe,DF,20809,2023-04-09 02:01:13
CUST000152,c9c23e69-d82c-4565-8bb9-07ec13c11754,Randy Conley,LAKE MATTHEWBERG,SP,78783,2024-03-21 21:19:57
CUST000153,2e4bebc4-2989-4880-a77d-1be96070b6a1,Patricia Lamb,  Lake Samuel  ,SP,54353,2023-07-16 02:32:17
CUST000154,3ccec76c-b836-4448-ad26-1ec55d42b9e9,Lisa Goodwin,Youngbury,PE,41063,17/01/2024 22:49
CUST000155,78116802-c8cc-4cfe-8f01-f944f7315749,Cheyenne Gregory,MURRAYPORT,MG,50553,2024-09-22 00:47:03
CUST000156,f75d599f-6b2d-4b09-8707-9ad480be7e35,  Curtis Jacobs  ,Brettfort,RJ,49156,2024-03-09 11:14:07
CUST000157,b61e5fdb-1a43-4206-af2d-dcc48df661da,Sarah Mitchell,West Shannon,BA,67787,2024-08-25 11:58:32
CUST000158,177a8a5f-6ffe-43b3-94bf-7a4b25b8a42f,Courtney Hayes,Sarahchester,SC,07481,2023-11-30 01:58:03
CUST000159,3c5bf3a7-5fbb-40b1-8083-89c8657e01c9,Brad Walker,Sarahmouth,DF,19643,2023-03-19 01:50:52
CUST000160,eada79a3-4970-4d9a-89ce-3cfb2339ba19,melissa taylor,westtown,GO,10885,2023-03-05 01:26:38
CUST000161,d5c0244d-3735-462d-8184-3b0304dd7054,todd lynch,RODRIGUEZPORT,SP,31648,2023-11-14 07:19:10
CUST000162,3d0a5f0c-0c39-4ec7-9f31-74054d183eba,Riley Bryant,port rebeccaside,BA,02655,2023-08-12 18:39:51
CUST000163,3defa849-9336-4f7e-83ef-a9f3a1c7cc8a,Doris Smith,Johnchester,GO,25052,2023-07-01 07:20:06
CUST000164,8603156a-15ea-4bcf-ab10-21ceaa143cd8,Andrea Fox,South Morganton,GO,83819,2024-09-16 09:53:16
CUST000165,40ef3935-5f90-4ed6-bb25-664d630aa767,Heather Jones,Lake Diane,GO,14088,2023-04-26 17:21:49
CUST000166,c1b5b5ca-bc35-46df-94f7-9dbac5811d2d,Andrew Payne,PORT KIMBERLY,MG,61400,2024-09-07 15:40:02
CUST000167,a1b970d0-7a81-44de-b205-07bbfb16f757,Chad Baldwin,Johnsonborough,PR,06242,2023-12-08 02:24:49
CUST000168,0aba590e-e2c3-48aa-b310-7475ca862225,Eric Sanders,Kingborough,PR,38002,2024-01-24 17:28:39
CUST000169,0c3ce284-c7e5-4bbb-9cb5-1c535b62a8df,Evelyn Martinez,Samuelfurt,PE,97927,2024-07-24 12:42:17
CUST000170,62fb26d7-f4db-4a07-a506-f6707092947d,cody holt,SANDRAHAVEN,GO,35460,2024-10-11 07:23:52
CUST000171,6cac028c-ba22-4065-9526-0718cd180a82,Lance Short,MANUELLAND,GO,43482,2024-09-30 00:24:06
CUST000172,7227890e-4e76-433a-8baf-0f5ea9320094,JESSICA NORRIS,Sergiostad,CE,81090,2024-02-08 02:11:13
CUST000173,a3b442bd-4649-4296-af58-42c3ff86cc31,Theresa Jones,coxburgh,SC,04582,2023-12-05 13:29:06
CUST000174,ad973b67-9b89-45cb-9942-644c248d31ec,Amanda Jones,MICHAELSHIRE,RS,04745,2023-11-14 04:09:36
CUST000175,732e2016-add7-42c9-a747-b93c9ae77eab,Jacqueline Hines,New Michael,RS,41708,2023-11-16 17:37:14
CUST000176,f5e4a471-3fe6-4c9c-8758-367ba6499cdc,noah porter,Mcintyreville,PA,34812,2023-01-29 12:05:02
CUST000177,723ef466-b43b-427f-82a2-59a6c6641285,  Logan Benson  ,  Gonzalezberg  ,PE,10207,2024-11-02 19:06:06
CUST000178,b69f68c3-e60f-4420-ac33-350c73b911d8,Brandon Fleming,Elizabethland,PA,72590,2023-12-25 19:51:47
CUST000179,4cc9f5f2-e42e-4037-8a55-2ea08acbbe09,michelle ho,  Port Michael  ,CE,29892,2024-04-30 18:27:50
CUST000180,cac4d0eb-3373-430e-bc31-a5971f119c0f,RICHARD JOHNSON,tannerside,MG,17510,2024-12-21 13:04:25
CUST000181,10d4de39-1612-47c9-a25d-f9a89ca8a5c4,Zachary Higgins,Hammondshire,SP,10167,2024-05-04 08:27:59
CUST000182,a4704d48-5128-49b1-b8ed-e0ca20156a72,john holmes,port kimberly,PA,84360,2023-01-11 14:54:37
CUST000183,f75d1e3c-c48d-4650-ae95-22d696792482,JONATHAN ONEILL,New Ericburgh,RJ,21730,2023-12-25 10:00:43
CUST000184,39b86bb2-b596-4a7c-af4a-fa885299e505,Todd Jacobson,west jamesside,DF,36473,2023-08-15 16:41:37
CUST000185,9d4b2bf9-4d85-49c7-a001-7720200b2903,kathryn jackson,East Donna,CE,94955,2023-07-09 07:28:24
CUST000186,d7b00bdc-566e-4cbe-9aea-622fe6e987ca,AMANDA SHIELDS,north stacyshire,SC,35189,2024-01-30 18:17:48
CUST000187,92779574-c457-4cc3-b5f7-89bca6b07458,MARK JIMENEZ,DAWNPORT,PE,63801,2023-09-21 23:44:01
CUST000188,af5b8f47-ceae-41cf-8e00-0af03eb05181,Jesse Barker,South Robert,PR,61376,2024-07-17 22:34:16
CUST000189,24c778a5-9b4e-464b-9716-dc2e343ada2a,Nathan Gross,Theresaberg,CE,49068,2024-11-03 01:37:35
CUST000190,51b1943c-1b2e-4edb-8fc8-5fc083d5bceb,Bryan Cole,  North Brent  ,PA,50852,2024-08-15 12:58:38
CUST000191,3f8ea40a-6b0a-40e3-9d89-6047dd39d793,Stephanie Li,  Jamesburgh  ,BA,65809,2024-06-25 18:18:47
CUST000192,7faeb748-7781-421e-83c5-01cbfef7d9ea,Kathleen Davis,Wagnerbury,PE,28700,2023-02-03 21:38:40
CUST000193,0cf0374c-0c74-4c0f-9a57-553995560a2d,Kyle Cameron,Mitchelltown,PE,14590,2023-10-27 21:01:46
CUST000194,43b47ee5-e1e8-4e7e-a249-8f666e51484d,Pamela Diaz,Williamsside,MG,26014,2024-01-20 17:35:42
CUST000195,12d2fa06-49e1-4d13-8da0-04955cce5ba9,JERRY PIERCE,East Theresafurt,RS,49416,2024-11-06 12:23:20
CUST000196,8ece1128-56ce-4b42-bc9e-1dcbcb7e6268,Nicole Gonzalez,PORTERTON,CE,05601,2023-01-12 22:05:59
CUST000197,cdd0b4d4-5542-47de-b6ad-f48b2314d0c8,Jesus Obrien,West Sarah,MG,42251,2023-02-28 02:53:58
CUST000198,9dd2f9de-fd98-4e33-a498-abe92999bbef,Elizabeth Rogers,  Ericksonport  ,DF,62746,2023-11-05 17:37:34
CUST000199,54cc1e2a-5e4c-4287-8442-51dbd0d4ea67,Veronica Silva,New Thomasshire,PA,76212,2023-10-23 03:53:18
CUST000200,9561c813-0d25-4caa-b8ad-ad873a4045dd,Mr. Nathan Hampton,Hernandezbury,CE,04639,2024-11-08 14:23:53
CUST000201,1c221cea-b355-46a5-b2bd-92f29293f705,Jeremy Barnes,vaughnchester,GO,66275,2024-12-16 07:21:45
CUST000202,78bb22a5-eba7-42d2-9c89-d374c66495a7,nancy brown,NEW JARED,RJ,43105,2024-08-13 14:19:06
CUST000203,8685abaa-7a76-4555-a987-b218ff84faef,Tyler Stevens,Amyview,DF,80464,2023-08-21 14:27:08
CUST000204,3f1be0d0-f514-4058-b138-39757bf33a34,EDWIN DAVID,Kellieborough,PR,90972,2023-10-06 10:14:27
CUST000205,7ad465a1-5129-450d-bd2f-4e58b47a1c5b,TIMOTHY POPE,Keithshire,SC,89187,2024-06-13 13:40:48
CUST000206,faebcd19-e550-4ea2-a133-a34d8b0e8eb1,gregory mejia,WEST BOBBY,PE,94104,2024-04-26 08:14:18
CUST000207,713f8f8c-ec8b-4537-98ab-4778143b45e3,Nicole Lewis,Sarahview,BA,18493,2023-12-25 04:27:26
CUST000208,963a8617-bdab-47e7-9d9d-028e1bf645f6,Anthony Stein,Lake Jesse,CE,13634,2024-11-30 23:45:40
CUST000209,78ef7666-b7a4-4719-948e-1f6b69ce1e4e,Randy Smith,SOUTH DENISE,RS,62851,2024-04-01 09:07:49
CUST000210,c1836315-330f-4be1-a689-b4247a3a10e1,Erica Brewer,Lake Audreyside,CE,97322,2024-10-18 13:36:26
CUST000211,098c60b3-efc9-409e-99af-6e09b91e3d6e,Carrie Khan,North Wendy,RJ,52535,2023-07-04 05:50:05
CUST000212,efc59738-2fb2-4e66-bed1-7aabc9b7c9bc,  Shelia Roberts  ,north kennethville,DF,44415,18/08/2023 07:30
CUST000213,a42d0cd7-fd35-4f6a-b450-388748d90846,Kathleen Mays,Nelsonville,SP,43844,2024-03-15 13:40:53
CUST000214,a5f60735-757b-4b29-bb2a-a1462999394c,Cody Doyle,Ashleyborough,SC,23503,2024-08-01 19:00:56
CUST000215,e5a4983b-a383-489a-9b2c-6ac89c678393,Jeffrey Murphy,caldwellburgh,BA,18931,2024-04-16 12:30:42
CUST000216,3f800385-ef92-40b6-92d7-8f107a3a6e96,james griffin,stephanieport,PR,76845,2024-06-10 10:26:42
CUST000217,42f525b9-02ed-43ce-92a8-1713b90ed44b,Melissa Brown,South Kurtfurt,MG,90426,2024-05-02 23:23:36
CUST000218,e346f415-e526-4a2b-ac50-ace480a52e65,Emily Wilson,MICHAELBURY,CE,29222,2023-01-26 21:57:35
CUST000219,27372b52-7a6a-4107-a231-9050f5159494,William Brooks,TODDBOROUGH,PR,32936,2023-09-11 18:29:09
CUST000220,df85c777-9887-4bfe-8136-9c65ae2ae341,kelly rice,CHRISTIANSHIRE,PA,15208,2024-11-11 18:24:34
CUST000221,e723ada3-8c32-4db2-942a-895e0fcf601f,Laura Hernandez,Melissamouth,MG,15736,2023-07-19 14:16:10
CUST000222,95492a82-b787-4f8d-b495-311eae27d432,Steven Griffin Jr.,New Robert,PR,74413,2024-08-02 20:52:29
CUST000223,ac3a812f-765e-4cb5-8f0d-55400ec7d662,Miranda Foster,Lake Jefferyland,RJ,06437,2023-04-20 07:54:03
CUST000224,105291d3-b34c-4c73-9833-0b306c776e95,amy shannon,Johnsonchester,GO,24091,2023-11-05 16:17:13
CUST000225,a43afb7a-c40d-4874-a2ab-7752c4db5a62,Maria Fisher,  Westfurt  ,PE,49737,2023-01-11 19:27:45
CUST000226,a96b3c42-f6d2-4a7b-aec7-6a82148b4376,BRANDI DALTON,  East Victoriafurt  ,DF,69817,2024-06-06 05:20:27
CUST000227,390239d9-fa8d-4e42-ba54-e9202099d180,Nicole Good,Nunezside,RS,56092,2023-03-26 03:43:03
CUST000228,3acb43a3-d2c7-4ffb-a118-433b882ccd1e,Gregory Hill,North Lisachester,PA,81100,2023-09-12 18:28:48
CUST000229,e39836bb-e23d-4faa-afad-49e9c41c147e,daniel garcia,SOUTH CARLATON,CE,32578,2024-12-07 08:12:51
CUST000230,705fddf5-66fa-4ca0-8b53-1932bd9419aa,Daniel Shields,EAST WILLIAMPORT,SP,31193,2023-01-29 21:41:03
CUST000231,937bf79b-bb44-4adc-aa98-fef8d0d75e37,Kyle Chambers,JOELBERG,PA,87036,2023-04-16 08:57:40
CUST000232,4ceda164-69df-44e9-b896-41dd8570b59f,  Justin Vargas  ,Lake Erika,DF,73357,2024-02-24 13:55:04
CUST000233,582b91ee-f8e8-435b-8c00-988a7ee1011a,Megan Floyd,heatherchester,PE,20059,2024-05-23 16:37:44
CUST000234,c12169db-2f12-4150-a05f-b1eb4cc57e0d,Daisy Perez,Port Steven,PR,08053,2023-01-26 09:52:32
CUST000235,6aa0426d-f7c0-45f7-a9a5-3b4f8ff8869d,brandi sanchez,West Deborah,BA,59455,2024-10-26 10:44:50
CUST000236,891f6912-17ab-4863-9efe-ef4fd8ddbbc0,Cheryl Adams,  Port Charlesshire  ,GO,95437,06/10/2023 14:09
CUST000237,7ab99428-378e-4510-8f10-d33eabe42e7d,terry turner,East Sharonville,CE,98395,2023-03-13 04:54:59
CUST000238,ea18d32c-7a9a-4ef5-811b-d1c4ffe3f366,Larry Harris,New Marc,SP,37602,2023-02-09 06:51:06
CUST000239,a6129a1c-889d-4b76-b75c-30b561730c48,dennis hunt,OWENSFORT,SC,42474,09/06/2023 09:18
CUST000240,501ba851-5ee6-4495-b400-29c3ea11905b,Justin Walker,north jose,BA,77051,2024-09-23 12:24:21
CUST000241,4b91b8cb-6ae6-4582-b852-b3cd9442b5e6,  Gary James  ,SOUTH ANDREA,SC,90265,2023-01-03 04:51:30
CUST000242,d253d966-c36b-4a0a-81e0-2a89566a9ce7,Nathaniel Singh MD,Garyside,PA,64505,2023-07-14 16:31:58
CUST000243,8ac97b01-e3ad-44d4-aab9-eb022f1dc121,TINA WARREN DVM,Port Elizabethtown,MG,54554,2023-01-12 13:00:59
CUST000244,3b3f3800-a175-49c3-97b1-02a92332a50e,Chris Robinson,Brooksfort,SP,86914,2023-05-16 08:11:04
CUST000245,883f13c6-01b1-48e9-8406-ff447ce40679,ALEXANDRA MORENO,Amandaport,RJ,02747,02/08/2024 04:12
CUST000246,ac8d6c7d-b2a6-4468-902b-124380913ac1,Todd White,  New Eduardoborough  ,SC,81736,2023-03-26 16:54:50
CUST000247,5abca6e5-d0b1-43eb-809e-7a8086c5d1d6,james watson,Stevensbury,DF,91889,2024-08-31 08:24:33
CUST000248,d3fbe043-af1d-4a1a-8ccb-235539d1c7ff,Martha Garrison,  North Richardfurt  ,GO,72944,25/01/2023 04:41
CUST000249,026b5383-a301-4c03-8e5d-8c6a79db7862,Angela Bruce,Arielville,GO,69727,2023-03-25 20:33:15
CUST000250,361f6d90-3ad1-4a33-8ae4-ac11eb4d8f42,Melissa Knight,BRANDONLAND,RJ,90210,2023-09-08 04:35:58
CUST000251,8b040f53-e639-49d4-87c6-8688ecf32053,AMANDA MCFARLAND,alexisborough,GO,77444,2024-03-30 15:59:19
CUST000252,b674410d-d218-49d6-8093-bfb024e9bcfd,  Tanya Evans  ,New Mary,PA,51508,2023-08-18 01:17:32
CUST000253,54ec3f33-8a62-4cbd-a582-b678ad5229dd,Patrick Gibbs,NEW JULIESTAD,DF,07539,2023-03-30 20:49:58
CUST000254,d6b361e4-3b6d-4a0d-afe5-040b1901ef87,Larry Austin,Novakmouth,DF,04384,2024-11-03 05:56:46
CUST000255,fe1a1ba9-c896-4c5b-85f8-c28da255e1bb,Darren Tran,reynoldsshire,RS,87096,2024-10-04 16:12:44
CUST000256,9e5d9c7a-c5ac-4354-95f0-0cb4614c721d,David Jones,ERICBERG,PE,97449,2023-08-31 17:51:41
CUST000257,1b46ebdc-5c56-49bc-9111-d31d63be441d,  Tommy Wallace  ,curtisland,CE,25062,2023-02-22 03:27:20
CUST000258,8e0370cf-8e96-4227-b2e7-6b516e54ac6d,ASHLEY DAVIS,New Carlymouth,DF,50994,2024-07-27 20:09:20
CUST000259,6346d4ef-69ef-44e3-8ab6-821c0328c136,MISTY HANSEN,NEW ADRIANA,PA,90326,2024-03-12 06:32:13
CUST000260,44d7df9a-238b-45b7-ab64-777c6177a771,JOHNNY BROWN,  Hillport  ,GO,63970,2024-08-05 18:18:43
CUST000261,406f64d6-5c72-4ebd-93b1-1e59c85cd714,Michelle Simpson,SOUTH DANIEL,PR,40433,2024-04-11 08:27:19
CUST000262,550c2fe9-654c-41d9-b2e6-182801bb819c,JAMIE ATKINS,Cookberg,MG,39879,2024-05-25 02:27:07
CUST000263,b1fead13-f280-4f1d-9a6c-0db952171c88,Ernest Oconnell,  Kellyfort  ,PA,75982,2023-10-13 11:50:04
CUST000264,60452909-536d-47d7-be0f-84cec82f78fd,richard diaz,new wendy,PE,24084,2024-10-18 10:50:02
CUST000265,06e3f949-8cd3-4c62-8482-9b71ae84b81c,Julia Erickson,Salinasland,GO,54128,2024-05-14 04:46:50
CUST000266,a2224f96-23a1-4e20-bfd2-55eeac484366,David Moore,Mccormickland,DF,59361,27/07/2023 17:35
CUST000267,950df1a0-7aaf-4001-9912-316afd9e8e20,jonathon knapp,Stephensstad,RS,92465,30/09/2023 15:33
CUST000268,98049562-8972-4bbd-8ff2-b1c4e53f9644,Angela Mack,Gabrielton,PE,74323,2023-02-24 01:09:58
CUST000269,a590fd3c-ad6e-4c57-a520-c3d0fbcdbf5e,Paul Sheppard,RODRIGUEZVILLE,DF,34414,2024-02-17 00:54:50
CUST000270,84cfee39-bf31-429f-82bb-ad8438d5101f,Melissa Walker,  Petershire  ,RS,90997,2023-08-31 01:20:29
CUST000271,ff69723d-584f-485b-a697-384d801e8690,Brian Perry,North Marieberg,RJ,46157,17/11/2024 02:41
CUST000272,c8c5eb2a-7490-4deb-97d3-37d34fd80bbb,john alvarez,Bowenmouth,GO,42301,2023-03-05 08:47:23
CUST000273,cf685878-0b70-4933-8cde-1b6b1132567c,Alison Cooper,Lake Laurenbury,CE,68133,2023-11-18 16:56:40
CUST000274,54bbbcf8-28fe-4761-8d49-fe3f2ca8f783,Tina Hall,SOTOBURGH,PE,84449,2023-03-28 03:08:06
CUST000275,0779250a-6544-4313-aea0-5d13a84554c3,Sonya Cole,Priceborough,GO,27473,28/08/2023 13:21
CUST000276,cf08ea54-b429-4924-8098-675047419b48,Laura Lloyd,West Mark,SP,60473,2023-06-08 18:43:23
CUST000277,dcd5bfae-abb3-46a7-8329-97801d2c2721,vincent edwards md,MATTHEWSSTAD,PR,46636,2023-08-13 19:41:08
CUST000278,2c2ac34b-9e0b-4b01-b536-59efd873dad9,MICHELE EVANS,Lake Dennisville,MG,31771,2023-04-11 08:11:45
CUST000279,5f90fc87-2edc-417e-9df0-5d184e2d6255,Kayla Barnes,New Patrick,GO,24848,2024-09-18 04:39:38
CUST000280,b184d1fc-8991-401a-a2b0-3c4b7c966b55,Tara Thompson,South Keith,PE,25024,2023-01-15 13:22:03
CUST000281,9e91a71c-7374-4cbf-978c-57d3508850d3,IAN SMITH,  East Lisa  ,PE,74108,2024-03-21 08:56:41
CUST000282,68bd075b-7eb6-481e-a72f-947d816462cb,Jennifer Larsen,jacksonshire,PE,04545,2023-01-17 04:47:39
CUST000283,4ac66780-3874-4f3c-82d4-9b56cbbed980,danny roberts,Cunninghamfort,CE,72554,2024-10-08 06:05:13
CUST000284,1d3ca5a4-929d-4377-9cfb-655f82c42e48,  Joshua Ritter  ,Port Jenniferside,RJ,29145,2023-07-08 23:44:52
CUST000285,bc69c155-1a37-46bd-acd6-f011fd61f13b,Nicole Evans,SOUTH JOSELAND,PR,58050,2024-08-02 06:48:34
CUST000286,c68fcba5-1e0d-42b5-be74-02cddd83ad03,  Christine Rojas  ,michellechester,PA,22256,2024-05-06 20:09:48
CUST000287,34e50699-c8eb-427a-a3a4-e70e9dbc15c0,Renee Hudson,Candiceburgh,RS,42922,2023-09-30 16:58:24
CUST000288,4a11be44-4aea-4b8f-b43c-de0afa9fc10e,Tiffany Robertson,East Sydneychester,BA,08271,2023-03-21 20:24:55
CUST000289,a7e8d18e-ddf6-44ac-86fe-acd4fe1393cd,sean wright,Mariafurt,GO,64655,2023-02-28 12:41:12
CUST000290,44caa5a2-a1e5-48a2-93d2-28d424655c39,Jaime Jones,South Zacharyview,SC,91557,2024-08-13 05:08:12
CUST000291,7466ef02-5e7b-42c8-a097-dedbefb3b939,Erin Smith,Lake Teresastad,GO,08801,2024-05-08 10:49:08
CUST000292,37c3b3c9-65d0-4517-88d0-0abdcbb18c79,  Samantha Simpson  ,Mariamouth,RS,72238,2023-04-28 06:02:59
CUST000293,da385db5-90ee-4067-a16e-9fe593f37596,Mr. Michael Williams,Lake Kristenmouth,PR,02635,04/04/2024 08:51
CUST000294,28719b9b-db8f-4e32-adef-50031fce01e3,Aaron Rubio,  Lake Regina  ,CE,85697,30/01/2023 05:02
CUST000295,eec71a30-dfda-45b2-a8b2-bf214d470ed6,Anna Ward,WEST ELIZABETHBURGH,RJ,07288,2024-04-22 16:35:14
CUST000296,b9da5f8c-4e35-4a80-a027-9a186576a410,Cynthia Rios,North Jasonland,DF,17894,26/11/2024 20:21
CUST000297,ae13591e-84fa-4c72-b9e7-a4f197fb613a,Adam Cooper,Port Robertberg,BA,63114,2023-09-07 17:41:35
CUST000298,16de66c9-6210-4ef6-ba9c-43081221cddf,Ashley Edwards,Derrickberg,CE,84593,2023-03-22 09:24:53
CUST000299,11836c4f-2492-44c7-ad58-db1bfe31537a,Alejandra Santos,Bellborough,RJ,82824,2024-01-27 21:28:30
CUST000300,6965d1d1-eb7e-4e64-a6c0-747ebf8e8bfa,JESSICA ROBINSON,East Karenshire,CE,96184,2024-02-12 01:20:45
CUST000301,6dec6bbd-f697-47a1-99fe-3d53624fea4b,charles hill,  East Angelaport  ,PR,91003,2023-10-28 21:58:05
CUST000302,a88d4108-d8d9-44b8-990f-74e906ddf6ca,  Christine Lawson  ,Lake Peter,GO,85195,2024-05-17 18:38:47
CUST000303,cb35097a-e5dd-48f1-88a7-38ab0df83e12,  Kathleen Rodriguez  ,Littleland,PE,69744,2023-08-09 16:53:00
CUST000304,fca45567-0316-42d6-ba4a-58efe3837348,Eugene Hughes,Diazburgh,SC,62237,2024-11-09 07:06:46
CUST000305,12af97e4-c536-466e-bcc4-091bf45707c6,AUSTIN BAKER,North Stacyfurt,RS,66903,2023-08-29 23:08:19
CUST000306,8044beb2-b66e-4bf4-a0ea-0251495743a2,Jessica Morales,West Christopher,SC,10858,2024-07-04 13:37:25
CUST000307,f96c9a0a-3404-402a-abc1-bb5282e4dd4a,  Kimberly Myers  ,  West Hollybury  ,RS,08090,2024-09-23 14:51:47
CUST000308,6f3a5115-ecb4-478c-9612-0aa63e9639ba,Logan Brown,North Alexander,GO,18485,2024-12-09 17:15:47
CUST000309,7f14eafa-29f0-4f7c-82e7-df89b3957a98,Kelly Logan,Garyberg,RS,98775,2023-01-15 03:50:30
CUST000310,bba1aed9-44cd-4fdd-9f9b-141ec7f7bda1,patricia johnson,nelsonland,CE,34966,2023-05-30 03:14:13
CUST000311,a0a5fde6-939f-41a2-b99c-ea5cb65ad0f1,JESSE WARD,VILLARREALBURGH,RJ,48694,2024-01-30 08:01:19
CUST000312,1a57f9e4-c5f8-42f8-814f-499428457780,Megan Wilson,North Micheletown,SP,32554,2024-05-29 03:15:19
CUST000313,620af158-5d2d-404f-b8c5-90730bc57207,Cassidy Horne,NEW LINDACHESTER,PE,29928,2023-04-30 19:28:47
CUST000314,ea75752d-6a8f-4acb-bf8e-2d0d52619dec,Denise Miller,Davidton,MG,24008,2024-07-14 03:49:31
CUST000315,fb3df063-8409-45ea-8de9-18b33922a7e4,James Wiley,Kiaraport,BA,43400,2023-12-12 00:27:50
CUST000316,020a4497-74ed-4145-8d97-65c7161d5c87,Eddie Mueller,South Micheal,BA,65166,2024-02-19 18:41:21
CUST000317,3207343e-c6a0-4656-85c9-fb91ff6ef9ed,Kimberly Flynn,North Sarah,BA,03634,2023-10-13 17:03:08
CUST000318,a2cd1590-58af-493c-8aa2-b4c93ba5bd76,Sherry Tapia,Port Dianeport,PR,14125,2024-08-27 09:17:00
CUST000319,3cf88d20-fbad-493f-87a1-ec0234879e41,Tyrone Kaufman,Lake Joshua,BA,06255,2024-09-14 08:33:16
CUST000320,d872f72e-e5b4-41ae-bb41-c943ebd8a3b1,Mercedes Watson,NEW CODYBERG,CE,84022,2024-11-09 22:43:15
CUST000321,97867b12-1328-4726-a4f4-34d6d1e91691,Jessica Brandt,West Jose,PA,41789,2024-10-23 02:53:06
CUST000322,b362c0d2-6498-4bde-8d02-54dbed1115d7,ERIKA CHAVEZ,north sherry,CE,18341,2024-12-04 04:07:51
CUST000323,1be5a4c3-95af-4d0c-8528-5425c7a9f33c,Christopher Owens,MARTINEZSTAD,BA,27716,2024-09-26 08:27:07
CUST000324,43d78f2b-769d-41e3-8eed-412473b0d676,  Ann Aguirre  ,MARGARETTON,SP,28684,2023-11-04 22:26:15
CUST000325,25f88c74-53ea-4919-9b48-62c2d5ff2a1f,david kelly,Lake Kentburgh,RS,04574,24/06/2023 09:42
CUST000326,73c374a6-dac7-46b6-a786-3fb3f3bc9a71,Krista Davis,Port Lauraville,GO,02068,2023-09-18 10:15:54
CUST000327,fb8986c8-c7ec-4e71-9493-47fc0fc98d2e,CRAIG MORALES,new brendaland,CE,03358,2024-06-24 15:43:20
CUST000328,e709fba6-329f-4417-9081-3d45ff45f8a2,Rhonda Davis,Davidmouth,SC,07138,2023-01-05 01:53:21
CUST000329,6ee35607-92ea-4324-ac93-e5962b015723,JENNIFER JOHNSON,thompsonborough,MG,25031,2024-03-02 06:27:09
CUST000330,e2280fe3-722d-4e13-87a4-8c4246653497,Lucas Jensen,Victorside,PR,63288,2023-07-04 13:56:05
CUST000331,620d4a1f-479f-4628-9674-eb650f9c5300,CURTIS WILKERSON,Lake Virginia,SC,71759,22/12/2023 01:12
CUST000332,61eb64e6-fd49-4e20-84ff-eab2cb7b0b3a,Heather Stephens,Coopershire,PA,66350,2023-01-13 18:22:37
CUST000333,2e0869c1-453b-45fe-a36c-f4995254aad3,Kyle Johnson,Brianfort,PR,69894,30/11/2023 09:35
CUST000334,ffe62994-9580-4c2a-844f-c4b85b80b8d1,  Christopher Wright  ,West Amanda,MG,97108,2024-05-31 00:46:43
CUST000335,f2a32efd-ff13-4c80-8398-c3320e500785,Ryan Salinas,  Savannahburgh  ,PA,23582,2024-02-27 14:25:22
CUST000336,ce63cb1a-5168-4bf2-97af-5bde3c8e9d78,Heather Vargas,Staceyshire,PE,19126,2024-11-09 08:04:40
CUST000337,d631c383-3030-44d0-b2c8-47439027e770,Sierra Vasquez MD,Johnsonton,PR,30991,03/08/2024 10:59
CUST000338,86c5547c-051a-4039-b803-dcee9a069295,Gary Mendez,  West Jennifer  ,DF,42914,2024-05-25 09:18:49
CUST000339,962c04dd-25d0-4461-859c-15740f3f0f48,Brenda Rodriguez,Susanstad,RS,92846,14/04/2023 14:56
CUST000340,96053035-6545-4030-a981-fa54f121e129,Eric Taylor,Lake Stacy,MG,84290,2024-10-06 23:28:23
CUST000341,51397c06-a630-4d9d-bcb9-23f5f5edf382,Wayne Steele,Jeffreyshire,GO,23484,2023-05-22 13:54:29
CUST000342,b0416f19-bbe7-4835-8e8b-f78a60ddc7f1,CHRISTOPHER SMITH,Rosalesshire,CE,04745,2023-01-29 17:25:40
CUST000343,ebc92914-5176-49d1-9a36-24d62e9ce8ff,LISA BOWMAN,south donaldland,SP,31695,2023-09-03 03:07:56
CUST000344,2afaab7b-51cb-49e5-bb7d-3ba158c88c48,Tracey Underwood,Seanview,PA,27984,2024-01-03 16:48:40
CUST000345,59b9222c-115a-4fac-b173-fcdf3fe1e8f3,Brian Smith,kimchester,RS,22303,2024-10-31 15:25:37
CUST000346,e1bbb8cd-7e3a-4f07-a9fd-28e6e271fff9,Joshua Garcia,  Kramershire  ,RJ,85824,2024-09-12 20:49:21
CUST000347,29a3db6d-39bf-4a38-afe9-be90c21c3fb3,Robert Johnson,West Joseville,PE,10226,2023-09-21 08:06:02
CUST000348,601e0211-e34f-46b4-ab8c-03bf5780be17,Benjamin Mcmahon,West Brookefort,PA,92841,2023-07-27 04:02:02
CUST000349,a754a29f-f143-4545-ae6b-34b907ef2ba8,Steve Moore,WEST JAMIEBOROUGH,SC,54146,2024-09-30 17:33:09
CUST000350,ecf26429-b8d7-4d2f-8dda-4ff2b27b7bb4,deborah campbell,NORTH BRANDON,RS,75444,2024-05-28 08:25:38
CUST000351,2751ab86-7dae-4949-9700-b4618cb6b0ba,Aaron Miller,Gonzaleztown,MG,27626,2024-06-19 18:08:52
CUST000352,fa207403-4ab4-47e3-a360-76812bbba89d,Ryan Parker,Ruizview,RS,12446,2024-04-22 13:39:44
CUST000353,2f546033-6334-4a2a-8b4b-d7e7a4515ae0,james lopez,West Scottview,SP,30155,2023-02-28 06:52:07
CUST000354,0fc79913-9072-46ea-84c0-7a9ad64acb1f,Michael Davis,Lindseychester,DF,99651,2024-06-11 17:07:54
CUST000355,0f9ca17b-8db8-4adf-ba3e-46b096f84ff7,SABRINA BARNES,Armstrongbury,GO,62925,2024-08-29 20:42:38
CUST000356,e71c681a-6511-461a-9436-65f54c819260,AMANDA DUNCAN,north stacy,GO,59357,2023-10-12 12:51:27
CUST000357,2acb4fbd-fbff-4a7d-b2f5-b1762c41cbd3,Rhonda Martinez,MILLERCHESTER,MG,26966,2024-06-11 10:38:03
CUST000358,25db5946-a091-45b4-9293-8e6eff4d0930,  Deanna Bartlett  ,North Paulfurt,RJ,72859,2024-03-21 18:40:38
CUST000359,850a48d4-46b5-48de-9b4b-b8eb537d0bd1,  Shane Buchanan  ,  Rodriguezberg  ,PR,19925,2023-07-13 21:05:54
CUST000360,c2250530-952a-4345-9682-d9ff910c4cb7,ARIEL GARCIA,port justinside,PA,45572,2023-10-28 13:58:03
CUST000361,620f230b-439e-454c-a930-16eae0bda1ee,LAURA KENNEDY,West Richard,DF,81535,2023-12-13 15:08:01
CUST000362,66d71d97-b193-48b8-ae49-c0799bd0d4c7,Steve Rivera,North Julie,CE,35704,2023-06-05 11:35:41
CUST000363,567e642e-052d-4b9a-9f58-4603e5a3d8e9,Elizabeth Ramirez,Garrisonville,DF,30379,2023-12-12 17:28:26
CUST000364,be64ac2a-f966-41a5-8cec-495b226716e3,Roger Adams,Jacobsland,RS,25134,2024-06-02 17:26:09
CUST000365,d2efa93b-e9d6-4b7e-b61d-b014711456de,JOHN BLACK,Lorihaven,PR,21337,2024-10-23 06:32:20
CUST000366,81bd55d5-b5a6-471c-8fa5-c35e10cc4604,Richard Warren,East Jamesborough,MG,08054,2024-09-08 11:34:22
CUST000367,0cf173f9-74d9-41f5-8877-58043fde9814,michele hill,Wagnerville,MG,89783,2023-07-03 21:04:56
CUST000368,7d2120ad-5f59-4b4d-bdef-a7ba07d2fd4d,CASSANDRA HARRELL,Maxview,RS,98668,2023-12-30 01:04:34
CUST000369,48fa4e98-1723-4cdb-b058-8256d4b3e8cf,Anthony Nash,Port Jeffrey,RJ,30006,2023-02-21 01:38:00
CUST000370,a6ce6d7a-44e2-494b-b4ec-5264ad7d6f81,Alejandro Deleon,South Rhondaburgh,PA,79293,2023-11-16 01:46:33
CUST000371,409ca8f2-3948-4e22-822a-addacd0579e2,Terri Marquez,RODNEYFURT,RS,46207,13/05/2024 22:03
CUST000372,7779857f-37dc-4c78-8082-fcda7580e4e9,Joseph Hanson,North Williamstad,MG,74092,2024-11-12 22:21:48
CUST000373,485d831c-9bea-4529-9801-7a2fa5b83693,Brian Brown,Danielleview,MG,34730,2023-12-03 00:35:21
CUST000374,e4729be5-f3c2-444a-b60a-3dcca7f77451,Chelsea Holmes,North Linda,PA,79148,2023-04-29 20:24:54
CUST000375,ae46024d-51d0-4ef3-a918-83fc6772fe9f,alexander jimenez,Jordanchester,BA,53532,2023-09-26 18:20:15
CUST000376,95410a9d-090a-4a93-bc9a-79986365fc2a,Laura Lee,lake amanda,RJ,62856,2023-07-14 15:37:17
CUST000377,5bc677ca-abff-4286-b0cf-9d73e8121ef0,Sarah Pittman,west connor,GO,17270,2023-08-24 05:03:35
CUST000378,ceef9fa8-b9a5-44d0-8237-01f1bdacdc5e,SUSAN ARROYO,Destinybury,SC,47068,2024-03-27 00:02:07
CUST000379,4e9d23e9-df16-4ec3-be84-8aa2392c04da,Stephen Watson,Stevenville,SC,62175,2023-09-20 05:41:06
CUST000380,9565257b-a267-432f-9dcb-f4bc0dbdc5da,Lisa Kennedy,New David,SP,89721,05/03/2023 02:06
CUST000381,69c165ae-4c61-4ae8-87a3-7f1061b512ed,Scott Taylor,West Robert,GO,75133,2023-06-13 17:45:10
CUST000382,752366ce-fc95-4bba-a818-4f34e4917f7d,Scott White,South Marvinburgh,CE,41580,2024-11-21 12:06:10
CUST000383,73b9c2ac-0134-476b-8ed9-fa95a26e865b,philip jackson,South Kristen,CE,12040,2023-07-10 04:51:18
CUST000384,a22c3d4f-6f07-460f-9d4e-8b5d2120bfba,Jeffrey Woods,north amandastad,RJ,02346,18/06/2024 20:41
CUST000385,d54e7948-c1c0-45e3-927c-8f50e45a87e8,Alicia Smith,East Heather,BA,45635,2023-09-22 05:38:56
CUST000386,62305d27-1a4b-4606-a101-9bff4fe54745,  Elizabeth Brown  ,West Stacymouth,DF,95899,2024-10-30 14:03:11
CUST000387,567c5d44-862c-42fd-98ab-b2e785319f0f,Michael Anderson,Howardborough,PA,22112,2024-03-12 05:56:15
CUST000388,cfdfc6f9-eb0f-427c-a82a-3879f2b5a7ea,darryl acosta,EAST JESSICA,CE,77793,2023-07-12 13:32:34
CUST000389,5dd8effc-1f87-4b32-ab42-9596812faa38,REBECCA BROOKS,Kelseyton,SC,78347,2023-11-21 18:35:47
CUST000390,1bad52a8-a976-4c4d-8c47-2187fea35d37,Alicia Norris,wallaceville,RS,72234,2024-12-26 06:23:24
CUST000391,27335670-b3ad-42ba-b972-09c040b374f8,  Michael Smith  ,Stanleyhaven,CE,35887,2024-02-04 19:09:59
CUST000392,231d260b-b362-4d55-9b0a-da0b9f6facc1,Steven Hunt,West Danielville,RJ,65740,2023-11-02 10:33:56
CUST000393,c72850c1-3322-468b-9be7-8aec32da81f0,Joseph Harris,phillipston,RS,72346,07/02/2023 19:03
CUST000394,b02e21aa-352b-4ec8-a90d-21cb7f111a36,Erin Smith,North Maryfort,GO,20049,2024-06-06 08:41:33
CUST000395,82ff1f2e-c78f-47cf-970f-a87bf30ee4fe,Nathaniel Conway,South Vanessa,PE,39301,2023-04-15 00:43:41
CUST000396,198d13a4-0cd2-4e43-b6da-e194439db29d,Shelly Phelps,Lauriemouth,RS,56337,2023-02-05 03:22:45
CUST000397,d9eb404c-1851-41cf-9dab-b10abd10f87c,Amber Christian,west michael,PA,57873,13/08/2023 03:55
CUST000398,e0e3c5ce-44af-4cb7-9f2e-befcf480b91e,Jacqueline Cooper,South Ricardomouth,PR,36130,2024-10-03 00:55:04
CUST000399,d9c59cd9-b09d-421b-a2be-4009d5f0fb6a,Javier Mercado,NORTH DAVID,RJ,95713,2023-11-02 22:53:50
CUST000400,d8274fc3-f145-4426-bb48-1ded0f037337,Jason Garza,Whitefurt,RS,47503,2024-08-09 09:34:15
CUST000401,af390a9d-dcd1-4413-8760-801f9c81fc46,Monica Snow,Knappville,SP,54408,05/02/2023 04:30
CUST000402,42f90f92-1036-4a81-8bc4-d7ba70d0ebcb,Alexandria Oneill,Lake Morgan,PA,68540,2023-12-21 22:53:03
CUST000403,9e44e98c-b359-490e-b030-9aaf85ea16e0,Matthew Wright,ELIZABETHFURT,SC,19985,2023-09-05 09:49:48
CUST000404,e45e2ad0-8eef-45dd-9391-6dcfd6cade2c,Amy Schneider MD,Christianburgh,PR,10313,2024-04-06 03:49:47
CUST000405,3dab1614-5215-4ed8-bddc-a413c05db774,Donald Hunter,Powellbury,DF,10833,2024-03-13 05:40:07
CUST000406,92b26acd-cd1f-45a3-b1b6-5ca175873920,Scott West,  South Julietown  ,GO,13954,2023-03-27 03:10:39
CUST000407,8ea02346-092c-4801-a98f-04f86747d24a,Samantha Conner,Pamelaside,DF,27613,2024-11-08 09:06:20
CUST000408,f34a7949-74ca-4ad7-abe5-be96a7939a2e,ROGER VELASQUEZ,Riverafort,GO,94434,2024-08-31 02:23:17
CUST000409,73d92ace-b746-4b72-9d00-df1ba83c1c2b,Peter Walker,michaelport,SP,72287,2024-03-29 05:39:44
CUST000410,1b37ef19-b3bc-412f-9fb7-474e85a0d089,Christopher Taylor,Rodriguezborough,PE,25082,2023-04-25 18:44:19
CUST000411,6494dd5c-da29-4905-ae22-a70b1ee93260,roger lee,Danielchester,DF,06595,2023-03-27 08:36:03
CUST000412,ac117bab-d664-4fe8-a21c-0c06ed376567,Patricia Hayes,South Adam,PE,96998,2024-06-20 07:51:28
CUST000413,6ecca931-ef70-4d01-8da0-3d880c6f3051,Karen Romero,Lake Beth,CE,96248,2024-11-08 22:30:04
CUST000414,632d0302-1a82-433c-a0dd-a0ffd0b3d752,Lisa Morris,Barnesbury,PA,36361,2023-06-11 01:07:46
CUST000415,f8722413-57c5-482c-b6ae-10e865daced0,Robert Taylor,Meganside,PE,41645,2023-09-01 16:46:20
CUST000416,8db78572-ef7d-4821-bca0-258eb63d65d5,Christina Weber,Glendaberg,PA,93614,2023-10-03 04:23:17
CUST000417,2d852212-f554-41f8-b9a5-5cf2a66c0fa1,Melissa Morris,Port Michaelfort,DF,76890,2023-07-25 08:04:05
CUST000418,b5caa993-aaca-4101-b153-0f689215583a,paul skinner,nataliechester,PA,02174,2023-08-20 20:25:39
CUST000419,6180b78a-0678-4c34-9b41-a61e85d1a1ef,Michael Gonzalez,west frances,PR,19693,2024-07-01 12:18:21
CUST000420,c8cba592-b0ca-42eb-8fe1-621ad6e1ba00,Paul Johnson,  Garciaside  ,RS,29901,2024-03-11 08:14:45
CUST000421,638e1388-8faf-4d4a-a5a9-9ebcbe0ec2da,Richard Lindsey,heatherton,RJ,50515,2024-03-21 10:22:56
CUST000422,c9c1ad45-f4ea-4b97-aaa4-15b56336c815,  Emily Arnold  ,Lake Johnmouth,RS,30064,2024-08-23 10:57:48
CUST000423,b5a4c55b-b462-4214-a23f-f67de9572bc2,nicole payne,port jenny,DF,25863,2023-03-03 09:12:55
CUST000424,fbc398d8-2d6b-4882-b2e5-88e94b4f3b2e,Chelsea Thompson,south billyview,CE,73455,2023-06-16 05:00:11
CUST000425,95801c3a-2932-4211-a14c-0a4d43a534d2,Abigail Owens,North Eric,DF,42788,2023-07-30 23:23:28
CUST000426,eeb093fe-c60e-44d5-8d04-dcb698cd2655,Sarah Turner,Charlesmouth,BA,69365,2023-02-09 10:20:10
CUST000427,85467426-2f12-4b9e-b4fd-25b7384f6e3b,Jonathan Perry,Davisbury,SP,28465,2023-03-19 19:49:31
CUST000428,5c5d3f1b-54c0-46c2-94f6-516ea9d049dc,Travis Montgomery,BARAJASTOWN,MG,15537,2023-01-05 00:35:20
CUST000429,3d877034-7217-4fa3-9893-ef12ab3f8d22,Lisa Oliver,lake nicolefurt,GO,15361,2024-12-27 06:15:41
CUST000430,b9567731-8a4c-4e1f-81af-eb2a62c8c3f4,Thomas Short,Williehaven,PR,58901,2023-09-07 10:59:59
CUST000431,e5f5c891-4be3-48a8-8b39-dccf7c9f3bc3,ERICA MILLER,East Teresaside,GO,70389,2024-03-21 22:37:17
CUST000432,35f5c654-10c2-42e5-a07e-afb101e06ad8,Patricia Hancock,Houstonborough,SP,70985,2024-12-10 07:50:09
CUST000433,f9e9cf93-e0ee-4e8a-b3e6-f4c6d428df6c,Jessica Montoya,Lake Ginatown,SP,60692,2024-10-11 11:57:26
CUST000434,1667c518-09b2-4ae6-94eb-4c91b784ae08,Christopher King,New Lorraineview,PR,53930,11/11/2024 23:40
CUST000435,6789e7d0-a155-4b2c-b37c-f8b563561add,alan nunez,Lake Jenniferland,RS,99586,2023-08-10 00:36:49
CUST000436,b36d0121-0ba6-4e09-95ea-6825bef6a59a,Heather Shaw,Kristinport,MG,80004,2024-10-23 00:54:12
CUST000437,ed3b9d13-c3e9-4323-8811-86e9162534ca,james guerrero,Moorebury,RS,18376,2023-05-07 05:06:45
CUST000438,cc27f386-cbf9-45b5-a418-16b7bf2b43b4,Elizabeth Walters,Ericastad,SP,01962,2024-07-26 03:33:10
CUST000439,243113fd-8e19-4d07-9ff0-b9bf8db3c2c1,aaron carlson,West Jasonstad,BA,28253,2023-05-17 07:27:44
CUST000440,d9f93502-a55b-444f-a7d7-3d1d69a3b991,Candace Walker,Jamesburgh,PE,88447,2024-02-05 05:31:39
CUST000441,0dec644c-da2d-4156-913a-1734ccb68571,Tara Gamble,NEWMANLAND,MG,38597,2024-01-06 20:23:22
CUST000442,1923cafc-402d-405b-913e-af84abf39096,kevin lynn,davidbury,BA,13614,2023-12-13 23:45:13
CUST000443,e66e2c11-11de-4ebf-9e98-961d48febf6d,John Murphy,  Heatherberg  ,DF,74629,20/03/2024 23:12
CUST000444,50fb35b0-cec5-4969-9d4f-7107911ddc79,Caroline Edwards,Lake Jodi,SP,57664,2024-06-02 16:26:07
CUST000445,2261ddef-5c07-4653-9711-73e446d47d41,  Erin Castillo  ,Howardport,PA,64329,2024-12-17 23:56:35
CUST000446,a542deb9-2cff-45f8-9bdc-74a98d3a5d76,Sarah Trevino,  New James  ,RJ,96648,2024-05-11 02:26:31
CUST000447,ba388c8f-1393-49d1-a06a-187de2e6e7a6,albert hunter,Port Bonniefurt,BA,77838,2023-04-14 17:54:09
CUST000448,8d3543be-0962-4ec9-a803-82eb36777be4,Steven Fernandez,West Philip,RS,77781,2023-11-19 23:55:26
CUST000449,22460ac9-4a7e-4bc2-9b6f-1c33bbb4c0ce,Jordan Sanders,Lake Johnburgh,GO,99749,2024-10-03 06:21:53
CUST000450,28c2cce9-723b-40d4-a3ef-5561839e7623,travis hopkins,Lake Jessica,RJ,47529,2024-02-13 04:09:14
CUST000451,7cd61da4-c2ef-4a8b-b804-87860a58f43c,Dennis Young,NEW REBECCA,SC,47850,29/03/2023 03:43
CUST000452,7463835e-eafb-4f20-b83c-91eb635a11f2,Amanda Wong,Lake Tanyaview,SC,97744,2024-02-21 20:04:13
CUST000453,91f60406-8b5a-4683-9421-30904368ae93,  Matthew Diaz  ,New Johnbury,RJ,68182,2024-06-12 09:37:20
CUST000454,de22dc3f-d136-4db1-9a57-860767e54646,Ricky Eaton,NEW NICOLEMOUTH,PA,22207,2023-12-13 00:23:57
CUST000455,a4bae8bf-83b8-4a05-93bc-0dc63ae0acdb,Chris Moore,Lake Jerrymouth,CE,94906,14/03/2024 00:03
CUST000456,7a9398bb-acdb-45f2-bb44-acd01d03c3d5,Kevin Holland,Johnsonton,DF,17263,2023-01-17 21:49:50
CUST000457,227d4660-293f-4266-97a4-18b892d00319,Amanda Armstrong,East Jonathanburgh,SC,68218,26/02/2023 17:22
CUST000458,f8205aa7-996f-4e88-a7cb-fc39f54f1b92,  Alicia Ball  ,STACEYBOROUGH,SP,59378,2024-12-26 21:53:09
CUST000459,de0787b1-78ae-4d5d-be26-8e779b4547e0,Mr. Jason Thomas,New Donna,PR,35172,2023-11-14 13:49:55
CUST000460,57b94dfb-af82-470c-b964-4e4f2aefcf3b,LINDA JONES,Cruzville,DF,02671,2024-05-16 16:05:27
CUST000461,e8ca7483-dc0e-4375-85d0-691c33cd1d56,  Jennifer Hernandez  ,East Thomaston,CE,70156,2024-11-06 10:53:49
CUST000462,17db4c2f-1e15-4e2f-809c-2ebe80da2ed7,  Mr. Larry Carey  ,BOYDSTAD,GO,06194,2024-11-10 06:51:46
CUST000463,3abf9c65-6dd0-43f3-87a2-0e22b298b811,Karen Mack,  Briannashire  ,MG,13308,2024-02-22 07:13:26
CUST000464,7a25ed81-4128-47eb-a246-29cd6cecdf82,SUSAN MILLER,Scotttown,SP,93450,10/08/2024 08:12
CUST000465,93f6f723-01d2-4a76-8a17-9780be5f902f,kelly brooks,Lake Linda,PA,54089,2023-11-26 10:19:10
CUST000466,6d130705-279f-41ab-9b49-09b65cbdb682,Dawn Wyatt,cunninghamview,RS,89709,2023-05-01 11:40:19
CUST000467,69c9520f-3425-449c-8145-d6ba65bf8e04,Kristin White,Kingport,RJ,76214,2023-01-26 00:34:27
CUST000468,65ebd4dc-b49b-4b72-8631-9c165827bc1d,Sarah Hopkins,South Krista,SP,21707,2023-07-06 22:20:41
CUST000469,668b28da-8222-4d7f-b6e6-ba8519abdc15,REBECCA MENDEZ,EAST PAULTOWN,SC,12440,2024-06-05 23:25:42
CUST000470,ed054732-78bf-46fa-a534-3e85d2c0dec2,ANITA BAKER,Christopherton,PE,95461,2023-12-07 22:51:35
CUST000471,6690a951-fc04-4a7a-ae41-5f166263307c,kelly dawson,Port Lorifort,SP,58037,2023-04-19 20:18:59
CUST000472,a829907c-d9be-4cff-b3a3-15f302bdeabe,kelly lee,New Gavin,DF,05227,2024-03-23 11:28:30
CUST000473,0012d399-a7af-4545-bd3f-ec1b5c17ebb5,Angie Hill,Gomezfurt,RS,53644,2023-07-04 00:12:40
CUST000474,03ef0f77-848a-4924-b347-8a919609598e,ANDREA DAVIS,Jessicaside,BA,76907,2023-11-18 05:19:15
CUST000475,d0c59550-f69a-4539-98f4-2098591cc524,LARRY LEE,Andrewsview,DF,23443,2024-12-09 01:02:21
CUST000476,8f026c2c-1b41-4999-8198-d1f56839f98f,Edward Arroyo,Nancyshire,SP,33287,2023-09-25 12:21:27
CUST000477,60885550-f74f-4900-b159-4914b1b68ecd,Patricia Todd,Maldonadoshire,RS,04085,2024-06-24 20:07:46
CUST000478,114b3c79-4200-49f5-9dc3-c26e7b62659e,RICHARD ROBINSON,  Port Leslie  ,PA,46782,2024-01-03 19:01:50
CUST000479,b368d836-027d-4808-8920-7bc484399ed9,danielle davis,Charlesburgh,MG,62964,2024-09-17 20:45:22
CUST000480,e4f1e8e8-37f3-432b-9a81-762a5059f77b,CATHERINE REESE,South Jillian,PE,31284,2024-03-08 20:34:41
CUST000481,43f19b58-df6c-4d60-bdf7-6a69bc45144a,Dale Wright,ericville,RS,16213,17/05/2024 07:28
CUST000482,f4adfa22-ad02-45f5-9417-c2f9eb91731a,Lisa Duran,  Port Timothymouth  ,PA,65033,2024-07-16 19:14:16
CUST000483,e5a1c6e4-e188-4146-bc40-a3d4e5eb4549,DENISE WHITE,  Raymondshire  ,SC,17310,13/04/2024 07:16
CUST000484,6c5540f0-cc9c-441c-8696-99010ddca788,JOSHUA SHAW,Daltonburgh,SC,60426,2024-07-16 14:01:41
CUST000485,84a91789-b2c0-47e8-9ed0-72e9f9fc6034,michael smith,south bianca,RS,43156,2023-08-24 11:50:03
CUST000486,427bbffb-dca1-4dcc-9cdf-06645c91f845,DENNIS ADAMS,Michaelfort,DF,56068,2023-04-02 02:55:56
CUST000487,c08fe6d7-b361-470a-ab49-acc635e574e0,Scott Ramirez,New David,DF,75984,2024-04-14 10:51:40
CUST000488,1991103f-d06e-4cbc-ba83-59b6af9e7a0e,Regina Peters,gonzalezberg,RS,62496,2024-08-25 08:37:35
CUST000489,6be8c756-2d36-426c-827e-789cce40483b,Dr. Samuel Holmes DDS,Evansside,PR,74928,2023-07-23 03:51:43
CUST000490,b0c77002-1956-4990-a5fd-aadb0c36ad4e,Daniel King,South Julieview,DF,47813,2023-12-31 15:56:08
CUST000491,ee8d5daa-8eb7-4306-8f73-198e5c3d0d5f,  Hailey Jenkins  ,michelleborough,RS,76110,18/11/2023 12:13
CUST000492,89d716ef-a62d-4221-a65d-958e936dd1a8,Richard Kelly,Hamptonmouth,SP,10778,2023-07-22 13:10:54
CUST000493,76b874d3-4959-4bed-9d19-11a5618dde71,Brianna Jackson,Robertshire,PR,53555,2023-04-29 09:09:16
CUST000494,1440adec-1243-4b0f-a835-f080d9518f98,darren stewart,Jenniferfurt,BA,36054,2024-01-23 19:39:15
CUST000495,dce0e2bb-c7ed-4a02-b1e4-dc42e33fc52c,Nicole Meyer,  Gutierrezburgh  ,CE,03528,2024-07-16 00:05:51
CUST000496,a97a4f4e-3c10-471b-ba4f-4b0320029d9f,Patrick Brady,east randy,RS,13025,2023-05-12 11:20:29
CUST000497,7922b440-e0f1-444c-afd1-b5881054b2d5,Allison Sanders,north joseberg,PA,11551,2024-05-13 12:11:43
CUST000498,63ccf604-e2ae-4f87-ae7c-a782a7a31d25,David Mitchell,East Alison,RJ,22862,2024-09-27 08:32:56
CUST000499,5b59f28e-a9de-4b26-88ff-eab0075072d6,Erika Alvarez,Amyberg,GO,91939,29/06/2023 18:13
CUST000500,98fb4727-9740-4212-ad52-45f48a0ec018,paul wiley,millsside,CE,41088,17/10/2023 20:57
CUST000501,8a27b0b0-7b4d-4646-98e0-058fe8af301f,Brandon Parker,Greenport,CE,01884,2024-05-27 01:57:03
CUST000502,c21f84fc-d0bc-4ad5-85f8-0d9b00060d5a,HAILEY HARRISON,Lake Sandrafort,SP,39771,2023-01-13 23:47:52
CUST000503,cc476b72-6e31-4234-8410-010802568389,david smith,Jacobside,SP,57793,2024-01-26 01:59:07
CUST000504,b7062cfa-29cc-4789-bff9-3134650e78e4,Jean Gray,Christianbury,MG,68214,2023-03-25 02:55:50
CUST000505,9cfbbce7-e8f2-4584-8cca-1e14c3b8c80f,Melinda Mitchell,robertland,SC,24409,2024-02-13 21:51:03
CUST000506,a30b669c-1c40-4045-8a22-eae922f9cafe,  Jesse Graves  ,Lopeztown,RJ,20443,2023-10-17 18:11:07
CUST000507,05aa5eab-88f3-47ea-b83f-52740cb4afe1,Brian Adams,acostabury,DF,12323,2023-06-25 10:17:03
CUST000508,3799a376-7e5b-4ac9-83c5-01fe269334ef,Eric Lloyd,STEVENTON,GO,43787,12/08/2024 23:42
CUST000509,f39ef1be-c025-43ea-97f2-a67814898025,Derek Long,  Whiteview  ,CE,50515,2023-02-13 14:03:29
CUST000510,f97f4994-1f38-4f55-833a-c4d6d4085391,Danielle Wise,WRIGHTTON,PE,26607,2024-05-15 21:56:32
CUST000511,180dc855-c55f-4de8-bc3e-1d1975f94230,Vickie Kennedy,Sharonburgh,RJ,82966,2024-11-26 00:07:01
CUST000512,effad15b-bea6-450f-8acc-b23cba6dbed8,BARBARA OLSON,jameston,DF,87886,2024-11-20 09:12:41
CUST000513,3c6841d6-1ce8-412f-b928-7d2637c0f87a,erika jackson,Brendafurt,GO,32363,2024-12-19 22:09:05
CUST000514,94c176b9-0ac0-43d5-b805-90f002493a09,Karen Carlson,Kellibury,MG,21170,2024-12-22 09:27:35
CUST000515,9e5f8273-af9a-4168-9766-17957ffab493,WAYNE MALONE,north michaelberg,MG,92425,2024-08-07 07:02:22
CUST000516,20363a73-1b7e-4502-8a9d-8831894e7397,Eugene Grant DDS,Lindamouth,PR,96601,2023-05-07 04:17:31
CUST000517,60b57717-b072-4fc8-8577-610831662c94,Chad Roach,Mannside,GO,39129,2024-11-27 08:27:05
CUST000518,30952621-7d76-4b58-b271-115b8af09ec3,Kimberly Morris,Hillside,DF,21517,16/07/2024 11:23
CUST000519,730ad7de-27af-4ff9-87f8-9f6211a1e557,Dennis Richardson,  Port Danafurt  ,RJ,96662,2023-12-06 11:54:56
CUST000520,9ea6ed4a-04ca-430a-a207-db202f7f2cd7,PATTY ALLEN,Lake Tammyfurt,SC,25387,2024-04-07 14:57:00
CUST000521,c4072654-7f5f-41aa-aee7-c7a586296fbe,Lisa Morris,DANIELHAVEN,PR,86863,2024-08-31 14:23:45
CUST000522,f013a170-d5cf-4b4c-8b34-fc841111ee29,Shane Harris,  Leeton  ,PE,75344,2023-12-02 10:13:45
CUST000523,a86d8706-637b-4648-9617-b9c0a449d64f,Marcus Garza Jr.,New Jennifer,SC,02216,2023-08-18 10:16:21
CUST000524,a7df30b2-356f-4c0a-abc8-f6b7ee224f70,Steve Miller PhD,WEST ANGELACHESTER,MG,48875,2023-10-23 03:42:47
CUST000525,d2da43ec-0eec-4013-b55b-eaaacb53f0be,Kendra Navarro,Christianborough,RS,68590,2023-10-08 03:56:22
CUST000526,3b23feed-b9a4-4e2b-99e9-e3a418dcceb6,CHELSEY FOX,  New Colleen  ,RS,23949,2024-08-14 08:31:38
CUST000527,6a4989a6-8ee2-4e54-bfcb-33888ef4d74b,PAMELA RAY,parkchester,CE,14145,2024-03-08 14:57:12
CUST000528,8cca8963-2e2e-47a4-8ade-c3792ab403f6,George Moore,MAHONEYMOUTH,RS,72601,2024-03-06 11:24:21
CUST000529,d8485a54-531c-4812-bf31-950afdd084a1,Phillip Jordan,  Charleneshire  ,PE,72017,2023-01-10 14:02:44
CUST000530,8cdc718d-c405-4420-a004-223136c3fe85,Dawn Nixon,MOYERTOWN,PA,95700,2024-12-04 02:17:31
CUST000531,9883e9b1-48d3-42ce-bba3-091f08dfaaf8,chad zamora,West Traceyborough,GO,41776,2023-10-23 17:21:33
CUST000532,f17f3f92-d26a-4790-8582-8939058e389e,desiree spencer,north benjamin,MG,47117,2023-02-19 03:23:06
CUST000533,5df924fb-43d6-43ed-a36e-b83227f6a2ac,danielle scott,christopherfurt,RJ,75089,2023-10-08 11:51:22
CUST000534,13c37b5d-bbf8-4a91-b7a9-f824eafa4d5b,rebecca thompson,New Dawnton,SC,96287,2024-04-23 23:32:22
CUST000535,1417182a-61ad-418a-9387-5413ceef7261,TAMMY COOK,  Butlerville  ,PE,30217,2023-09-16 00:58:39
CUST000536,9a307096-d977-46be-a71c-8948bf67de42,  Madison Chen  ,West Alicemouth,CE,71270,2023-09-17 23:56:07
CUST000537,809d6444-53ab-4cce-a64a-e04f909e21ba,Brittany Nunez,Maddoxshire,SC,66656,2023-04-16 17:32:38
CUST000538,4a2f3876-6e93-4615-b8da-9a90170fad32,Brittany Rogers,Duncanton,CE,72348,2023-09-02 00:48:03
CUST000539,6605de3c-15c7-4c83-8336-ffe5663166a7,Patricia Anderson,  South Anita  ,DF,64445,2024-06-23 18:57:06
CUST000540,32339053-9242-4a54-a6f9-c0e165339cf0,Yolanda Warren,North Joseph,RS,56870,2023-10-20 02:10:44
CUST000541,9375ee61-ec94-403e-af4a-fcdd52cb1ae0,Michael Henderson,  Jamesstad  ,SC,78341,2023-06-05 04:32:34
CUST000542,4e089bb4-c509-4558-8632-6b36a7c8f0c5,Gregory Underwood,Hansonmouth,PA,06383,2023-01-21 21:45:09
CUST000543,331e91f2-3bc5-497f-9173-b70bec993c80,Brittney Chandler,North Jodibury,CE,81897,2024-09-11 13:56:09
CUST000544,d51b1974-de66-4dd0-a5ce-2a21ed3e2846,Alexis Benson,West Shannontown,PE,44000,2024-06-06 17:12:45
CUST000545,363d75f1-89ba-49c8-bd71-7da33581a632,Joseph Green,deanberg,GO,91605,2023-04-30 17:26:17
CUST000546,60694b6d-04b5-4c12-ab13-2032b2e19f66,Mary Williams,NORTH JUSTIN,SC,91796,2024-01-08 05:34:56
CUST000547,7707ac0e-0d96-4eb3-8572-b3859e32f085,Alejandra Price,Elizabethstad,DF,14642,2023-11-21 21:41:24
CUST000548,e226a768-de0e-4c53-8ae0-fd7a04e25132,Crystal James,  West Toddside  ,PA,12038,2024-04-06 05:36:21
CUST000549,f77fa3a7-802a-46eb-b2e9-7c2d2fb90ccf,TIMOTHY SMITH,New Kevin,GO,64717,2024-05-31 06:47:31
CUST000550,04b40ac9-2831-4f0d-be90-63fb64b5d9a5,Harold Garrett,NEW JOSHUA,GO,08628,2024-06-10 04:59:29
CUST000551,631d9c8b-e0f0-4e79-81f7-4651a033edad,Robin Johnson,  Jeremiahmouth  ,PE,51992,24/03/2023 06:56
CUST000552,bada0c94-1679-4be0-a323-8416a82cae18,tyler salazar,South John,PA,20522,2024-03-09 09:45:04
CUST000553,e8e46b31-4ff8-4111-b875-1fd46d2ccf42,Joann Anderson,New Amber,PE,27018,2023-12-26 16:07:25
CUST000554,b043a39a-4f1a-44cb-a35b-275bdcd28b97,Kelly Taylor,Lake Sarah,RS,21216,2023-01-20 01:52:51
CUST000555,88702ae7-8ead-4a9a-915c-42cd51476e86,bailey stewart,Lake Anthony,RJ,42272,2023-04-01 03:41:21
CUST000556,f610f40d-69fe-490f-b90f-b6e4e15052f3,Jeremy Peck,  Edwinborough  ,RS,14495,2023-12-20 16:00:55
CUST000557,c32fc21b-06b4-4d27-af4b-8be821acfdb5,Miss Lisa Salazar,  East Grace  ,RJ,47590,2023-12-07 08:00:18
CUST000558,7a029a6d-c7a2-4171-b02a-06ee14588063,Ryan Harrison,JACKFURT,SP,64915,2024-09-21 06:57:37
CUST000559,317979f9-29ed-4760-a334-08ba794e0838,JASON NOVAK,  Stephaniebury  ,RJ,97804,2024-06-09 22:47:31
CUST000560,c1fda581-33ec-46b1-bcfd-8547abdce0da,Christopher Blevins,Camachofort,PA,90660,2023-05-16 12:02:38
CUST000561,e338e579-7521-4a18-9de4-f5c1532c5c01,  Jared Williams  ,Cortezfurt,CE,80652,2023-06-30 02:06:02
CUST000562,9803a82e-926a-4bd0-be12-5f8ff06b6c12,Margaret Padilla,new danielmouth,GO,06060,2023-12-02 15:34:12
CUST000563,84c9b276-3ee7-4d31-beef-21f8e0b62f90,Victoria Williams,Blackton,CE,25385,2024-04-04 23:28:01
CUST000564,e267e12b-65e5-413f-b086-9a454a8abb17,RONALD MURRAY,phillipston,PR,90934,2024-08-07 08:21:49
CUST000565,76ad1c33-2469-40c2-a757-499784581f73,Jocelyn Sharp,East Kimberlyside,PA,18235,2023-05-26 05:11:02
CUST000566,736d417c-52ce-45e3-a9df-05c764a0053f,jesse mosley,SOUTH CHRISTOPHER,GO,42978,2024-11-01 00:42:38
CUST000567,b622e18e-e83b-4c84-a609-1ad0b11464aa,Michelle Martinez,  Lake Shannonstad  ,PE,11682,2024-04-19 19:36:53
CUST000568,ba146757-6253-4cdf-b510-3e9c8618e40d,KAYLA HERRING,  Pierceton  ,CE,22899,2024-04-24 12:28:28
CUST000569,df0ddef1-90c4-4e45-95cf-37bae98965f2,Brittany Melton,Port Jennifer,SC,55496,2024-04-03 09:32:08
CUST000570,c4c4f69f-baeb-415d-8f3c-97714edd2a2a,DONNA WHITE,EAST ADAM,PR,33676,2023-04-01 20:05:08
CUST000571,dafc3805-7f64-45de-b569-9aef03200c4e,Dr. Lawrence Snyder II,Chavezmouth,PE,10908,2024-04-08 06:10:59
CUST000572,3ea585a9-01ae-4505-99a0-4abb99e95433,Diana Fuller,north jack,GO,07718,2024-02-22 09:28:32
CUST000573,253741e4-0966-4d08-9959-5d27a73d2746,Mary Massey,Markland,PA,06927,2023-05-10 14:35:55
CUST000574,2da1afda-fe65-4dcc-aabd-b05a1be00f8e,DUANE GUERRERO,  South Kara  ,CE,47711,26/04/2024 02:38
CUST000575,c4bd338e-17d7-4fc0-892c-d030ee757637,  Jacob Gray  ,PORT RONALDSIDE,MG,09010,2023-06-01 13:27:31
CUST000576,1f3cea1d-2271-47ca-b887-73ed4af715b7,Denise Rose,Lake Jason,CE,08127,2023-11-14 18:49:01
CUST000577,fab6ad91-bacf-4cfc-9245-1cc41bfb3b3d,Victoria Webb,Ronaldmouth,CE,34535,2023-05-10 21:49:51
CUST000578,9f8ceda5-feb9-4a24-933c-8d0086800a0b,CARL HART,Vasquezburgh,PR,80377,2023-01-26 09:28:50
CUST000579,fab0a15d-4a5d-4cea-b565-f64e3b93a53f,Bruce Marshall,lake melaniechester,CE,54770,2024-03-15 08:29:19
CUST000580,8f7763e0-5982-4a44-9573-68cf0ba56050,Christy Davidson,Jonathanland,RJ,40841,2024-03-20 20:09:49
CUST000581,52ecac27-8ccc-417e-81b6-69514cdf697f,Ashley Cook,Ramseytown,RS,23521,2024-02-26 00:25:15
CUST000582,56830783-d575-4337-949c-9eb931ab0158,KAREN WELLS,Lake Derekberg,PA,82709,2023-06-19 17:55:00
CUST000583,8976b471-dd7f-47d1-a45d-ef2675eb0e8f,JULIA OLSEN,Port Adrianashire,BA,95523,2023-08-20 05:41:48
CUST000584,892fca69-8e20-47e1-90c4-cb4bad9e5c1e,KENNETH RIVERA,carlberg,RJ,37261,2023-12-08 00:51:22
CUST000585,fbce7087-56d2-414d-87fa-f6f7d73aae7b,JOSEPH MARTIN,Lopezville,BA,99006,2024-09-21 16:35:38
CUST000586,50830841-db9a-4eb7-b48c-531b4eeb87ff,Denise Miller,West Shannon,SC,40167,2024-05-06 11:41:58
CUST000587,2ccda2af-4d64-4b63-866c-fb2b3754f16f,Richard Strickland,South Williamfort,BA,66044,17/09/2024 14:29
CUST000588,ec737598-5711-45fd-b0b1-b67b2771a422,  Dr. Eric Murphy  ,port tonihaven,PA,89199,2023-05-11 18:46:53
CUST000589,b97d7617-3487-446c-a1f9-c072fe22eba1,James Hancock,north larryton,PR,90554,2024-10-28 10:35:35
CUST000590,164a9b18-df33-44c6-9823-3b06d91ea7e6,Stephen Garcia,Andrewport,MG,84236,2024-08-05 14:46:05
CUST000591,33579b27-5225-474a-b5b8-726ce462ff64,Donald Flores,Lambertview,GO,20072,2023-04-09 13:22:00
CUST000592,03e7dd21-1d4d-46d6-860d-113d2851a8be,KRISTIN GARCIA,ANDREAVIEW,RS,19055,2024-10-05 12:01:12
CUST000593,48843b5b-cdd3-414c-b450-8610f17aa7a9,Carolyn Collins,Amberton,MG,17550,2024-03-24 11:59:31
CUST000594,aced4d55-e73e-4bc5-b882-2064076c108d,James Miller,  Whiteshire  ,RJ,83006,2024-05-07 03:40:39
CUST000595,7222534d-b309-4e0d-b0ac-0677d60f8680,Emily Roth,Port Kathyshire,DF,17775,2023-08-05 02:30:09
CUST000596,eb70bda9-cd66-479d-9017-010817c95aaa,Anne Collins,Ruizbury,CE,19338,2023-09-12 05:06:51
CUST000597,420fbeef-9def-4ab9-a54c-a6cadc70ce22,Jenna Lyons,Kristinamouth,RJ,59913,2024-07-21 17:33:31
CUST000598,79af8348-10bb-460d-87bf-63ee7ccd3dc0,John Singleton,Katrinashire,RJ,17198,2024-09-10 00:30:41
CUST000599,d14b256c-67db-4943-9a59-c3eb8208fd42,ashley hawkins,Port Kevinmouth,BA,53036,2024-01-20 06:09:18
CUST000600,9ef1a74f-3d13-4526-a9d7-5427972d5d57,Christopher Olson,  West Jaredshire  ,SC,57012,2023-04-12 10:27:11
CUST000601,9134c0b7-6f73-473b-baee-bacdc8c8ccf9,Kimberly Young,  Lake Sarahshire  ,GO,64284,15/08/2024 01:26
CUST000602,76812ad7-9898-4758-9798-00c31d444351,BRENT WALLACE,Stephanieland,CE,78916,2023-01-13 15:30:23
CUST000603,98ae0666-d066-4d21-af7d-7f211bd6b03d,Jamie Snyder,North Jeffberg,SP,76623,2023-11-29 06:45:25
CUST000604,cf51a203-a2d9-49ba-8146-ed52e73bc913,Charles Hernandez,PETERSHIRE,GO,59111,2023-08-23 11:10:51
CUST000605,e09ef2a3-ae77-4249-b4a6-3e7632173525,Kelly Gentry,samanthachester,GO,94583,2023-10-07 23:00:09
CUST000606,fd8398c3-5821-49f8-aa45-2afdfb8a61eb,  Adam Downs  ,Abbottport,MG,08681,2023-02-10 05:23:05
CUST000607,f7c8435f-8c83-4c68-a6ac-e59a5e85643c,  Michael Hoover  ,Danielport,BA,04588,2023-11-30 09:26:40
CUST000608,9714fadc-b3c4-4030-ae84-e8323c38c3f0,Evan Reyes,GRAHAMBOROUGH,CE,87334,2023-03-02 12:52:59
CUST000609,302fa247-239a-446d-b991-2c512c649adf,sarah ward,Mooreberg,SP,18101,2023-01-07 06:17:49
CUST000610,04056d2b-a5fc-4671-925d-f20602f865f8,Stephen Barrett,North Derrick,PE,55008,2024-06-23 01:40:32
CUST000611,c9f7369f-e4c1-4210-b4be-4b20dc32f8a0,TARA HANSON,Hicksside,DF,59489,2024-09-18 00:07:27
CUST000612,2f900058-39ca-4826-9af5-6a23627ca9f7,  Adam Jimenez  ,Lake Walter,MG,54350,2023-10-25 06:26:14
CUST000613,5df1bf6f-938b-43f8-8bd1-8d4bed3353fc,Andrew Webb,DANIELFORT,GO,91005,21/04/2023 22:58
CUST000614,bb3607b0-baed-4f49-a45f-d841147f0413,Shannon Christensen,Stevenland,MG,69098,2023-12-08 20:02:52
CUST000615,3ec77a8f-16a4-4b83-9c2d-9672e3d1803c,patrick horne,Lake Cynthiashire,PE,41460,2024-04-23 12:29:21
CUST000616,57f2a45f-e751-4d4b-8d82-9d529cf021b8,Alexandra Gibson,BERRYMOUTH,RJ,55684,2023-04-19 18:02:02
CUST000617,cc585b60-fa4e-4355-b5e8-a7e15a589b67,Christopher Neal,Jessicashire,PE,34637,2023-09-02 06:46:23
CUST000618,94010dfe-7921-4c7c-a119-ceee0fb91307,anthony mooney,West Toddberg,BA,66770,2024-03-05 20:03:39
CUST000619,4721194b-c8a4-4e21-99f8-50e913ad3ead,Luis Hill,alexisville,DF,79645,2023-01-21 20:02:35
CUST000620,bd2cf4eb-977e-4f2c-a8fe-60952cb37e23,Jeremy Morton,  Kimberlybury  ,PA,64060,2024-04-16 09:56:12
CUST000621,dcacfa54-8702-44ad-8ca3-a4c42e4982cf,William Coffey,port tyler,SP,54626,2024-08-31 19:07:14
CUST000622,a9217ddc-3cea-4f89-a217-3b7fc536d2ce,Mark Clark,Brianview,RJ,99523,2023-07-07 06:05:22
CUST000623,2ae7dc19-0d72-4918-9db1-ce86d1ccc8d3,John Alvarez,South Frances,SP,51628,2023-10-08 11:21:30
CUST000624,87cb0e2a-2528-4a1b-833b-66fc797eb3e4,ALEXANDRA HO,Reyesmouth,SC,70002,2023-11-23 21:27:53
CUST000625,18ecde2b-0a80-4167-b4b3-f20eaed0fb57,Marcia Blanchard,Bishopview,RJ,44405,2023-01-13 23:06:46
CUST000626,1928aae5-cd64-4aff-845f-dde1453417b5,KEVIN MURRAY,lake emily,SP,26050,2024-09-05 01:25:55
CUST000627,b0b6148c-ad7e-4ff7-9660-4762851b9860,emily smith md,North Roberthaven,PE,14120,2023-11-26 00:00:52
CUST000628,382bab11-59fc-4aeb-b229-44a9af7ce609,DARLENE JOHNSON,North Sheenaborough,SC,79063,2023-04-29 14:10:11
CUST000629,f5321352-b544-48e4-9f2d-a344a3596667,  Scott Anderson  ,North Heather,BA,33706,2024-09-19 15:19:54
CUST000630,efa9a0a3-a915-4364-b78a-669f4b68d94d,  Jesse Carney  ,Schwartzmouth,GO,34230,2024-06-12 23:47:53
CUST000631,46fc4ff2-12f1-48bd-87de-01a929769b0f,  Janet Cook  ,West Stephanieview,BA,23822,2023-02-14 23:26:42
CUST000632,fabb6609-7de1-4a85-91c4-194a70c98336,Lisa White,RODRIGUEZSIDE,SC,57026,17/04/2024 21:27
CUST000633,1b332e43-a4b1-4f6a-9d2c-e51b37e82d71,Michelle Garcia,North Ashleyview,MG,58943,03/04/2023 18:34
CUST000634,261b5048-7f69-4b97-a581-d60104cdc4e8,APRIL JOHNSON,ADAMSMOUTH,CE,51793,2023-09-27 07:03:07
CUST000635,b525a4d9-83f0-43fd-80f2-baa4931b9fae,Katherine Graham,New Jeremiahfurt,MG,90843,2023-10-16 20:08:55
CUST000636,1f0733df-7b68-4323-87a2-ee6fd166eb08,Taylor Howard,richardland,RJ,48388,2024-08-22 04:30:10
CUST000637,570e5af5-f5ff-4705-9a74-a05688dd44cc,  Joe Miranda  ,East Angela,PA,50854,2023-02-19 14:39:36
CUST000638,b225574e-4c82-4445-b0e5-9543a925de85,Brian Barker,Millermouth,CE,96881,2023-12-20 13:30:05
CUST000639,316e8645-0923-45fe-a3d3-4d223080bed6,ZACHARY ALLEN,Brownside,MG,84833,2023-10-13 14:11:49
CUST000640,f7073712-88b0-4b77-bfeb-4cf34ec77371,Joann Forbes,West Brianton,GO,53651,2024-07-15 09:33:55
CUST000641,a762b59c-ce9e-4929-b630-8a601e4182bb,Judy Gregory,LAKE BETH,SP,09942,09/07/2023 22:46
CUST000642,7d283421-243f-45fe-bc47-16ad0970d09d,  Kaitlin Hardin  ,East Jacquelineberg,MG,02383,2024-12-24 06:04:54
CUST000643,e797f3ae-0cca-4c05-a1f6-19ed2c1882c9,RILEY BRYANT,Port Brittany,DF,14438,2024-07-29 07:00:42
CUST000644,cc96bf43-9850-4072-bf44-cbca1d3ae131,amy harris,lisafurt,DF,42999,2023-09-06 12:01:23
CUST000645,937292e6-af20-4a9d-b9d1-85071eece891,ERICA OCONNELL,  Port Brandon  ,PA,23235,2024-06-06 23:42:03
CUST000646,461de017-1ee9-4d3b-902f-4f5c55e39295,jason horton,South John,SP,76783,08/11/2023 09:46
CUST000647,ca826730-1997-4e2e-a224-98130a6b3e3d,Lisa Strickland,south christophertown,PR,24017,2023-09-12 05:19:53
CUST000648,a6d977a1-b4ec-4e8d-96d1-f5caed174fdd,Diane Steele,  Schwartzborough  ,PR,19255,2024-03-13 22:07:09
CUST000649,734eab10-85e9-454f-855c-f668a3cb9e18,Todd Bishop,new hectorfort,RS,80723,2024-04-04 13:55:06
CUST000650,d3946dc7-a08f-41c6-9688-8e84f346bbe7,Hannah Smith,East David,DF,69995,2024-11-30 09:28:46
CUST000651,5ca59057-9e71-4a56-987e-bca4fa0f01a4,Victoria Romero,townsendborough,PE,36732,2023-01-19 13:43:10
CUST000652,cbeed3e3-1cd8-49e2-b197-91670d95ee72,  Ryan Pruitt  ,Thompsonton,SP,07582,18/09/2023 05:10
CUST000653,35a7ac9b-48f9-4d0d-9d3b-c1d3a5159982,Geoffrey Trujillo,Williamston,DF,70933,2023-08-27 20:24:49
CUST000654,0770d18f-c916-4147-a875-ad5d2d06f862,Mr. Steven Griffith,robertmouth,CE,30655,2023-02-16 12:31:30
CUST000655,3a4fece7-537d-46c6-9c31-aaf3c76aec88,OSCAR KANE,vanceland,SP,62234,2024-12-16 13:47:58
CUST000656,e3f713a7-0de9-4f1b-bc02-24e595c89b2d,Daniel Lynch,South Nathaniel,RS,60497,2023-12-23 02:16:37
CUST000657,5bcc90fc-a1cc-42d8-b1b4-2308b8463413,CHRISTINA MARTINEZ,WEST DEREKMOUTH,MG,60607,2024-05-09 22:33:40
CUST000658,57f498e0-c2a5-4d7b-abd3-d9716b10b786,EDWARD MOORE,New Tara,PE,30608,2024-05-29 12:50:59
CUST000659,8592a38f-db62-41f7-a964-eb1616232e87,zachary vargas phd,alexischester,RS,96993,2024-12-20 06:40:23
CUST000660,53c9aacb-3f71-41ae-bf24-ba6adf629d0c,Daniel Pennington,New Rachel,RS,55259,2023-12-18 16:01:05
CUST000661,fdc419b2-0a41-4919-8b52-46f3faed5777,RANDY JOHNSON,mendozaville,SC,59803,2023-03-26 15:24:03
CUST000662,8ef90060-1545-4c64-bd92-29527ecb002e,melissa russell,East Michael,PE,31835,2023-04-04 18:41:45
CUST000663,0413ffc7-173a-4c96-bfbb-4bcca5cbbf6f,Eric Warner,south stevenberg,PR,92662,2023-12-26 21:24:23
CUST000664,df1e04cb-ca34-4e3c-af58-9a8167c5b29b,JOHN SCHULTZ,south patriciamouth,GO,70089,2023-08-25 06:58:41
CUST000665,c0bd44c0-6d07-4e0b-8bed-523c085ff4d1,Tracy Daniels,PORT GAIL,RS,81825,2023-04-26 04:57:21
CUST000666,eea77ea8-bc5a-4195-95f0-1600e17f348d,tony leonard,  North Patrickmouth  ,PA,81652,2023-02-08 00:30:20
CUST000667,2cde531f-5dce-4d9b-9d96-120d0a76bd91,michele castro,East Tina,SP,31779,2023-11-11 02:25:02
CUST000668,7a7e8c31-a627-4167-9d12-1daf8a257159,Nicole Pitts,Port Julie,RJ,30049,2023-12-25 21:06:37
CUST000669,44719067-e5de-408e-9a4b-4fdb5209eaab,Jenny Brown,MICHAELFORT,SP,66227,2024-10-06 23:15:43
CUST000670,785ca87b-1f69-42b1-945e-087f86d4aba8,meghan patel,shannonstad,PE,88752,2023-10-17 03:03:06
CUST000671,fa63bde0-cf0d-4f06-b177-116df2037633,Ana Mcclain,MILLERFURT,SC,23938,2023-07-21 00:45:59
CUST000672,13b2d1ab-f4e5-40aa-b550-4c5249d2cac0,DONALD TERRY,Hernandezborough,BA,68748,2024-12-01 23:44:46
CUST000673,4b0d2716-05cf-479e-a095-2c4df3bd2348,Michael Huynh,REEDMOUTH,RS,97194,06/04/2023 04:04
CUST000674,3066478c-4aa0-4842-857f-dd20a50a0a29,Shane Hall,robertmouth,SC,86452,2023-12-03 10:37:12
CUST000675,7c743895-5388-4128-896d-525ea5639cf4,Melissa Wilkinson,ELLISSHIRE,GO,17796,2023-11-28 09:35:37
CUST000676,2bf6f6c4-4e76-44e9-8a12-ba49e5f5cdc8,cristina watson,kaylaton,PR,19944,2023-12-13 10:15:20
CUST000677,f4ca6e70-74b7-49ec-88cd-42c05a66219e,THOMAS JOSEPH,Ianburgh,BA,93314,2024-05-17 18:08:38
CUST000678,cb618d75-aa96-4dfb-a79b-265ab15f3994,David Williams,Autumnmouth,SP,34633,2023-03-10 03:14:53
CUST000679,8fff29f7-3485-4fcd-af3b-2b185ea2d56b,MARY SPENCE,west shane,PA,21812,2023-07-13 12:27:02
CUST000680,eba18fa8-1f19-485b-8d33-0569889cd33d,Timothy Mack,Reillyberg,PE,01063,2024-08-30 07:57:58
CUST000681,f9c0fd4d-8bd0-4267-bd0e-01cef85bc2d3,Maria Phillips,Tarashire,RS,87911,2024-12-09 21:31:57
CUST000682,ba81d860-90b3-432d-8cb1-063d25a74338,  Jessica Norris  ,mcculloughberg,SP,89368,2023-09-05 16:18:31
CUST000683,0659010a-4ede-49b6-9deb-979d8d0bb6d7,RYAN GRIFFIN,West Brianborough,PR,76972,2023-02-15 12:13:10
CUST000684,ef87bf0d-c802-4f8e-b8de-6b6e86c45e42,Christina Miller,  Rhodesland  ,SC,67582,2023-06-30 19:00:01
CUST000685,51589375-7d8f-4350-b1c7-7a4464f8f226,KAYLA BROWN,Raymondchester,PR,48949,2024-02-19 12:41:40
CUST000686,48ded8be-031e-4f96-9f71-dcc462d846d0,Eric Griffin,EAST JESSICAMOUTH,BA,97694,2024-03-23 03:40:43
CUST000687,7147f758-cdbe-4548-aa65-66e8fe1ad905,Robert Waller,  Chandlerchester  ,MG,18794,2023-05-17 18:44:55
CUST000688,160934d1-9912-4090-9651-6ec2d5e4157d,  Eric Mcneil  ,Carlshire,RS,99606,2024-12-10 21:49:19
CUST000689,68d26992-01b1-4626-96a4-8bfa60329ee6,Denise Thompson,  Pageberg  ,SC,26618,2024-03-13 18:23:11
CUST000690,4a1a4219-61bb-45fb-9510-8bc02f9e1ddb,Amanda Mckenzie,Troymouth,CE,29929,2024-02-26 01:56:06
CUST000691,276e1d67-00a0-486e-8a8d-5d5a06defca8,Tyler Flowers,MARTINEZPORT,BA,55178,2024-04-12 07:48:26
CUST000692,b0167db8-e823-4943-bdec-46052deb57f9,Alyssa Hubbard,GAMBLELAND,SC,78998,2023-06-06 11:34:05
CUST000693,7b011fdd-94c0-49e0-9c9c-4570bedd62a7,  Sheena Burton  ,mccannville,RS,49417,16/02/2023 06:12
CUST000694,047dd583-9344-4b2f-bba3-16688334e524,Carla Brown,Stevenberg,RJ,47344,2024-10-19 11:32:50
CUST000695,5c75352c-45cd-496b-8d8a-16f329ce9bfa,  Thomas Kelly  ,KELLYLAND,DF,67854,2024-05-29 07:10:33
CUST000696,2ee94ed9-a0c6-4223-8435-9252319dd940,LINDA JACKSON,  Moniqueport  ,MG,36081,2023-05-03 08:05:06
CUST000697,5cce495d-b037-4c52-b2ad-ffa6af793d4a,Kevin Morrow,East Aprilstad,CE,64057,2024-05-19 05:35:50
CUST000698,e92966be-ebc0-45f5-971e-c230697878c1,Daniel Gordon,Port Penny,SC,80904,2024-09-03 06:35:25
CUST000699,86912efe-f3d6-49f2-94d7-b0cab08d1676,Michelle Park,South Stevenland,PE,15779,2023-08-27 07:35:58
CUST000700,0472f9f6-ec64-44e0-a198-6e3cd19fcf31,eric cox,prestonhaven,SP,45333,2024-06-29 06:23:09
CUST000701,075cc8eb-4dff-49aa-b5bb-abce2c15c4ad,Barbara Anderson,Lake Jeremy,SC,16930,2023-01-26 03:39:29
CUST000702,141f746e-fb29-4f36-a155-fba835b823e4,  Phillip Rodriguez  ,Port Toddchester,SC,06073,2023-06-21 13:47:09
CUST000703,cb05aa14-0865-4a6e-9b99-eb8332440f07,LESLIE HARRISON,Bradleyport,RS,88002,01/08/2024 22:12
CUST000704,c8497436-18b4-45b1-812a-34f402a13629,  Lance Matthews  ,  East Ellen  ,GO,04336,2024-11-18 15:33:56
CUST000705,bf06d520-d88a-417b-a543-38df173d5030,Tiffany Bailey,Port Vincent,DF,95994,2024-11-19 16:25:10
CUST000706,91faf1c7-8141-4b37-bde8-14ac9ceab67b,ROBERT HINES,lake james,DF,37444,2023-02-22 15:47:10
CUST000707,89811f35-c107-40bc-a6d3-35722bf95861,Nicholas Glass,Richardsonshire,SP,24765,2023-10-27 18:23:20
CUST000708,1b799e6b-f52e-44a6-ac6c-2e1b708df094,Henry Gray,new jeremy,PE,15291,2024-01-18 23:42:52
CUST000709,1fa54251-5074-4c13-bc0f-94cdc2ebbaa2,  Joseph Simpson  ,  Janetside  ,CE,95152,2024-09-04 14:59:33
CUST000710,7e63f654-53ff-4f1f-950e-33880a6552a5,Drew Burke,Gloriamouth,MG,30106,17/12/2023 12:36
CUST000711,fc267da6-4a64-4fc1-a843-a5c38dcd6e9b,Chelsea Jones,crosbystad,RS,24001,2023-07-22 19:46:23
CUST000712,7ddcaaf6-ac95-4db1-bfac-54fd0345eeda,JENNIFER MILLS,north douglasfurt,PE,91600,2023-05-05 23:28:37
CUST000713,bdce7f65-1a0a-4680-ba42-156e972ec23e,Vanessa Brown,West James,RJ,53491,2023-09-20 11:51:19
CUST000714,6cb96a2c-d68e-41f0-bb9d-58321f6d5768,Diana Reeves,Katelynfurt,SP,47175,2023-12-02 00:26:58
CUST000715,f33c4c36-9a69-4cad-aaab-583079cfc04f,john ramirez,Rodriguezview,MG,64639,2023-02-11 14:21:05
CUST000716,f14152c7-a0dc-4c7d-bb17-23197f4d55b9,brett brown,south erikaburgh,DF,50653,2024-03-06 09:24:15
CUST000717,2719bfdb-53b3-418b-ade0-56489ac60306,Marcus Wolf,sparksborough,PR,38978,2023-08-19 23:56:59
CUST000718,813a3aa5-7d81-4c21-bf76-4fcea97ef131,GREG HEATH,Port Anthonychester,CE,16116,30/04/2023 07:07
CUST000719,da55f825-5086-4384-b33a-c54f62359144,JOE JOHNSON,NICOLEBURGH,GO,64920,2024-04-30 12:32:23
CUST000720,b739a28a-4ffd-4b7a-a26d-d24f6e411e23,phillip carroll,KELLERSIDE,MG,75501,2024-05-10 16:44:10
CUST000721,dab6c73d-8fef-487b-b9d5-4e9f78460474,ANTHONY BAKER,Jensenstad,PR,37782,2024-09-01 15:09:35
CUST000722,97289c5e-0734-4403-8fb9-7b5d520b28f6,Russell Bailey,Port Patriciamouth,RJ,50383,2024-05-13 13:15:23
CUST000723,fdf02450-585b-4b17-ad9b-1eb118ebeed7,gregory stanley,East Deborah,RS,78165,2023-05-25 22:09:29
CUST000724,10c49f9e-b020-421b-a90f-413715bebdd0,ashley jackson,Benjaminchester,BA,74956,2024-10-12 04:16:44
CUST000725,444122a5-6bd1-4826-a6c2-cbb783c74cbe,JOHN JOHNSON,Nicholasfurt,GO,42761,2023-03-17 02:40:03
CUST000726,7d05121c-ceee-4d65-9904-8ca79291e493,  Michael Rogers  ,Garrettport,SC,48123,2023-06-26 17:08:42
CUST000727,7f383a3e-33a6-4403-af9d-1d74f82c6ad8,Valerie Jones,West Joseph,PE,39471,2024-02-20 22:42:43
CUST000728,cdfa76af-66eb-43b0-92d2-408eff08c739,Patrick Davis,New Matthewland,BA,74743,2024-01-05 22:10:20
CUST000729,6d56cfd5-79ab-4018-87f3-c9a4cd1a810d,Robert Pearson,Williamport,SP,57243,2024-01-25 23:50:59
CUST000730,33383ec9-5037-4669-8a3a-0129a9d84c4f,David Robertson,North Courtney,SC,68163,2023-04-25 12:37:24
CUST000731,7fcbcf31-93ac-409a-afc1-0403dcda8cc1,Victor Harmon,adamsside,MG,81034,2023-06-14 13:55:07
CUST000732,6f089155-e826-4484-84e4-fe52da4f706b,MOLLY BROWN,West Steven,GO,32007,2023-12-05 04:19:06
CUST000733,c3f9c78c-af70-4164-bf16-44542685602c,Jeffrey Flores,LAKE JAMESCHESTER,SC,35488,2023-07-20 07:21:00
CUST000734,291c0da1-a563-4d3a-897b-c13bd2deb47d,Kyle Sullivan,East Jamesbury,RJ,41204,2023-10-29 10:41:33
CUST000735,fdc56285-8f50-411f-bc42-049476d32b96,Matthew Johnson,West Derek,PA,34369,2023-12-22 20:40:07
CUST000736,a89ea4df-471c-40ae-8db4-adabca27cd69,MARIA WILLIAMS,Caseyton,SC,11501,2024-02-10 21:15:42
CUST000737,ddfef849-4c48-4cfc-9a02-70da505c1021,TROY MOSLEY,SOUTH SHERRYBERG,SC,31439,2024-04-01 15:53:11
CUST000738,80104995-bc06-486b-922b-4fb21ca79972,Kelly Calderon,TYLERLAND,RJ,31706,2024-03-13 01:11:07
CUST000739,ce830e27-c5ef-4670-9f4d-88ce998de3d8,Ronnie Mclaughlin,South Jeffery,RS,14501,2024-11-12 21:07:19
CUST000740,4648bbe8-f84c-47a9-b6cf-d2d52cd6e8df,David Lawrence,Fergusonville,SC,41983,03/01/2024 10:13
CUST000741,aec7f267-7990-4a27-ac7c-eeb78bb5f242,donald mueller,WEST THOMAS,SC,48701,2024-06-12 19:16:17
CUST000742,a538c6a7-0565-4e80-8ee4-5227d2450039,LISA SKINNER,Lake Samanthabury,RS,33659,2024-06-20 08:06:33
CUST000743,a3922a4e-4f2c-486f-a27b-0edd8d7f9371,Heidi Burnett,New Michellemouth,RS,51418,2023-01-16 17:10:06
CUST000744,649a0bf9-f5f3-443a-a8e7-f03002038340,Tabitha Turner,  West Jason  ,CE,21502,2024-10-28 14:39:21
CUST000745,5132fe68-a1a0-44a9-b058-3380ea77d1d6,PAMELA SULLIVAN,West Michellefort,MG,62247,2023-08-22 09:21:41
CUST000746,d7567d35-ed2e-4bea-a9b7-d533bca83a82,Jay Sellers,Port Ethanview,PR,66867,2024-07-20 01:48:20
CUST000747,9a244525-6bbe-4bd6-9a13-41e710fd7164,Kimberly Murphy,port brettburgh,BA,83096,2024-12-10 11:37:17
CUST000748,22d6f0a2-a41f-4d38-8a80-3df87182fcf2,Curtis Torres,North Erichaven,RS,94029,29/09/2024 16:52
CUST000749,a630b287-d4a3-4a51-8481-ea69f83bf029,Sarah Jennings,SHANNONBERG,DF,34668,2024-01-29 15:20:55
CUST000750,d3a71b83-97d0-4f8f-affd-d43b2c691f04,Douglas Miller,Hunterfurt,SC,75263,2023-01-23 11:37:58
CUST000751,05e15e2f-f2b7-4922-854e-dd713977fd2f,Maria Sims,south jamesburgh,SP,07026,13/07/2023 18:50
CUST000752,99b3568d-6dcc-4c60-9e35-836f66aa394c,BRANDON RICHARDSON,  North Jenniferchester  ,BA,59969,2023-08-01 19:18:38
CUST000753,1e56d346-7e80-4d05-ac71-b531d3c724e8,Dale Shah,Keithfort,RJ,50580,13/06/2024 02:00
CUST000754,34e420bf-db38-4306-ae6a-3d5b2154be4a,  Whitney Campbell  ,South Henry,MG,19630,2024-11-07 02:56:15
CUST000755,43054a31-f9e3-4905-8a4a-15ea075dacd4,Jerry Wright,  Millerfort  ,PR,17960,2024-08-04 17:38:50
CUST000756,b169fded-f972-4977-92c0-3f9bdf16eb70,DANIEL REYES,FITZGERALDVIEW,SP,10076,2023-05-07 12:48:50
CUST000757,0d574085-0f0a-4450-8e97-8ce118643b6a,David Odonnell,north jonfurt,BA,40151,2024-05-17 20:02:09
CUST000758,5ef361c2-abd7-43f1-a50a-d9aafa3f012e,steven williams,West Geoffrey,PA,65098,2023-01-16 13:48:10
CUST000759,77d468ea-e0bd-4765-96d4-4952ee29e80e,Evan Moreno,West Darryl,CE,06289,2024-12-08 23:52:45
CUST000760,df266424-7fcc-4456-a0bc-2fa0fa801062,diana ward,Campbellview,BA,80839,2023-07-16 00:53:55
CUST000761,4385a3e3-ed3d-4159-82f5-da5fd45ff4db,Jessica Martin,Gallagherberg,DF,73334,2024-05-14 05:32:52
CUST000762,a2fba345-a84c-4488-ac40-14c6da6069f3,Amy Hernandez,East Barry,CE,34609,2023-07-15 17:35:47
CUST000763,6fb9de37-7796-448f-b4b9-fb7329debccc,  Steven Simpson  ,Kellyside,SC,64097,2023-11-05 11:27:35
CUST000764,d888dcb6-1ccc-43c1-be34-7f69752fbd7e,BRITTANY BAILEY,Port Justin,RS,22559,2024-03-12 02:19:09
CUST000765,45d5aacb-d294-400f-823c-a34abffbd93b,Mary Lewis,new katieburgh,RJ,55081,10/01/2024 04:15
CUST000766,c4ac41b5-3f04-4c7b-93ab-7d2ceba0330c,Mr. Gary Mitchell DVM,South Nathanielville,PR,42907,2023-07-22 20:07:52
CUST000767,75d1d776-14c0-4f6d-8764-51d3275dd459,Mary Gibson,Brooketown,BA,43679,2023-04-27 10:53:04
CUST000768,9f534d9a-a7fa-4009-8b39-8e89f842e163,erika dennis,EAST MICHELLE,SC,84864,2023-11-10 20:56:26
CUST000769,0e378b07-cc53-4c3e-92bb-530d486fac8f,Kimberly Guzman,South Jonathanbury,GO,52787,2024-01-22 07:42:05
CUST000770,354e15ec-da33-462c-8540-46cc16d50b84,richard mitchell,North Kenneth,PE,57171,26/07/2024 05:40
CUST000771,4f62cc9d-ebf4-44d0-8e6d-29bfbc633d6c,Lindsey Howard,Port Michaelborough,BA,64676,2023-09-24 13:05:50
CUST000772,79f7f38c-6359-45ce-a2aa-6dc77208838e,kyle davis,Shepherdburgh,CE,57400,2024-12-05 02:52:43
CUST000773,0a5a2698-17cb-47b8-ad0f-74e6a174a785,  Valerie Rhodes  ,  South Alison  ,MG,85334,2024-10-14 22:38:27
CUST000774,77dd362b-4a6b-436b-957f-108b86514886,Terry Woods,east gabrielle,CE,39876,2023-04-10 09:03:05
CUST000775,6d7fd4e2-85e9-4c6c-bfa7-c199d76f0813,Anthony Jones,New Danielchester,MG,54636,2024-06-11 22:45:24
CUST000776,b8663c7c-a92d-4f4f-b6f3-ba5018302082,Dawn Scott,port wesleyville,BA,97561,2024-08-01 01:04:42
CUST000777,c942e6e8-2df7-41e0-b67f-3c15a95d3271,James Miller,Leemouth,RS,99768,2023-07-22 09:10:34
CUST000778,cece36ae-9fb2-49b1-b32f-c932ab962697,Vincent Savage,EAST JACOB,SP,98415,2024-11-03 22:44:34
CUST000779,df22367d-4262-448c-9aa3-3580fb708dd7,Jessica Smith,Wilsonburgh,CE,86458,2024-11-21 20:06:12
CUST000780,67b41520-b11a-4696-b5cd-3e5c7a248720,TRACY GUZMAN,Turnerstad,PA,91027,2023-08-20 17:45:15
CUST000781,acd380ef-b0b7-40ab-b690-72cfac7e5cc6,Eric Martinez,east danieltown,BA,91731,2023-09-24 03:49:46
CUST000782,06dd5e19-dbe8-4664-b02f-420ef87405ca,Matthew Santos,Wilkinsonside,CE,25524,2023-04-22 05:53:30
CUST000783,76a30eb0-c50c-41f4-8d08-f416160a3a13,Javier Wilson,Lake Jacqueline,CE,64077,2023-09-16 08:39:44
CUST000784,73137fa5-dc1b-4eb1-8506-536c78b3842a,christina hudson,Williamstown,SP,13957,2023-12-18 02:52:58
CUST000785,6e89a7a8-b68d-4037-98fe-3fb8a1628abf,Sarah Mclaughlin,benjaminfurt,MG,64215,2024-01-16 06:22:42
CUST000786,9c8af485-b980-40a6-974e-598d836b47c3,Susan Dillon,LAKE BRUCE,PE,02993,2024-05-07 01:03:49
CUST000787,8da22a39-50db-4e34-938f-2b906c087d6c,Steven Butler,Wilsonstad,SP,59263,2023-01-30 07:15:03
CUST000788,294d25fc-0553-4a50-afac-c50db2904e73,Corey Cooper,New Jeffrey,RS,90281,2024-08-10 20:39:51
CUST000789,da7bf28b-9a23-4be3-abf6-dd3256d2bb12,mary anderson,Jenniferfurt,GO,55139,2024-07-23 19:21:20
CUST000790,a70a409d-ac50-4260-b0f2-4933d544c79b,Rebecca Marsh,  New Jared  ,MG,91032,2023-03-21 18:37:12
CUST000791,7b9ea9eb-aac4-463f-9610-ac0abfcf214e,Curtis Obrien,port robertfort,SP,40301,2023-08-20 14:53:34
CUST000792,0c0b6cd1-8e8c-41d8-b59d-65ae3c1689c2,Mrs. Debbie Rhodes MD,Port Brycechester,PA,15439,2023-09-20 09:42:13
CUST000793,8fde042a-1ee5-4930-ba08-5f6a9e189a98,David Peterson,KAYLASIDE,CE,35561,2023-10-07 00:55:18
CUST000794,b0acb9ba-da78-44c5-a6b3-a03ae57513a5,lindsey garcia,South Laurenville,PE,14380,2023-01-15 20:30:39
CUST000795,c83b6467-9c12-47d2-9c4e-7b65c81a5f0f,Ashley Hart,EAST CRYSTALBOROUGH,DF,47901,2023-01-18 00:29:34
CUST000796,b54a31ba-4ac8-427e-ba75-1921283348ea,jonathan oconnor,  East Deborahmouth  ,GO,18559,07/09/2024 06:19
CUST000797,70696977-33af-45be-993d-87221f7bd82f,Patricia Smith,petersonhaven,PA,22948,29/04/2024 00:04
CUST000798,b717548d-5f57-4d27-8419-99b615d1e2f8,Heather Ortega,Port Karen,GO,55776,11/10/2024 10:24
CUST000799,cd40b648-2353-48a6-ba6a-22d9c986f893,Thomas Villanueva,Sherrymouth,PE,19583,2023-04-06 23:58:44
CUST000800,ce6631cb-b7b6-41ee-828b-ffb6c528ac36,Andrea Morgan,holdenburgh,DF,57395,2024-06-16 15:07:14
CUST000801,097ef98d-c25a-4eb3-a4ad-19050fbc6377,  Margaret Orr  ,Lake Tinahaven,GO,39262,2024-02-09 03:16:01
CUST000802,ae4d8a19-e2c2-4a24-a6e9-a80e6b579789,Shelley Griffith,REGINATOWN,RJ,37172,2024-02-02 08:37:53
CUST000803,eba2a67c-9c43-4e67-871d-5bfce67410de,JARED SCHNEIDER,TERRYFURT,RJ,26360,2024-01-22 14:31:43
CUST000804,0976e09f-1593-4f42-8d31-29b3e1878e93,jean higgins,new victoria,PA,37715,2023-06-06 15:27:38
CUST000805,8d41d660-82fc-4908-97c3-05fc36b74e27,Glen Reid,north pamelaside,PA,78161,2024-01-21 12:43:20
CUST000806,c62f3461-d50c-457e-bdc8-719c4239850b,Jay Wagner,Port Nathanhaven,BA,46962,03/01/2023 03:02
CUST000807,a6a5790a-c1ad-498a-8c38-38a51fb235c4,JOAN ARMSTRONG,SOUTH MATTHEWBURY,SC,98249,2024-06-03 15:28:21
CUST000808,b6f31d02-90ca-4ac3-94e3-552bfd2f1be9,Lori Ferguson,West Kevin,RJ,87915,2024-07-16 00:12:12
CUST000809,92a0c677-b700-43c5-90a9-0840c8e7f2f6,Michelle Stone,North Mark,CE,76833,2023-08-18 22:15:12
CUST000810,5c7c0778-c74f-454f-92a5-d216314b4d36,CHARLES SIMMONS,Millerton,SP,56191,2024-10-23 23:04:01
CUST000811,36fc1c46-79eb-48bb-a14b-d473e3755867,Jacob Fox,  Wigginsshire  ,DF,65883,2023-04-01 00:33:08
CUST000812,70a91477-ff1b-454d-ac65-659da2ef1e21,Theresa Dennis,COLONBERG,MG,66795,2024-05-30 05:50:02
CUST000813,752caa97-b60d-46a3-bc19-8515208b326a,  Michael Boyer  ,Lake Jasonfort,SC,04774,2023-07-28 09:38:58
CUST000814,8f1c5f8c-f1ae-4af9-a826-a561bf1a61d7,TREVOR GUZMAN,Rodriguezstad,MG,75443,2023-03-30 09:58:56
CUST000815,273ef6f4-85d4-4f0f-8a4f-ee3b4a229ba5,Eric Brooks,toddberg,PE,19131,2024-06-19 20:42:48
CUST000816,0c746518-6bf8-43df-96f1-9d54c8a6a005,Elizabeth Campbell,Port Jodi,MG,00774,2023-03-29 19:31:37
CUST000817,114be8ca-5941-4ea3-8c2b-678e1f50e1aa,Jennifer Berry,Mcculloughfurt,MG,62790,2023-03-22 13:21:08
CUST000818,9b0fcaa7-d56c-478f-b854-1d6ad59f2b69,Charles Fields,Contrerasberg,GO,95903,2023-12-07 07:56:48
CUST000819,9ff0f466-ccc0-4446-96dd-58af53415fe2,  Jennifer Hall  ,  Morganton  ,SP,88377,2024-10-31 23:34:40
CUST000820,47020de0-bc64-47e9-b16e-c0b6e3d9de7f,Sharon Mann,Annville,MG,84900,2024-01-11 05:15:26
CUST000821,f485e944-3142-40c7-95cc-861a8f31bf2e,LAURA BROWN,Port Thomas,SP,02947,2023-02-19 04:40:10
CUST000822,8827f0b5-efa9-4c7e-a883-5c661ecae0c0,  Albert Buchanan  ,Port Janice,GO,76464,2024-02-12 15:18:53
CUST000823,889654b2-ce92-4059-95ab-7cd271b905c8,Jennifer Williams,West Samuelchester,GO,03654,2024-11-09 04:34:32
CUST000824,61cb78c3-513f-49a9-8724-91cadc11eb13,Brian Garcia,West Douglas,RJ,33997,2023-12-03 04:52:11
CUST000825,4e8a10cb-277b-41ea-96f1-e5cbc4af9dc9,meghan brown,  Howardton  ,GO,39563,2024-05-13 04:38:44
CUST000826,24784b7d-51ee-4cc8-9947-4d1a63d316c1,Frederick Bennett,North Jamesshire,SC,31498,12/02/2023 09:11
CUST000827,8121c051-c09c-4132-8235-00f97e33e68f,Brian Brown,Tranland,CE,63962,2024-10-23 16:01:45
CUST000828,3bd66a06-a22f-4331-a851-83410766699f,alicia spencer,East Kathrynberg,RS,40427,2023-07-07 02:32:56
CUST000829,157b0495-722b-44aa-a820-802591788bdd,kathryn patton,West Amber,PA,22545,2024-05-14 16:18:14
CUST000830,f3de6bc2-899b-4f4b-bec2-e72ac832b3f0,Thomas Hayes,PORT STEVENPORT,CE,86098,2024-09-14 08:35:34
CUST000831,0f67a174-0023-44e2-aad9-8682f8da5a79,KAREN HARPER,Kiddborough,RS,77198,2023-04-03 04:51:21
CUST000832,0ba4e32b-4804-444c-82a4-e22ed7371450,Joseph Jones,SOUTH HOLLYBERG,PE,95537,17/11/2023 06:32
CUST000833,e0d6e969-478a-443a-bfb2-bfe18e7569bc,Leroy Bernard,Nicolemouth,SC,83753,2024-04-25 20:13:46
CUST000834,b52f5f46-c0b0-4dd0-bac9-b5b642e88605,David Bird,Jasonmouth,GO,02581,2024-06-05 13:11:22
CUST000835,a57d4eb4-223b-49be-b11c-c20ee9fd1972,  Lisa Smith  ,Lake Glennside,BA,91791,2024-10-17 19:13:04
CUST000836,648df4c0-c330-4c14-bd2d-93e8b40b7288,Rachel Banks,New Anthonymouth,CE,88613,2024-07-10 15:28:28
CUST000837,d0126e91-f8d7-4cbc-9a5d-dcc51f982a0d,Kyle Hughes,NORTH STEVENBOROUGH,GO,58772,22/06/2023 05:39
CUST000838,05106943-be3e-46f7-b8b5-95b90265a223,  Melanie Fletcher  ,North Lisa,PR,82452,2024-03-01 09:41:32
CUST000839,389d2267-b7c2-4d94-8ef4-40984d9d1bb1,Johnny Cox,TREVORBOROUGH,MG,01436,2024-01-18 11:24:50
CUST000840,a3708c7f-d235-45df-bbf8-b1fe3232be72,Sergio Carroll,Jacksonborough,RJ,86987,2023-07-17 12:17:46
CUST000841,aeb0b110-ac13-4249-90d2-2d54bd22f7fc,casey chapman,East Jordanshire,PE,30380,2023-06-17 10:52:46
CUST000842,c841b6a8-ba99-4da0-85e8-9165e1896b25,Ryan Johnson,Erinmouth,RJ,00757,2024-08-11 02:17:12
CUST000843,ac504475-a416-4dd1-ad57-5fd1f019955f,Amber Mcmillan,Richardchester,SC,36419,2023-04-06 16:58:19
CUST000844,77723a5a-84ae-4fbe-ae1f-d9571f28e417,Joseph Williams DDS,West Samanthaside,PA,59334,2023-04-15 13:47:49
CUST000845,31d1d6cb-6450-4d3c-8152-1e6050f53bd8,SPENCER AGUIRRE,Lake Rodney,PA,10258,2024-12-27 11:24:36
CUST000846,2a1b76e3-3266-44ff-bffe-f652eac032fa,Arthur Garrett,South Ryantown,MG,78165,2024-06-21 08:25:00
CUST000847,5594d9c6-ef60-450e-a055-01d3cc16ab4e,Danielle Wells,MARISSAMOUTH,PE,68615,2024-05-25 17:05:41
CUST000848,12aa48cf-f18c-4581-bc9b-3b84cb4addc6,Lisa Duran,Rileyland,PE,08455,2023-11-22 04:28:35
CUST000849,503314b1-609c-47af-8889-360feaadcb2f,Melissa Patton,Port Scottport,PR,80551,2023-11-06 00:50:03
CUST000850,1a115f59-10d7-4164-ae8d-0018a04dac84,Kristin Phillips,Moraleschester,MG,31055,2023-04-18 07:51:43
CUST000851,a8e3ac9b-c997-42fa-997d-cd9add554b7d,Jody Marshall,Hobbsville,PR,45015,2024-10-16 20:02:47
CUST000852,c86e0b55-acff-499f-b005-8f9aa6a2c945,Joseph Matthews,North Alexanderland,PA,78211,2024-05-06 08:12:25
CUST000853,e784cabe-3190-48f4-973d-52baca1731d0,mandy scott,Olsonmouth,GO,24870,2023-09-26 04:44:19
CUST000854,0b483935-cc09-4e64-a33e-84ac3e3f3da0,ERIC GRAHAM,Larryside,MG,19588,2024-01-27 09:15:16
CUST000855,9a73cd2f-4f05-495e-b832-b59c25bc99ae,Jacob Smith,North John,RS,73829,2024-03-12 17:39:46
CUST000856,5804550b-6c0c-42f9-8dfa-be46dbd3e865,Curtis Kerr,West Jaimefort,PE,91567,2024-06-07 16:48:34
CUST000857,998a05a8-77a7-4ed0-bb5f-5290b11c7dff,Sarah Knight,christinachester,PE,43573,19/09/2024 19:53
CUST000858,e04872dc-744d-4442-9ad7-4fd4298b2e78,AMANDA ROBINSON,Lake Jeffreybury,SP,61650,04/06/2024 14:26
CUST000859,7b122ee5-3d30-4a07-b690-3edb9fb938e0,tiffany rivera,Harrisburgh,PR,01382,2024-06-14 19:19:08
CUST000860,5b9e75f4-12e0-4b9c-8288-49d95ce195be,Brian Roberts,Lake Brenda,PR,47675,2023-06-08 10:51:08
CUST000861,32f9b771-0799-4940-b9ad-de7d0b3d58ad,CHRISTOPHER MCCLURE,West Melanie,RJ,32740,2024-04-23 13:06:03
CUST000862,2d1368f3-0580-4066-b22c-3dae2db4e428,Susan Smith,South Diana,DF,15045,2024-05-17 15:10:50
CUST000863,4e19392b-35d2-4dea-afa5-2c8a56a04943,jacob watson,New Tiffany,DF,82185,2023-08-12 09:58:23
CUST000864,b6004df4-e0de-4676-af08-2598e1b4b7ef,CHARLES GLASS,East Amanda,PE,91511,2024-09-04 03:27:49
CUST000865,6df65800-997c-4dc9-9165-46ca5fcf3219,  Dana Williams  ,Port Amanda,SP,19973,2024-07-31 15:00:46
CUST000866,a1243bea-0da2-4154-bf46-a43a53e2e047,Shelley York,Clarkland,CE,62192,2024-10-06 16:00:48
CUST000867,109b851a-9d69-42c9-a9db-47b9ca7ecb33,James Khan,Victormouth,RS,23962,2024-08-09 12:13:40
CUST000868,868592d2-5fb6-4406-b665-8a3452630028,Michelle Simpson,biancashire,DF,85663,2023-05-31 07:03:31
CUST000869,e51728b2-3832-4fc1-b50b-0860095ee97c,scott foster,Ronaldfurt,MG,75391,2023-05-15 23:46:33
CUST000870,5fc57ff4-d7a9-48ea-af7c-db39283edeec,BRADLEY WALTON,SEANSTAD,PR,30670,2024-03-08 07:45:01
CUST000871,83239ba9-771a-43fe-8a88-57a5957e8c66,jessica mcdonald,Richardsonfort,SP,42053,2023-09-14 18:08:13
CUST000872,2df80502-0653-4e85-a1e3-0fb445e49a9e,Derek Jones,WEST MEGANHAVEN,RS,72151,08/04/2024 14:39
CUST000873,46c3c90c-c92e-4e01-9402-3a93a4c688ec,Annette Jones,New Jamesborough,GO,88988,2023-08-22 21:55:57
CUST000874,bec62bbe-4d7e-44b1-8001-8cbe54492845,Melinda Hill,  Port Karen  ,DF,97470,2023-09-04 21:19:16
CUST000875,022f46bb-42d9-45d7-a991-e6d58b0a4802,Diane Reed,Bautistashire,PA,99828,2023-05-04 18:52:52
CUST000876,a7728290-78d5-40ef-830b-4532a7c24c68,Paige Hernandez,PEREZBOROUGH,BA,62686,2024-11-17 03:42:31
CUST000877,c935a278-9645-4ec1-840d-214b3bd54863,  Julie Olsen  ,  Latoyamouth  ,BA,25122,2024-08-07 14:31:08
CUST000878,b2ac4768-f122-4f43-8527-4f356dc56044,Jeffrey Farrell,West Donberg,GO,40552,2023-01-07 20:06:46
CUST000879,7ff2e80a-027a-46dc-bce0-caeff17fa5c0,  Sandra Morgan  ,simmonsfurt,GO,91008,2024-04-21 16:13:03
CUST000880,9642b052-5379-4279-8cb5-062589a06a99,richard weeks,WEST ASHLEY,RS,79537,2023-10-24 05:18:02
CUST000881,ddf01771-92e9-4765-9b9b-3926e9eba9fe,James Fry,New Paulfort,PA,14740,2024-07-16 07:53:00
CUST000882,7397d1a1-f641-4405-91cb-bc49542ef29e,Elizabeth Jackson,North Margaret,RS,79585,2024-02-04 11:24:56
CUST000883,32f194d8-2fcb-4dce-86de-e37b7d15c353,Victor Campbell,WEST DONNA,GO,09673,2023-05-30 12:41:27
CUST000884,84be7e1c-5e5f-4eaa-8eb5-40787464d6f2,GABRIEL BROWNING,MOOREVILLE,PA,17427,19/02/2024 03:40
CUST000885,be3e9a90-7a6e-4aa5-ab1d-20b98954fc3d,TROY GLENN,Port Jamie,BA,57150,2024-11-02 19:51:09
CUST000886,798b2f02-aa2f-49d1-b5ad-09f5d161a381,Kenneth Collins,new jennifer,DF,60657,2024-11-13 10:59:06
CUST000887,fdb7c107-01e7-4de7-b3a2-ca5f46834cc5,Austin Ross,New Mark,RJ,75110,2024-08-03 03:03:14
CUST000888,76733597-75cf-4755-bdaf-76e7e115d52b,NANCY ROBERTS,Reedport,SP,51761,09/03/2023 23:30
CUST000889,d98f5e83-cf5b-494d-92cc-48539cef5ef4,david yoder,ellisburgh,RJ,92057,2024-03-22 14:04:26
CUST000890,b2da61f7-64bf-476d-9874-ed7d9190c53f,Cynthia Harrell,Nicoleside,CE,38759,2024-05-04 12:06:04
CUST000891,b2b302d3-1116-4039-aa92-659baaaa077f,  Stephanie Kerr  ,Riddleside,RJ,16390,20/02/2024 10:02
CUST000892,c161b06c-1397-4542-9e65-3990fecd0ded,Randall Nguyen,MARTINBOROUGH,DF,66831,30/03/2024 20:31
CUST000893,12bcf090-06d6-4ba7-b650-9bcd0b6d35d7,Megan Murray,  Julieborough  ,PA,52493,2023-03-24 10:30:35
CUST000894,1d5bd8b0-4027-4283-82bf-af1c09ab99a3,Breanna Santiago,Washingtonland,PR,11320,2024-08-17 09:44:44
CUST000895,b6ad478c-3e06-4427-a832-a2288c65d01b,Brenda Hoover,East Mary,SP,80060,2024-01-04 03:46:14
CUST000896,1fc8628d-4b4d-4079-ad5f-60d919bb5bf0,jeanne jones,Lake Joshuamouth,PA,47436,2023-08-18 02:47:49
CUST000897,08d16094-b6e3-491b-b777-d8232d8d7db8,KIM RAMOS,Port Cynthiahaven,DF,84519,2024-05-18 06:29:18
CUST000898,e5a2709d-a8f8-487b-b766-ac85a99c37b3,Michael Wallace,North Kelseyborough,PA,33229,2023-04-20 19:23:59
CUST000899,3332432b-3d10-4a95-a8a4-42385fe8b710,JAVIER HAYS,Loriland,PA,29411,2024-03-01 06:36:50
CUST000900,cc0338d3-18ba-4cc9-a1dd-7fdff5705436,  Mary Ramsey  ,South Williammouth,DF,42795,2023-09-25 01:51:33
CUST000901,9fea97cc-3086-4fe3-a075-13728fe2c74f,Joshua Mcmillan,East Jasonstad,MG,42885,2023-05-06 00:24:24
CUST000902,a76c11cb-66f2-4d1d-83d6-af3f2c727675,James Ellis,lake lisastad,RJ,06260,2023-05-21 20:45:28
CUST000903,693da46c-37f3-4aac-a2ad-828b113c9f25,Kyle Bird,LAKE AMANDASHIRE,PA,22974,2023-12-25 06:36:23
CUST000904,9990e4a9-1841-4e07-b583-4c69407f2654,MARK PRICE,West Gregory,PR,90629,2023-03-18 06:37:31
CUST000905,aa97435d-d9ff-44eb-ba5f-9e725166488b,Mr. Lee Richards,Dixonbury,RS,66485,2023-04-10 14:06:12
CUST000906,03671560-fd06-475b-b462-931f966456be,luis mosley,joelchester,RJ,99754,2024-11-30 03:25:36
CUST000907,0f571d6b-1452-4130-9ea8-ffe33e59034b,Jonathan Harris,  Harriston  ,GO,31704,2023-08-26 10:12:14
CUST000908,fd11b3ff-991b-449e-b9ad-d00aec648a9b,nancy murphy,Lonnieton,RS,68772,2023-11-29 16:13:42
CUST000909,a5e65ec4-6a36-4425-ba41-dd2ecab21438,  Nicole Perez  ,Matthewborough,DF,71189,2024-07-28 15:10:25
CUST000910,aa3dd585-eaec-44e0-a819-09ce0dd7cac2,rebecca horton md,  Boydburgh  ,GO,58482,2024-07-23 07:36:11
CUST000911,deaf9631-108a-4b5c-818c-0313a1396d49,Troy Williams DVM,East Christopher,PR,78178,2024-01-14 05:48:16
CUST000912,ee8b46d3-cb94-4541-94ca-e4328c813e53,jordan simmons,Collinsborough,PR,32603,2024-10-28 23:34:57
CUST000913,3fbc75e0-9b19-4112-ad2a-e08e6c8c5d0e,Kenneth Faulkner,west michelle,DF,63569,2024-11-19 10:29:50
CUST000914,5c0d8fcc-f8f9-40bd-b375-99aa147bed20,Christopher Alexander,Wolffort,PA,03097,05/05/2024 14:22
CUST000915,daa282b4-6d69-488c-a1a4-b230c30dcc74,Terrence Evans,New Jessica,SC,34224,2023-06-15 06:08:47
CUST000916,741f5545-4e4c-41f6-b6b1-d8fa61652fd3,Justin Castillo,Derrickfort,PA,26153,2024-01-02 16:39:19
CUST000917,0111fa05-308b-4146-aa87-9f65279c058a,JONATHAN SWANSON,Sullivanchester,SC,52228,2024-07-23 12:20:19
CUST000918,625046c0-5f86-4c8e-be00-6ccbf8723487,MARTIN CHAPMAN MD,North Paulshire,RJ,21782,2023-11-05 04:36:41
CUST000919,f5044d15-6fb1-48c2-8350-bf4f31b8f079,THOMAS BOWEN,reidstad,SC,91786,2024-06-15 09:41:51
CUST000920,ed305556-62a5-4193-a6a1-cc2b0ec5bad7,David Woods,Crystaltown,MG,91919,2024-03-15 21:39:51
CUST000921,42e6918c-25db-4e8d-a534-9425aa69b7f7,Terry Hernandez,New Beth,DF,87349,2024-07-22 13:33:08
CUST000922,1de20f2d-0328-4b00-a953-4ea7d76d9612,  Maria Rangel  ,mccarthyland,CE,68466,30/06/2023 00:07
CUST000923,6c461d48-e041-40a3-b056-b87fe8f26d63,  Jeffery Holt  ,WILLISCHESTER,BA,99127,2024-02-07 06:04:49
CUST000924,de922cf1-ba47-480f-aca0-4629e05bc7ea,  Mark Frank  ,Lisaview,CE,98638,15/11/2024 17:19
CUST000925,65e1605b-bf8f-433e-ae15-95cf35a37765,Abigail Jackson,  Smithland  ,DF,91768,2024-02-09 23:05:43
CUST000926,a78eb37c-6ab6-4dbf-8663-e8bb6af7895b,jeffrey thompson,Lake Dennis,SC,64263,2024-02-27 19:25:14
CUST000927,1c3892e8-f2cf-4d63-80ab-4b7f2e968660,  Robert Lopez  ,  Lake Ianborough  ,SC,34494,2024-05-22 11:04:33
CUST000928,68a69e71-df22-4246-a6fb-61d3fba26c21,THOMAS RODRIGUEZ,north kelly,BA,50010,2024-02-06 01:52:03
CUST000929,579744ba-1073-40cb-86d9-e34d1feb21c7,David Washington,  North Brucetown  ,CE,87706,2024-11-20 02:05:01
CUST000930,0ab74b5d-fcd4-4681-8a09-7b17951b2503,Joseph Smith,SARAHFORT,MG,99710,28/06/2023 15:20
CUST000931,56282768-6df0-4c3c-9ab8-180f56479889,Steve Key,west elizabeth,MG,50103,2023-05-03 05:21:13
CUST000932,5b24bb54-f9ad-47ae-8ea7-61a69c5dfb8d,Renee Smith,HARDYBERG,BA,03866,2023-11-19 00:57:33
CUST000933,87d75309-de77-4156-9f76-043f9a16b853,Michael Briggs,Shannonfort,CE,67991,2024-01-08 01:36:06
CUST000934,00cd11a8-301c-4108-a904-babd69c2aa17,dr. robin smith,Morganmouth,SP,89358,09/07/2023 06:20
CUST000935,7c0a8f90-9b54-4227-bbca-7ff671be0c72,Lonnie Miller,crosbyfort,GO,86790,03/02/2024 04:21
CUST000936,19b7775f-e7bb-4e42-b312-6a11db6ae7db,Elizabeth Lee,PORT ABIGAIL,PR,75460,2024-12-17 11:39:21
CUST000937,812fdd98-b777-4609-9b57-6a7fc8ecb641,Jonathan Miller,Jacksonmouth,SC,15663,10/05/2024 06:08
CUST000938,3dabba61-8a69-4650-a9a2-e9cd7b6f65df,Christopher Raymond,North Ryantown,PR,21503,2023-03-08 14:28:04
CUST000939,e713f930-5395-4e5c-add0-ce02edd32be9,Douglas Ball,Lynnville,CE,87726,2023-05-13 11:35:43
CUST000940,a23036d2-88d7-447c-ac38-704b22c0eee9,Ann Holt,NEW KATIE,SC,79233,2024-09-29 06:21:20
CUST000941,6083bf88-57dd-451e-a4dc-4d4e108e04ac,Natalie Hardy,Stokesbury,MG,34460,2024-07-16 11:49:13
CUST000942,1c8390ba-1672-480e-8a7d-6fa11d9ddb86,Patrick Pineda,New Michaelmouth,RJ,50333,2023-06-28 12:02:22
CUST000943,4f908490-006e-4070-bca6-a6b093b0d27e,JOSEPH BOONE,FLORESSTAD,PA,89538,2024-10-29 15:57:01
CUST000944,850e6d30-2055-4dec-8beb-b43fef15b821,Leslie Rodriguez,New Melissamouth,SC,19467,2023-03-16 19:08:08
CUST000945,d653d4bb-4bfc-40ca-b161-3babd0ef1299,Michael Hernandez,Dustinton,PA,78997,2024-01-26 22:44:11
CUST000946,fd869a13-809b-4813-8f13-823b51f4a724,DENISE ABBOTT,Welchborough,SC,65384,2024-02-23 21:01:09
CUST000947,606ffa15-f76c-432e-b442-8cde4a9f6c5c,Robert Hernandez,Port Jessica,GO,30001,2023-12-02 03:41:01
CUST000948,ec5412b4-0d74-4c38-bc58-82ecb34de663,  Cassidy Freeman  ,EVANSBURGH,PA,03327,2023-11-30 04:19:27
CUST000949,6c24dcaa-5660-42e1-a46c-d3c18c45fc9e,Wanda Todd,Jonesport,PE,37511,2023-09-30 06:07:32
CUST000950,b37bdb99-31f1-4f8b-ac4d-e885b245b7d9,Jennifer Anderson,Port Sarahport,DF,60470,2024-03-23 11:40:13
CUST000951,233731e0-93c0-4687-a9e7-e176a79617c4,JOHN MERRITT,East Linda,BA,26145,2024-12-07 21:13:14
CUST000952,5cbad410-0256-4225-a6b7-8891bc3ddbfc,laura gregory,South Stephanie,PE,56483,2023-07-20 05:49:59
CUST000953,ed0d6017-2b10-4823-9777-0933adf01fe0,Henry Wells,North Tinamouth,SC,78278,2024-02-10 20:51:48
CUST000954,a08145d2-2608-42d6-b840-06f26f0eebef,DANIELLE WILSON,Burnsburgh,DF,86064,2024-09-16 16:59:57
CUST000955,b119779c-c69e-47c9-a018-5b17bec5715c,  Megan Davis DDS  ,hillmouth,GO,48646,2024-03-30 16:05:28
CUST000956,1527b2ac-1ddb-4f15-9eb8-586302f86044,Martin Kerr,North Brenda,RS,75556,2024-04-20 06:16:57
CUST000957,becfdded-b198-447f-8612-d4247ac067a6,Kevin Cruz,Evansberg,PE,13534,2024-03-04 19:58:55
CUST000958,e8ac64c4-b6b9-4240-9041-6cbc534234cf,Kimberly Sullivan,  South Angelaside  ,PA,69980,2024-01-11 17:56:34
CUST000959,d64f10b5-84d6-4400-905d-d35c7d127b6b,  Michelle Tyler  ,  Port Karenville  ,DF,24181,2023-11-06 05:40:35
CUST000960,2e106355-b1f9-4b31-995e-c9dedcac41f8,Jeremy Edwards,East Baileyburgh,DF,12011,2023-06-28 11:14:51
CUST000961,c0c91cd8-d9f8-424e-81bb-0e0d8fffc06d,William Hunter,tammyburgh,BA,55951,2024-01-30 20:12:37
CUST000962,00059b9d-a87d-41ff-b1fa-7e6afa236dbb,  Angel Bautista  ,Donnamouth,DF,18832,2024-06-15 17:12:22
CUST000963,501c93a3-b1f2-4be5-bd8d-a92b93baf4a3,victoria bell,Lake Corey,SP,06364,2024-09-16 18:31:54
CUST000964,24444f64-3025-4856-8967-65693cb29bf1,RONNIE BERNARD,New Michael,PE,17342,10/03/2023 11:03
CUST000965,13093c17-6c09-4d0a-9f4f-e355baa6961c,debbie santos,SOUTH STEPHEN,SP,33816,2024-07-16 17:33:37
CUST000966,b1cbc263-f0b0-4729-ace3-4d67ad30c94b,Dalton Soto,Wandaborough,PA,94144,2023-08-11 12:10:24
CUST000967,a5d453c4-a845-4ee9-904a-da375f44b716,Lisa Barnes,West Victoria,MG,57337,2024-05-12 07:53:42
CUST000968,9a86013d-f6c9-4d38-86a2-074c61025637,DEVIN SCHMIDT,Jonesland,PA,48056,2023-08-11 03:32:52
CUST000969,45f3e8a4-c72f-486e-9561-6496e8c44e4c,Robert Hill,South Tiffanybury,DF,50129,2023-06-29 22:39:35
CUST000970,ecf678c0-c861-4afa-9ae1-7565f3a80aa0,Joseph Hutchinson,  Davisstad  ,GO,92311,2023-01-01 05:21:18
CUST000971,8d31df34-4830-4ffe-9d8a-bf0a9278f380,BRETT WILLIAMS,staceyfurt,PE,24182,2023-10-02 06:46:36
CUST000972,ad851456-bdc5-4633-8e5b-961f585d4011,Kim Wheeler,woodsberg,SP,34456,2024-07-26 09:17:15
CUST000973,b695c2bf-8379-45ed-afc8-d769026e6d11,Cameron Gray,Brianstad,DF,93234,2024-10-06 11:56:13
CUST000974,9bd3f580-ad9f-435f-bfc5-c786c70c15e3,Jimmy Gonzales,  Laurenhaven  ,PR,38095,2023-06-25 18:27:14
CUST000975,8545b11f-6d82-4335-b3de-a9dc469c558b,sierra cervantes,Cynthialand,SC,40564,2023-01-04 14:42:33
CUST000976,d862042e-500f-46b1-8544-a04968115a5c,Bobby Blair,EAST BARBARALAND,RJ,97941,2024-01-26 19:45:11
CUST000977,7e2b73ce-edf9-4b8d-8ddd-6a3e492d85a7,Alexandra Vaughan,South Tyler,PR,90301,2024-11-11 11:55:51
CUST000978,884bfa8c-e359-4ee9-ad41-1244ff79f0f4,Jennifer Jensen,lake ronaldside,CE,98761,2023-10-20 21:17:09
CUST000979,bd2dffff-fe85-444c-be85-9c675855e4a0,Tami Kidd,New Shaneburgh,CE,88911,2024-06-13 09:50:44
CUST000980,86052bef-c382-4725-a1c6-3384ee20a0b5,Carrie Richardson,NEW MICHAEL,RJ,07173,20/07/2023 06:06
CUST000981,2ba4d656-610c-4ade-bed9-9a6b6c3786c2,Brian Sloan,Port Amber,GO,15949,2024-06-28 14:52:11
CUST000982,4b25c483-7bae-4f3b-8c96-edc24a41aed8,  Aaron Welch  ,Robinsonport,PA,84776,21/02/2024 01:16
CUST000983,0911e215-e4b7-4864-9362-dea783f9b580,Stephanie Charles,west adammouth,RJ,43564,2023-11-06 20:36:21
CUST000984,0151ccb0-1b6f-4a9e-9a98-b7154c60b543,Nathan Morales,NORTH RYANBOROUGH,MG,11608,2024-01-06 03:38:15
CUST000985,27599511-e604-4fbe-83aa-622f8772df4a,thomas smith,Jeremyfurt,MG,49562,2024-08-02 13:21:38
CUST000986,e466c937-6da7-495b-9d4f-97154c9df049,Robert Rodriguez,Douglasmouth,BA,21712,2023-07-02 10:07:59
CUST000987,6f180343-bf41-4c98-9a8e-8f0523cecf1e,Stephen Fletcher,east justinberg,BA,52214,2024-10-10 12:25:07
CUST000988,e6a7caf7-54ca-4897-be71-cd606bca4f86,Melvin Vaughan,davidfort,RJ,72606,2023-04-04 02:41:49
CUST000989,b6ddbd11-ae86-4837-8cc1-02507edd8483,Paul Deleon,Shawfurt,SC,17726,2023-01-06 03:28:27
CUST000990,caef3c9e-1b9d-4f1b-b52a-6cbf1c17729f,Christopher Porter,NORTH ERIKA,CE,45346,2023-10-16 07:36:17
CUST000991,bcc8509b-98da-4e8c-b9f7-e0046dfe8745,John Campbell,Port Royberg,SC,96085,2024-11-05 19:01:29
CUST000992,47f8b6f1-3fdd-4e2b-afd6-129a82e09d39,sharon gamble,Lake Lori,PA,26507,2023-08-06 16:32:54
CUST000993,cf590b8e-c860-42c4-b4da-9f0479510a45,Nicholas Carr,PORT BRITTANY,PA,83663,2024-09-12 19:28:16
CUST000994,21de2360-1ed6-4b71-bab8-ec3f2612e9e5,Donald Lee,SOUTH ANDRES,RS,26668,2023-11-02 19:24:55
CUST000995,615eca80-0d0b-4920-9d46-0c9117478b5c,Eric Schultz,East Matthew,RJ,63310,2024-06-26 08:13:19
CUST000996,a4d4df15-6d54-4501-8286-6d400fb49d98,  Brian Cox  ,JENNIFERBURY,GO,42423,2023-06-13 16:42:33
CUST000997,0a77b5cc-2e87-4651-8c2c-a7fae525aeaf,MATTHEW MORRIS,  Thomasville  ,PR,56980,2023-05-26 08:46:27
CUST000998,7dc4f12b-f2c5-42da-8094-4f952f51aca6,eric davis,Lake Andreaberg,SC,43913,2023-09-24 11:46:53
CUST000999,5c83b98e-cf5e-4840-bdc5-51bb5c4e3b00,Leah Jacobs,lake joshua,DF,77089,2024-08-07 05:56:43
CUST001000,1b3ac54c-e31f-4212-9654-c83f62510f01,Patrick Martinez,east janet,MG,13429,2024-03-19 19:50:57
CUST001001,9e7776ae-8bec-4a50-b11a-fc00132b4f36,Nicholas Mayo,new jennifer,RJ,06243,2024-07-13 20:58:26
CUST001002,8ced48ea-6b0f-4a79-b113-b13a20b99830,stephanie malone,Patriciamouth,PE,83058,2023-06-02 06:52:59
CUST001003,6fa5f03f-e92d-4961-9e0f-d29bb7a2ab33,Jason Velazquez,EAST CAROLBERG,SP,38466,2023-05-18 04:11:53
CUST001004,0f9027d5-90f0-447c-b4af-80050ba24c4f,MELISSA YANG,Simpsonside,GO,67804,2024-02-06 13:42:30
CUST001005,70100d7e-2a5f-46e4-9332-406ff8b6bdee,  Janet Chan  ,Lawsonborough,PR,24626,2024-03-12 15:01:12
CUST001006,37c23f27-9267-47e6-a8f5-f5c200ebf725,ALEXA MCFARLAND,GORDONHAVEN,MG,34426,2023-02-16 15:09:33
CUST001007,4bde7d88-3867-462d-9a3b-ce8e4dac49f6,kristen jackson,New Johnton,RJ,84336,2023-12-16 09:54:05
CUST001008,471b0cc7-e233-4597-b129-ed2f25ec77e4,debra gibbs,  Port Jason  ,PA,15729,2024-12-24 18:50:30
CUST001009,a1f78157-58f3-4359-a60d-a1aa005bbf73,  Jackie Miller  ,Jenniferchester,RS,80649,2024-11-04 16:55:20
CUST001010,0ea8d0ee-fc3a-456a-931b-49d84b7e42df,Alexandra Kelly,Gregorytown,GO,70937,2024-05-19 04:40:40
CUST001011,c737327a-de34-406a-ba90-2bfba845f723,Lauren Sharp,bautistaview,RS,82582,2024-06-06 21:13:26
CUST001012,34c6d620-8d06-43e2-9ab6-2311a261d918,Connie Adams,Moorebury,RJ,96158,2023-10-23 23:40:41
CUST001013,25f93ab9-5e5f-410c-af14-4dc6b9ede33f,Anna White,Port Michelle,MG,25255,2024-05-12 13:17:19
CUST001014,babf3375-f17f-4786-bd92-9cc091d51b06,  Douglas Collins  ,Port Phillip,SC,80169,2023-11-11 09:30:37
CUST001015,1271c873-24bd-41a8-91c7-bec93016cecc,JESSE BREWER,garciahaven,BA,18496,2023-09-01 11:43:45
CUST001016,030492b3-ced8-4c97-801d-1c62ba0d3f1f,jamie smith,port mariaton,GO,17825,2023-11-04 03:49:17
CUST001017,44852295-1566-4483-8526-6dc83f936724,Mark Smith,Port Danielmouth,RS,93228,2024-08-03 21:46:57
CUST001018,7afd2923-23a4-4571-b3cb-59ef15c04765,Stephanie Ochoa,Martinberg,MG,32457,25/10/2024 11:39
CUST001019,447809c0-b129-4cb7-8b24-8c7e0e4ddb72,Barbara Bryan,New Kennethhaven,DF,54933,2024-06-28 05:56:14
CUST001020,396c8f79-e983-462e-804f-5362244f4ce3,jeffery hernandez,Jeremiahfurt,RJ,90516,2023-02-19 13:10:35
CUST001021,e6d037c6-d2a2-4765-b700-7ce3e25c7f9c,Christopher Rodriguez,WEST MICHAELMOUTH,PE,16013,2024-02-11 23:44:49
CUST001022,eb7cd628-ecb9-48f7-ac5e-ac705c494d63,ANDREW HERNANDEZ,morenoburgh,MG,89555,2023-03-07 11:40:33
CUST001023,aad26db6-e4a3-4a10-a674-d1ff6cdcd3be,Lori Mitchell,  West Sabrinastad  ,BA,35287,2024-07-26 21:44:03
CUST001024,cc76864a-b618-41c5-a830-257dcf8b4eb2,Aaron Fitzpatrick,PORT DIANA,MG,42477,23/01/2023 04:36
CUST001025,b8a9f704-725a-410d-a3fe-557c25d4ec19,  Vanessa Briggs  ,New Ronaldview,CE,19462,2023-12-29 21:07:03
CUST001026,20a62edf-fea9-4b73-92b3-a0d117278924,James Flores,olsonchester,CE,79372,2023-04-15 22:43:27
CUST001027,23627835-555d-48c6-a2f8-7deacb22eb8d,Martha Sanchez,dunnside,SC,70463,2023-12-21 14:35:10
CUST001028,d2478bb2-8945-49ec-8850-3e9d7e1b2034,Bradley Espinoza,Lake Christopher,PA,47910,2024-05-11 22:29:05
CUST001029,d9c099f6-fe70-4416-b40a-22d700bbd543,  Justin Rosario  ,  North Rhondastad  ,PA,18765,2023-06-26 09:58:51
CUST001030,d5d318cf-24e6-4ffd-b5dc-037d4b71481f,Valerie Durham,  East Maria  ,PR,07823,2023-05-01 22:47:07
CUST001031,f64909e8-1e03-4a65-a346-f26dbf3b1681,BRIANA QUINN,Watsonville,MG,87368,2023-09-25 02:28:46
CUST001032,d66248bf-7a11-4e56-92e2-9c2a94e4339d,Brooke Thomas,North John,CE,02136,2024-08-09 19:01:54
CUST001033,6a9f687a-d04f-4197-94c0-df2891b5fcb4,CLARENCE MANNING,Theodoremouth,PR,58693,2024-04-08 16:57:23
CUST001034,0361b157-b1fb-4587-a514-b3fcc809a0b4,CHRISTOPHER IBARRA,  New Karenhaven  ,PE,21518,2024-11-16 04:41:34
CUST001035,6c726915-d52a-45c8-a579-dc2202c837b6,Sherri Spencer,samanthahaven,DF,40613,2024-05-16 18:08:28
CUST001036,ee7385d8-6c75-4765-ba31-4e67b5982577,  William Boyd  ,lake jason,PE,81640,2024-04-30 16:51:57
CUST001037,2f068e12-646d-4e33-b80a-402d0e55ced3,Vanessa Jacobs,Port Heatherfort,DF,41551,2024-06-15 18:37:12
CUST001038,d3c6e5a0-67b4-4019-a452-f530a7175804,Anthony Watson,Leeville,PR,14184,2023-11-17 17:05:10
CUST001039,c75f41dc-9a6a-4bb1-9cda-038513eb4358,ALYSSA CAMPBELL,NORTH JASONTOWN,RJ,99659,2024-05-09 16:32:26
CUST001040,8d3ba57f-300f-4a68-8f22-7efae8e13f98,Timothy Allen,New Annetteshire,CE,63914,2023-05-26 20:38:56
CUST001041,17dcabf5-5088-4581-8c4c-eedf0bb1b984,alejandra kelly,Susanhaven,SP,26044,2023-05-25 10:07:40
CUST001042,b9c6b26b-6401-418d-8078-bc3e50814407,carl leonard,RICHARDHAVEN,CE,13739,18/07/2024 18:15
CUST001043,2672a20c-c66a-4821-8eb7-f2d6808eadf2,ROBERT WOODS,WEST EVANMOUTH,BA,10823,2023-09-23 13:43:03
CUST001044,f3ebe658-17e1-48f6-a03e-7003e29cb897,Stacey Aguirre,Port Jennifer,RS,66249,2023-12-27 03:42:17
CUST001045,9bd65068-ba8d-4f8c-be05-fcef842c49fa,TARA PETERSON,WEST KELLY,MG,82220,2023-02-13 12:37:49
CUST001046,0a3e4918-6e4f-4ea3-b0ad-16f7db1fb4d4,Patricia Hughes,New Catherine,MG,20476,2023-05-30 06:43:26
CUST001047,7f5da7f8-fe91-4b95-a0b6-d26591206a37,adrian miranda,Amyland,SP,65894,2023-04-05 17:31:41
CUST001048,2b729d66-504f-4e7c-b46e-49a81817dac5,Candice Ramirez,Michaelland,CE,23987,2023-07-11 23:26:13
CUST001049,42089fc8-75f3-41cb-859d-e4aab5ed7ce8,DR. PAMELA RAMOS,North Teresa,RJ,64498,2024-02-09 18:44:14
CUST001050,496042b0-dbe7-4333-9d0c-82050a22be56,scott stark,South Michael,PR,82372,2024-12-28 04:19:01
CUST001051,155fa2f4-5fa9-421a-904b-10c8f3b937f2,Katie Baker,NEW TIFFANYTON,PA,97630,2024-02-09 14:46:09
CUST001052,d23c7585-b322-41f3-beac-5015ca6425fc,Brittney Garcia,moorefurt,RS,10066,20/11/2024 08:33
CUST001053,7657e37c-dfc8-4060-a362-95093919e3be,Hannah Mcdonald,Rodriguezburgh,BA,96416,2024-05-06 14:16:41
CUST001054,ec285a93-f5a4-4270-aade-ae691bbcb748,JEFFREY MORALES,West Matthewfort,SC,28371,2023-04-03 22:25:48
CUST001055,1d447f41-79e9-44e1-bdc4-d680b3c95502,andrew moore,Thomasborough,SC,42468,2024-08-31 13:02:13
CUST001056,99e03598-fce1-4a25-8804-ccea9175fc63,Amy Stokes,irwinborough,RJ,07589,2023-07-13 04:31:08
CUST001057,f3e08b1f-05df-4333-9e36-992f362465c1,JENNY KING,North Donald,GO,36402,16/02/2023 15:27
CUST001058,dfafc6cf-4c5f-4cfb-94ea-e37c67b2916c,Shelby Warren,Jackton,RJ,12617,2023-04-08 17:35:37
CUST001059,578e911f-6db4-4c7f-a6d1-fe21e51bdfff,  Elizabeth Gonzalez  ,Olsonside,GO,90787,2024-08-10 17:51:51
CUST001060,b25a4809-f730-452e-a922-ecb0c8aae0c8,Thomas Hudson,New Kristaborough,SP,10699,2024-06-19 08:33:03
CUST001061,9dd3c15a-9417-40f5-aaff-96ffb9046b52,Matthew Colon,alexismouth,SP,19832,2024-01-12 22:41:14
CUST001062,1d15571c-5100-4ab9-9d42-da677fdbabc1,Megan Baker,South Sherryberg,CE,83639,2023-05-28 09:40:40
CUST001063,94108438-f82e-4e1b-a390-0655730733d5,Daniel Werner,  Hortonburgh  ,CE,79267,2023-08-02 20:25:11
CUST001064,35b30874-591c-428f-b754-c5ec60a78c20,Valerie Ray,West Lisatown,MG,40077,2023-02-23 11:57:09
CUST001065,d1ad5c22-8088-47de-8e95-4929e58b2d2d,Melissa Banks,Gutierrezstad,PA,46666,2023-10-13 03:28:36
CUST001066,85ee751c-6d04-43e7-8adf-1e46d403fd02,Gabriella House,Pattersonburgh,DF,72951,2023-05-25 02:36:35
CUST001067,6f959489-8af2-420e-a9a3-e5f6984ad463,Ryan Barker,  Waltersville  ,SC,11985,2023-07-05 11:18:14
CUST001068,16f28319-1a93-4d0c-9655-005dce521176,LISA JENKINS,Bradyside,PE,13569,2023-05-28 11:25:23
CUST001069,94cbb94e-80dc-4cf9-b1b0-c1faa22eb45b,Mary Christian,East Kimberly,SC,72798,2023-08-08 21:54:31
CUST001070,db394550-3210-4c49-9d4f-f1c8618e72a7,Caleb Ponce,GUTIERREZFURT,PA,01497,26/05/2024 18:37
CUST001071,3953e8bb-c83e-4032-9fe8-a7f4f08aba21,Debra Hopkins,MARYCHESTER,SP,88751,2023-06-06 23:01:34
CUST001072,e8b81813-e672-4bf5-8110-783e3dd6831b,alan hernandez,MARYHAVEN,GO,97657,2024-10-11 13:45:11
CUST001073,2ba009ec-55c8-4441-9145-c6f899960a38,Wendy Allen,Leefurt,SC,07261,18/07/2023 19:02
CUST001074,6dd9a879-93ee-46ee-ae93-a4d0cd24120c,mark madden,South Rebecca,SP,68301,2024-12-23 12:23:25
CUST001075,197df05f-3b20-4154-aff9-8cf7288fc36a,Beth Wilson,Cameronview,RJ,72971,2023-12-30 13:15:17
CUST001076,3429c8cf-5289-4c31-b2de-05fd28b7b541,ALEXANDER SMITH,North Christine,PE,71761,2024-09-30 11:41:05
CUST001077,926114b7-142a-4f47-b8ef-32eeebac12ef,Patrick Anderson,Waltersstad,PR,24953,15/02/2024 21:39
CUST001078,38c4f346-e5dd-414c-a70b-ba9c3d5e69df,JOSEPH SANCHEZ,  Townsendton  ,BA,36541,2024-02-08 11:54:26
CUST001079,a09fc700-24ce-4460-af5a-9491153d1653,William Camacho,South Saraville,BA,14535,2023-05-31 00:00:26
CUST001080,e504d1c6-4312-453d-884f-7f7c244f52f4,billy kirk,South Craig,MG,03378,2024-03-09 17:46:05
CUST001081,f58f41b0-7c8c-45ab-92d5-dfe569eb337c,Christine Barnes,CYNTHIAMOUTH,GO,21617,2024-03-23 19:55:32
CUST001082,e754d4c3-0298-4dd2-8c7b-34e22e07cb63,Keith Obrien,North Theresastad,RJ,63928,2023-05-10 13:33:03
CUST001083,8be64b98-9999-41ec-9d2f-6e76feb2d172,Joseph Scott,East Catherineside,GO,03520,2023-05-03 20:37:22
CUST001084,2700260b-c2ce-46bd-8301-b3a6849b50bc,Jacob Roach,West Dillonland,RS,95887,2024-03-03 06:15:33
CUST001085,4480d02d-2067-402b-b099-e2b6b10ccf77,  Curtis Davis  ,  Stuartfort  ,GO,57656,2023-12-01 10:44:36
CUST001086,ec1f0155-6662-4bd2-b243-b5c6833d7595,  Christopher Mcdaniel  ,suzanneville,PA,77000,2023-06-16 03:54:34
CUST001087,4fc40b0a-966b-41e7-8435-fe28cb0c1709,Daniel Bowen,Andradechester,RS,78663,2023-12-18 09:24:43
CUST001088,5199839c-d0de-4fb6-858c-6c02bf409640,Lisa Patterson,Nathanielland,PR,59405,07/04/2024 17:49
CUST001089,f545dfb3-08a4-4ee1-a3b2-f9852ad0d57e,LAURIE CARTER,Raymondville,SP,24081,2023-08-22 06:37:50
CUST001090,ca782f58-6dec-4b0d-929b-3b96cf1d46be,david lewis,  Nathanmouth  ,DF,16531,2024-09-30 17:28:52
CUST001091,02ca68d5-b033-4e83-918f-0ed402774ef3,Cindy Bradley,Rachelside,SC,09182,2023-05-01 04:05:33
CUST001092,36511c93-9a0f-40b8-889a-f19562b61594,Ashley Ramirez,new patriciachester,PR,89909,2023-10-13 02:55:15
CUST001093,d03a9ed2-515a-4eea-af69-a1cfc19666e9,craig lang,williamsview,PR,55713,2023-03-13 09:14:08
CUST001094,2bcfd03f-73e9-499b-9fc4-89b31e87c27e,Leslie Young,west andrewshire,RJ,01110,2024-07-16 00:31:07
CUST001095,218d0520-48cc-42c6-b636-ae1ce96171f3,Jennifer Huang,West Deannaland,DF,62090,2024-06-29 22:02:03
CUST001096,6a429bd5-cd71-42b4-9471-104f1859c5ae,Denise Molina,Millermouth,PR,65226,2023-01-30 00:39:25
CUST001097,4c66d04f-64b1-4c49-8c0c-f61e9cc10bd8,Jordan Allison,PORT NATHANIELVILLE,SP,04339,2024-12-17 00:55:48
CUST001098,02a95064-d351-4e95-8c3e-dd5c39590149,  Wyatt Callahan  ,Perezland,PE,25556,2024-12-23 13:02:37
CUST001099,5e6ee398-cff1-4675-a6fb-976bb95f22d5,Kimberly Smith,west nicoleton,GO,15024,2024-10-21 19:25:14
CUST001100,1335f6c3-4de5-44af-b278-15f60c49f33a,MICHAEL CONNER,Nelsonburgh,PE,18557,2023-02-12 01:01:05
CUST001101,205474fa-1eb1-4c0c-b5f0-06c0955d3078,CHARLES SILVA,Walshville,MG,68889,2023-09-11 20:34:59
CUST001102,7a59697d-93f0-40c7-bd92-f1cb87101172,vanessa morris,PEREZVIEW,DF,39329,2023-11-02 03:51:51
CUST001103,8efadaa1-5a5e-47eb-9532-0177b61d170a,Dana Holland,Lake Christian,RJ,65329,2023-06-22 11:58:34
CUST001104,aba5d1c9-035c-4d03-b664-cafa0f6da751,Robert Lopez,WEST JASONSHIRE,RS,69660,2023-03-06 02:45:08
CUST001105,c2af56a6-5038-4c0d-9bc3-f5598390bd94,Michelle Rios,East Jefferystad,PR,51039,2023-03-08 01:59:14
CUST001106,9ed7a652-de2b-4e58-b3d2-939ef99dd6d5,Penny Lopez,Rodneyport,MG,76161,2024-01-09 13:02:42
CUST001107,760116cf-25b4-47aa-9a20-e3baa5fc6d09,Natasha Allen,Lopeztown,BA,62922,2024-03-11 20:55:20
CUST001108,5a19d7ab-73e0-467e-87e8-1b25a9715404,Timothy Miller,lewisfurt,RJ,66324,2023-07-26 19:23:30
CUST001109,0d9bb3b5-556f-43c1-8207-7e016e4c1501,  Jacob Williams  ,Dennischester,RJ,25920,2023-03-29 09:42:31
CUST001110,2d389d1f-6716-4461-b07f-c5764b43f873,Kendra Snyder,  Rodriguezton  ,RS,85218,2023-09-25 14:24:35
CUST001111,3836613c-1c6f-4c01-b57f-2bba3fbacf5f,STEVEN JOHNSTON,  North Amanda  ,RS,36606,2024-04-23 15:11:30
CUST001112,b3133c8e-9ec6-495e-a1f2-17be39f99c64,Jenna Garcia,Tylerburgh,CE,27184,2023-02-04 20:34:41
CUST001113,b4b2ce14-49b9-4124-a30b-d3b558fe7bd2,morgan davis,Stevensonbury,MG,22813,2024-08-11 13:10:53
CUST001114,2aa946d4-11c7-476c-ae73-03c050ab3660,STEVEN THOMAS,Lake Thomasmouth,BA,03230,2024-04-27 08:19:28
CUST001115,e19a17f6-438a-419e-b970-5e4b2d71a040,Michael Castaneda,Tarashire,SP,00632,2023-09-24 15:02:31
CUST001116,78fa3b84-3f5c-47ed-9f8b-40087d01b5a3,ROBERT BRADLEY,Maryhaven,SP,66449,2023-09-15 18:37:49
CUST001117,c67736bc-2586-45e9-8147-2ff22ad47bba,Eric Fitzgerald,henrystad,PA,72028,2024-08-05 19:38:01
CUST001118,40e7ca76-7c8a-437a-a9d5-240141e1008c,Adam Gomez,Patriciafort,MG,15280,2024-06-23 21:03:54
CUST001119,ba6c557c-84f1-4d9d-af8f-8cf0451a9ec7,BRITTANY JENKINS,Lake Virginia,GO,47319,14/02/2024 04:14
CUST001120,93dc8eea-3e8e-436a-87e9-5e6d7f71eef6,valerie howard,east samanthafurt,DF,84221,2024-04-24 23:41:54
CUST001121,e08c82ea-461f-4028-b727-ee901ba168b8,Kimberly Gaines,West Renee,RJ,46224,2023-10-29 20:52:14
CUST001122,96d26487-641a-4b74-94c9-3d44e353a243,Xavier Parker,New Abigailmouth,RS,80765,2024-11-02 07:23:21
CUST001123,747cb18f-cb9a-4fff-aef7-35aa1f7a63af,rebecca reed,North Victorberg,PE,61622,2023-06-29 13:17:43
CUST001124,f777c816-85ef-475e-a675-5363ae50f96e,Justin Martin,Robertsport,RS,02544,2024-01-12 10:45:26
CUST001125,4873d252-37a2-4180-8a7b-e6e774300ccc,Becky Freeman,south michaeltown,PA,07041,2023-12-22 17:28:57
CUST001126,e0f3ee66-59a7-46e4-a341-89c5405df186,Scott Ortega,NORTH JENNIFER,PA,19197,2023-08-25 20:15:39
CUST001127,6e9ae156-325c-4a4e-bba9-5ec4fef43c9c,Angela Robinson,fitzpatrickbury,RS,89433,2024-06-15 12:29:17
CUST001128,662c4f00-6c2d-4b96-a2e0-adf7a3155bbb,Annette Green,carlaburgh,PA,74413,2023-08-03 06:44:37
CUST001129,528e0ae8-e03d-4b30-adcd-e95f6f91a7be,Brenda Saunders,Derekside,SP,26652,2024-03-07 00:49:09
CUST001130,4c1e172a-15e9-4ee4-8e14-39774d126ab1,lori gardner,  Pattonchester  ,PE,13089,2024-05-25 06:05:44
CUST001131,b1b2b9c6-7120-421e-86cd-6214237befd1,Timothy Marquez,Gomezmouth,GO,55617,2024-04-20 16:51:55
CUST001132,071592d9-7616-4503-a906-b588f62162ab,Allison Wang,Port Donaldport,SC,32305,2023-04-29 15:27:02
CUST001133,209515d5-5f84-4666-831f-fc009490029d,  Stephanie Rich  ,Port Meganberg,CE,53315,2024-02-26 03:58:11
CUST001134,ceb7138a-767a-42b7-8186-2029ab8a5015,Kelly Combs,North Josephville,GO,44211,2024-09-13 11:02:21
CUST001135,4a633fc3-d26a-4b27-98ef-25019826a55f,MELISSA LIN,Lake Brendahaven,PA,97410,2024-12-07 11:28:40
CUST001136,347f1a8c-b39a-442b-8d92-bc7eb78a2037,Kristina Coffey,East Patty,MG,84343,2024-05-24 17:02:47
CUST001137,a0d44d24-4d07-4581-a79f-5df0da2d6df9,William Smith,  Hansonborough  ,PA,15536,2024-02-18 23:07:23
CUST001138,9a920655-272c-4482-8002-572a113038f5,KELLY WRIGHT,  South Angelhaven  ,MG,58672,18/07/2024 17:44
CUST001139,1f2f087d-ed11-4faf-8e3f-49126405d362,  John White  ,Port Melanie,PE,34615,2023-08-24 14:49:06
CUST001140,706ad042-ae6b-4455-9cdd-d7c2d25a0b3f,Lisa Reynolds,East Donaldbury,DF,22884,2023-08-01 15:55:49
CUST001141,8bf349a3-b31a-4d22-bddd-bd3682f2a59e,john roberts,NEW TREVORVIEW,SP,51774,2024-08-15 05:03:04
CUST001142,1b7a5c94-ccc3-4f70-b299-5e1862c526ab,Robert Hernandez,Stephenshire,SC,51544,2023-06-29 08:29:58
CUST001143,08b9b2e9-4d81-4859-949e-24ad02d22ee7,stephanie harvey,WEST SYDNEYMOUTH,RJ,95274,2024-06-18 11:52:59
CUST001144,fb5435ba-0255-413b-86e3-2efc75566ff1,JONATHAN CALLAHAN,West Rachel,CE,69321,2024-07-07 00:59:54
CUST001145,2cabd3d7-1011-4af4-8356-ed6163fff4b5,heather ball,Stephenberg,CE,36983,2023-04-17 19:25:22
CUST001146,4d8cd019-a88f-485a-833a-402ec8f3332a,andrea franco,Bennettfort,SP,79909,2024-12-19 19:21:37
CUST001147,b5604484-9377-49f6-ae2d-0681a8b26070,Patricia Fox,Lake Mario,BA,76617,2024-08-11 13:58:46
CUST001148,d4736d37-9e12-47cf-95a1-5905591cc4b6,andrew christian,East Colin,CE,14423,2024-11-04 12:27:22
CUST001149,79f633e8-ade8-4084-af29-f4137fdae666,David Ingram,North Rachel,BA,23307,2023-11-29 02:12:56
CUST001150,c17d049c-6253-4b28-a479-19ddba68e69f,TAMMY BROWN,Dannyland,PE,58373,2024-07-13 09:31:05
CUST001151,a19c7caf-9b45-4430-9fd3-92e2c36b0890,Tammy Morris,Grayshire,SC,73438,2024-02-21 10:44:07
CUST001152,7db8ed71-40a3-423b-b21a-92403321cbb0,Dustin Harris,South Lisa,PA,25705,2023-03-26 21:48:12
CUST001153,a10db956-0634-4af6-9505-06dd16054b9e,Anne Johnson,NORTH MICHAEL,BA,53981,2024-02-07 21:19:05
CUST001154,126c4e50-dd4f-4af2-8bec-b8cc917bc866,Michael Rosario,LEEBOROUGH,PE,75260,2024-02-05 21:17:55
CUST001155,5a239f52-8037-4969-b946-8eaed3dc00ee,Steven Castaneda,south ronaldfurt,CE,09789,2023-11-06 04:00:04
CUST001156,c84a89b8-208f-4e02-9401-3b9991b3f921,Ashlee Jimenez,new ambertown,MG,29863,2023-11-25 03:15:57
CUST001157,ec1a1adc-4a36-47c0-b0cc-4f56d24289ea,Jeanette Howard,West Charles,MG,75914,2023-12-27 01:44:16
CUST001158,ee8b09a3-848b-4725-9a6b-00603dcc4915,Emily Montgomery,New Thomasview,RJ,86121,2023-05-20 15:10:53
CUST001159,6be13e78-568a-420d-8843-280a07aca3fe,George Hubbard,East Amy,MG,96691,2023-11-02 07:17:40
CUST001160,a9d06567-c1e1-48aa-ac96-af2754614433,Amy Snyder,west tinachester,SC,78901,2024-11-27 10:09:42
CUST001161,14a1c64b-edea-45b8-9cc8-62cdbd4211d1,karen anderson,North Austinhaven,PR,30024,2023-09-09 17:11:30
CUST001162,7a438217-6e77-4dd3-99aa-7cd5a67c7bd7,Samuel Mata,North Anthonyborough,DF,70517,2024-07-23 13:00:02
CUST001163,ae93b319-611f-48ef-9c3c-423a9baefd9e,ALICIA OLSON,Cannonberg,RS,56825,2023-03-08 06:13:45
CUST001164,2344ec54-8cae-49ec-ad44-f723b38adf82,Bruce Gilbert,Michaelmouth,PA,57717,2024-04-20 09:51:32
CUST001165,3b668afa-3cf8-4913-8ed4-0264eb068b1e,  Adam Gutierrez  ,Port Alexisbury,MG,07956,2024-12-09 13:37:27
CUST001166,704532d5-2070-43f0-8e80-ea41139cd2b0,Andrew Bailey,West David,MG,52643,2024-11-05 19:57:05
CUST001167,a8164d18-1f54-4e96-a857-59007a8c2c36,David Stephens,THORNTONSTAD,PR,29374,2023-08-29 09:50:21
CUST001168,f1015bfe-4d7e-4c8e-b68f-f0dc718bf53a,Juan Melton,new patricia,MG,42294,2023-04-02 07:21:53
CUST001169,1ab88733-80e1-4c41-8a9a-727fb2a12a55,Steven Thornton,RAMIREZBOROUGH,PR,18475,2023-01-10 11:34:09
CUST001170,3b046707-855f-4cc6-b9d7-1979d767a6da,Juan Martinez,North Tiffany,SP,92034,2024-04-17 05:38:30
CUST001171,7429cf81-c3a2-45ff-a660-604f70b6052f,alison huff,Joshuafurt,CE,39876,2023-12-19 10:17:54
CUST001172,0f49d01a-15a1-4a52-b710-900bd3c1fe3f,LEONARD SIMPSON,Cruzton,BA,29919,2024-11-16 04:48:03
CUST001173,a8f0e3e0-2f36-4832-a11b-92ab34aababd,Anthony Torres,Sharonmouth,BA,34911,2023-02-07 23:54:45
CUST001174,376f6fff-9749-4088-80d9-78e7cf6c2143,GLENDA CALDERON,  Glennton  ,MG,14815,25/10/2024 04:31
CUST001175,b8a6ebf6-f3d5-4f3e-a35b-36bd8da4afbe,Donna Ritter,Colemanshire,RS,68515,2024-12-15 21:12:51
CUST001176,619c4a06-f5d6-4c8f-a99c-cd734295f5c9,WILLIE ALLEN,West Laurenview,MG,11712,2024-06-06 00:40:29
CUST001177,8af53d42-c576-4c74-bffb-9577ffb1c192,Kenneth Johnson,Michaelview,SC,86095,2024-09-03 12:28:37
CUST001178,0328a80d-9ba5-458b-8585-36b7cf6d2a9d,Keith Morris,Melaniemouth,RS,61151,24/12/2024 12:02
CUST001179,77689441-0245-49a5-b09d-e505046b96f9,Ian Little,  South Brian  ,PE,10927,29/09/2024 02:50
CUST001180,8d2bb00b-9c3e-4d79-a5a4-b1b446c524a5,Austin White,Jordanfort,PR,17176,2024-01-01 16:39:43
CUST001181,259b5aea-2cab-49ad-a15d-d7c43a38204b,Mary Hall,east gabriellemouth,PA,76508,2023-11-18 09:00:23
CUST001182,b7a4c108-8dac-40f9-8abd-99fd513cd464,Trevor Braun,Allenstad,RJ,71337,2024-03-19 19:03:15
CUST001183,3c1517fc-99bf-48ed-8b73-a040b7e3c615,Billy Wallace,East Jamesshire,CE,49175,2024-07-16 09:43:12
CUST001184,6a7cfd08-ae57-44e8-929c-0131d44260d2,Jeffery Campbell,West Catherinestad,PR,44408,2023-11-28 16:51:22
CUST001185,a6e80b4f-e5bb-4f3b-a87b-b3cef9a013be,  Tommy Carter  ,East Michealport,SC,20170,2023-10-02 20:18:15
CUST001186,1b3206f0-0689-4b1c-975a-ae69e9707c9e,Rhonda Dixon,Shelbyfurt,DF,76874,2024-05-05 18:40:46
CUST001187,266b4b6d-b9ec-48ff-a835-0a400858714d,Zachary Miller,East Arianashire,BA,83118,2024-07-04 09:01:13
CUST001188,89f9c43e-6b07-4c79-bbe4-3aa78c58fff0,sarah rose,NEW THOMASHAVEN,CE,68702,2024-04-30 19:25:59
CUST001189,31ed10f5-44e9-48ac-9122-f00170e68474,Eileen Sanchez,port katrina,SC,47944,2023-11-19 01:18:08
CUST001190,bf89444e-5097-4e46-b4b0-b2433b1ba723,  Melissa Wallace  ,Coxstad,GO,73961,14/06/2023 22:15
CUST001191,5cbf7ee6-ea25-4d83-9391-d18a8171d955,lisa cole,hallberg,RJ,70967,2023-08-28 01:17:46
CUST001192,68599dc4-e8c5-43b0-86c5-50543eb4a527,Mary Jacobs,Matthewville,RJ,11184,2024-06-16 16:54:20
CUST001193,fbb61ff7-8149-4136-abc8-22f46893a38a,Johnny Keith,East Nancy,SP,02534,2024-10-08 06:24:05
CUST001194,436c9e18-6b2b-4c27-9eec-04802ab18038,  Michelle Harrison  ,  East Mollychester  ,GO,03637,2024-01-08 03:13:31
CUST001195,12b1178b-fd6c-47e3-aabc-4b2fb0a6e457,Sean Sellers,Gomezfurt,CE,91848,2023-05-01 16:36:37
CUST001196,4b1bbb3a-b644-4d24-bdce-ad918e93abd2,Steven Villanueva,Lake Brandonstad,RS,59338,2023-12-26 05:04:01
CUST001197,73230f23-a17e-44b0-a8ac-039ce921f231,Jessica Todd,Lake Isaac,PA,77775,2023-08-21 12:10:18
CUST001198,8266557c-efc6-4c4c-91f2-789bea956113,Steven Watkins,Emilymouth,SP,50226,2023-06-11 18:17:37
CUST001199,82380358-2d3d-4b8a-b047-3d9d520826b8,  Diana Mejia  ,West Trevor,RS,06830,2023-02-21 10:18:01
CUST001200,8673173a-e5b5-4f30-8486-8583906ae95d,sarah simmons,PATRICKBURGH,PE,19270,2024-05-01 15:00:31
CUST001201,bc106ec9-f1ee-4895-9061-76b30abc36fc,monica jordan,Barbaramouth,MG,13538,2024-04-07 07:10:50
CUST001202,1e595d1f-2a64-45d3-88e8-0f7958eba462,John Walker,  West Sheila  ,RS,34504,05/07/2024 08:22
CUST001203,1b2aa4e4-c0e3-44e7-9b2d-f807fd225cba,Mary Thomas,New Mary,BA,99442,2023-10-16 14:49:11
CUST001204,e70cf274-9930-400a-8700-6af32b39e995,Steven Medina,north tracy,PR,03879,2023-05-16 22:28:26
CUST001205,f11a31f5-4826-40f9-b401-0b605e9a35cf,Jessica Wallace,Port Shawn,RJ,14868,2023-12-11 16:32:55
CUST001206,d84126ac-eb4f-4efb-b4d1-880bb75c3825,Stephen Snyder,Port Derrickview,MG,96397,2023-05-28 17:48:09
CUST001207,5a8d785e-f7eb-47e9-9dd0-7ec8ab30f1b1,Natasha Walker,West Ericmouth,PR,36691,2024-08-25 08:59:12
CUST001208,8349c078-bc4b-4732-a170-920c7416386b,Angela Watts,SOUTH CRAIGHAVEN,PA,42119,2024-06-09 14:55:28
CUST001209,a93fd7ec-8ee4-4f7f-9768-065730bdf7be,lori avery,EAST DERRICKFURT,PE,29364,2024-07-08 07:54:38
CUST001210,78597bc6-43e9-494c-b217-f93cac6082a4,ROBERT GROSS,  Davidland  ,SP,68174,2024-06-17 15:35:01
CUST001211,36d5187b-bfdb-410b-b929-1d34db6ea0ba,Austin Grant,  Lake Gregory  ,SP,55309,2023-03-22 01:58:33
CUST001212,615ab341-9d06-4ae8-8358-ce3fb01f90e7,Cynthia Bailey,  West Mary  ,SC,38789,2024-08-12 03:20:58
CUST001213,cbf78eb1-7d7f-4fed-bc2c-e385ab00764e,Linda Daniels,  Colinville  ,BA,99455,2023-08-11 14:00:11
CUST001214,f8281e0b-6b6a-438e-898a-9d9dc39159b8,  David Coleman  ,South Stephanie,RJ,87088,2023-07-31 18:38:34
CUST001215,65e92e49-b26c-4876-98fa-e8c71d10b6f6,patricia webb,BURKEBURY,SC,04297,2024-03-10 16:10:49
CUST001216,371132b7-81ea-41da-8496-a8834a7a677b,rachel brown,  Josemouth  ,RS,54401,2023-07-30 12:46:38
CUST001217,6cd9dc3f-7123-4c96-8f1c-a02164315fc2,Thomas Adams,west daisy,BA,06481,14/05/2023 00:47
CUST001218,38a7c678-68e9-48cf-b298-4bb64efa8dc3,Carol Harris,  New Cherylberg  ,CE,79794,2023-02-09 09:36:16
CUST001219,b8e3fb43-f345-44ae-8519-78bf8a2e30d6,James Deleon,Rhondaside,RJ,08819,25/10/2023 22:48
CUST001220,35e0edd6-84c6-4e4b-8c99-5e2da7a998ab,Craig Moore,heathbury,SC,38536,2024-11-23 06:35:12
CUST001221,5fb698a5-e920-4b3a-a951-c8a7cd210a34,Daniel Quinn,North Meganhaven,SC,13938,2023-10-04 05:19:03
CUST001222,7c226735-ca95-4c2e-a5df-39cb80624277,Douglas Johnson,North Joseph,GO,16707,2024-09-20 14:26:31
CUST001223,a7c02a59-60bb-480b-88b7-bcd0d0207ede,Robert Mcdowell,North Charleschester,CE,03142,2024-03-17 00:21:35
CUST001224,8aacb783-d48b-4d0d-be1e-70bc03c61e18,Brittany Fitzgerald,Leeport,CE,42932,2023-03-17 13:06:49
CUST001225,05ffa2f2-be54-4ceb-8329-bd1a6cd6cedf,Jimmy Garcia,Bennettchester,CE,12698,2024-01-01 11:36:39
CUST001226,8f9d7375-6805-4a24-b785-dcc138e591c4,duane warner,South Andre,SC,65648,2023-07-20 10:27:07
CUST001227,5f6bbc54-f392-460b-a4c5-ee2dba41348a,Michelle Chavez,South Kelliemouth,GO,48974,2023-09-14 13:45:33
CUST001228,a48fc1f1-1be4-4ba9-902a-d0197a0ffa86,Charles Soto,North Annborough,SP,64701,2023-02-20 18:29:44
CUST001229,242e3d71-1579-4c24-bffd-f8f197e9afe2,  Ryan Mills  ,North Katrina,MG,33534,2023-08-08 05:39:31
CUST001230,567e8c74-bd92-432a-8fbb-831a696f9074,Amanda Barker,SAVAGEVIEW,RJ,90992,2023-11-12 02:32:05
CUST001231,cb712efd-8ffa-4194-814a-2a61358fb73f,Jonathan Chung II,  Fletcherhaven  ,GO,73220,2023-02-25 02:07:08
CUST001232,bbaa6e4a-fe25-471b-bd5b-fecedbd0ad57,Brian Lyons,Martineztown,PE,21746,2023-07-05 07:21:56
CUST001233,2a8be289-1f19-497e-bf86-ad63851ab93f,Sergio Wilson,Simpsonhaven,PE,64358,2023-02-21 07:26:47
CUST001234,8c0dc409-dfcc-4eb4-bfbe-089223ce37db,Adam Wilson,Jenniferview,PE,68983,2024-03-16 13:34:58
CUST001235,5f234322-e3b9-4a34-9d77-39b25287e5f4,Carol Roberts,port christina,GO,94148,04/06/2024 02:20
CUST001236,4051391c-9ac1-4d69-84f6-12df5f0a74fb,Daniel Rivera,East Alice,CE,62612,2023-03-30 19:07:57
CUST001237,2de1bda4-6a92-447b-9154-00a60283a43b,Austin Rowland,Jacquelineborough,CE,91470,2023-05-17 20:07:17
CUST001238,54beb7e0-7566-4394-89a8-c57d1806699f,Mario Wheeler,West Danabury,GO,45715,2024-09-24 07:18:12
CUST001239,3150e60d-ed89-42c2-839d-fd70a0fa7665,Robert Parrish,  Michaelfurt  ,GO,33891,27/05/2024 18:21
CUST001240,a8cc5023-a43f-4af0-8a80-16fe8fa50e32,kevin garcia,WEST GREGORY,SC,74381,2024-12-02 13:54:44
CUST001241,85b69e95-cc00-4f08-a06f-addb1a31c87e,Pamela Rivera,Tammyfort,GO,27935,2023-04-26 21:35:45
CUST001242,3b59475e-c88a-4a74-80af-085d2b088fcd,anna pratt md,South Nancy,CE,42881,2023-06-01 23:29:24
CUST001243,0d5c4547-f847-41e0-a55d-32af13e9e070,Robert Coleman,murphyhaven,GO,15875,2023-08-25 13:13:33
CUST001244,60975bc0-64ab-4035-8f65-abf93da34aca,Michelle Kelly,Alyssaborough,RS,22274,2023-03-11 08:26:16
CUST001245,4719c1a8-d567-4214-a23e-be36f20ba0c9,Sara Castro,Nealview,MG,90333,2024-10-24 03:50:54
CUST001246,6f774027-e656-4fbc-8ed2-de161ec80917,  Cassandra Cline  ,Townsendstad,SP,95985,2023-01-01 15:43:13
CUST001247,8f4ea920-9df2-4554-b6ba-48926c905f13,Tammie Lee,  Haroldtown  ,PR,26169,03/11/2024 09:26
CUST001248,31e43850-86a8-4b2b-9c69-ee49712c3126,Eric Davis,Ruthhaven,GO,02204,2023-09-05 02:19:22
CUST001249,a5b01639-0895-4db1-85e5-26e19b559178,John Williams,Joshuaton,BA,75497,2024-05-29 13:39:47
CUST001250,b7d0c829-dcf9-4680-87ca-07d8d2c57940,YOLANDA CHEN,Thompsonside,RS,14117,2024-10-14 10:02:21
CUST001251,9ce85b7d-0761-4c0c-9e99-c56809c70e3d,brittany fitzgerald,North Robert,MG,16154,15/04/2023 07:06
CUST001252,b5e9489c-a331-44b0-b181-38900e592949,Brent Stephens,LAKE CHRISTINA,CE,02686,2024-05-26 00:38:33
CUST001253,d9259a4b-ac07-48c7-9657-8ecb5529885a,Stephanie Jackson,ZACHARYFURT,GO,55076,2024-09-17 23:50:26
CUST001254,0fbd6062-ab6d-4aa8-aaef-dbe1d674998a,Roger Mason,Christophermouth,SC,06334,2024-12-23 14:15:15
CUST001255,b04fbce9-32dc-4a5b-9bc8-8efe4688d612,carrie francis,West Joshuastad,PA,15930,2024-09-28 23:14:21
CUST001256,d60b04a9-9173-4d93-b75c-4f3057696e2f,  Kylie Ford  ,north ianland,SC,24835,2023-01-06 18:30:18
CUST001257,f73c6a1f-a06a-4de4-9755-828f5147c3ba,Christopher Smith,stevenbury,PA,40842,2023-07-29 03:11:31
CUST001258,f151ff15-a46e-499e-ae4e-d89fd659d69f,Cheryl Campos,  West Brian  ,SP,93026,2024-03-17 07:04:32
CUST001259,23f2f68f-476a-4533-ad91-ac23497dd968,  Jennifer Conley  ,Nicoleburgh,DF,39158,2023-03-04 04:29:04
CUST001260,43b93b02-7089-4400-b293-2bfb42650798,Henry Cox,Gallegosburgh,PR,05315,2023-12-28 03:02:28
CUST001261,62bbf84c-95d1-4c70-95b0-7c12f31d40e2,Keith Chaney,Reedport,BA,27691,2024-01-02 23:08:08
CUST001262,80f6c26c-f7ee-4d84-b31c-834957992f42,Natalie Adams,West Jeffery,GO,34690,2024-05-07 04:47:39
CUST001263,845c10ea-1d84-4e8f-ac02-e881080cfaaa,Charlotte Taylor,Nathanfurt,RS,86786,2024-02-20 13:44:34
CUST001264,5286f977-08aa-4127-a6b9-f3a396a0c726,Lori Booth,East Robertmouth,CE,44629,2024-03-21 19:29:19
CUST001265,2fe68a52-19a7-461b-a729-b06fa5db8ca3,Elizabeth Owens,Port Andrew,PR,81321,2023-08-13 15:14:10
CUST001266,b1caa64c-9372-4484-97f4-83d674d99fb1,James Flowers,Jennifermouth,PR,63750,2024-07-18 15:44:05
CUST001267,0a45e44d-4cd8-4847-a6b1-f859adb5d5e6,sherry hines,South Ronaldview,SC,76193,2023-05-12 07:51:55
CUST001268,29fd9b08-074f-4459-97d3-d50e66978f77,Tammy Tanner,new karen,DF,17526,29/04/2024 22:06
CUST001269,f5bce0c0-c9df-4f7c-9549-2107a9d500dd,Brandon Mcguire,PORT MICHAEL,RJ,52404,2024-10-23 08:05:23
CUST001270,a89a92c5-0037-42ae-b5e9-13d82a53dbd6,stephen turner,East Joelborough,PR,57720,2024-10-28 07:38:21
CUST001271,2775957e-3ea6-4a65-b960-df1f17152d76,Sarah Brooks,Mooreville,SC,62209,2024-07-27 23:20:51
CUST001272,b2e33ad9-64e0-4880-afd1-3c738cc19913,John Bennett,Mccarthyville,PR,51301,2024-08-30 19:22:25
CUST001273,ef6d5b4b-c356-4ee2-917f-d31620e58866,Raymond Villanueva,Carlsonside,SP,09893,2023-09-24 07:08:59
CUST001274,bd8cc32e-ab7d-49b2-bd01-d70658cc49bb,Alyssa Blackwell,Port Joe,MG,47985,2024-10-12 14:15:38
CUST001275,00684d9c-d2bf-4c31-805f-6a69570078c1,Nicole Melendez,East Vincent,BA,06300,2024-05-28 03:43:51
CUST001276,17c50a7c-6f76-4a77-8d4b-cdb2361352a0,Matthew Simmons,larryfort,DF,05065,2024-10-15 20:54:18
CUST001277,6bf6f2f7-f47b-4fba-b561-174742d22c74,James Holmes,South Lindastad,RJ,90424,2023-02-10 19:06:12
CUST001278,dcca9a71-a7e7-4139-99f5-af3cbb904dfe,Robert Martin,  New William  ,DF,90455,2024-08-07 10:16:18
CUST001279,a76090e7-7c73-4166-82f7-79797466b319,jennifer wise,Ronaldville,PE,79620,2024-01-04 14:59:27
CUST001280,7344e407-e880-41f9-8d6b-4aa0ce9fbfeb,Priscilla Joseph,Danielburgh,PR,56084,2024-12-21 04:40:50
CUST001281,decceaea-622b-4588-8275-da34881e40c6,Brittany Rogers,  Jamesmouth  ,PA,57502,2024-06-14 09:44:13
CUST001282,0a333eef-481e-47f3-b6fa-b8280c6d5a71,JOHN RICHARDSON,Johnnymouth,RS,88974,2024-10-17 17:45:39
CUST001283,060615bf-d1b5-4519-844f-376a4bd01f7a,Cassandra Kelly,South Markton,RS,78590,2023-07-29 23:14:38
CUST001284,095f6d43-bb5e-44d6-9b74-5fdd1c974694,JENNIFER THOMPSON,East Jessicafort,PE,57006,2023-12-25 03:41:13
CUST001285,f8cb57ff-586b-4c22-8652-7e16e489149f,Luis Sellers,Williamsmouth,SC,49364,2024-08-21 11:06:37
CUST001286,fa126797-9bfe-470a-a591-6ffa09cd33a6,  Robin Garcia  ,West Saraport,MG,55882,2023-09-01 07:46:22
CUST001287,f34ab83d-2f16-4f3d-85ba-ec786696dea0,Mikayla Newton,Port Ritaville,SP,25620,2023-11-16 10:13:57
CUST001288,4d9e9bb9-feb2-4904-82cf-4e6d92262ecf,KIMBERLY LEON,West Ashleyborough,BA,57772,2024-07-17 07:39:07
CUST001289,c73f41d2-b059-4815-bf32-dbc546586cb2,jonathan williams,BROWNINGPORT,RJ,36241,2023-02-14 04:21:20
CUST001290,04cac3d1-3506-4337-a83d-21a9014b069c,Mary Hill,Georgemouth,SC,13234,2024-05-10 14:43:37
CUST001291,b58194e0-04a0-4d55-b98e-1dc038a8ab55,Arthur Roberts,MATTHEWSMOUTH,SC,71470,2023-04-11 21:38:48
CUST001292,8ec29e07-ee0c-4303-b9c1-1c4a639817e5,Gilbert Reed,Hernandezfort,MG,28109,2024-11-26 22:40:51
CUST001293,ac48ceaf-2b85-4fb7-b29e-21268840e78a,jamie guerrero,lake tommystad,GO,11392,28/12/2024 03:41
CUST001294,87935334-fc20-494e-bf7d-a45e35221344,Edgar Stewart,Johnsonshire,PE,22355,2024-06-21 15:56:37
CUST001295,6e78cd59-909c-4a67-9a04-2fb09fcfd711,Phillip Potter,  Angelafort  ,MG,31266,29/08/2024 09:53
CUST001296,21b6eb84-899f-4d03-abd2-35736012a24e,Travis Martinez,Robinsonville,RS,75309,2023-02-16 15:34:27
CUST001297,28bbecfb-dd69-4596-adba-333f4a12c64f,Victoria Werner,bellborough,RJ,55312,2024-01-17 22:21:30
CUST001298,51c46d6e-4764-4956-9968-5a3ce6847984,lorraine beck,Wayneside,GO,51903,2024-01-18 04:36:46
CUST001299,7ead63bc-676a-404c-9beb-21e239a01a0b,Donna Middleton,Port Gregory,SC,38303,2024-05-14 16:41:33
CUST001300,55849e58-d472-4e33-885c-c79300dab7f8,Mary Vega,south bettychester,SP,55324,26/02/2023 15:19
CUST001301,076f3b07-a2ec-477a-b05a-1bef690903c4,Brenda Harvey,New Ashleychester,SP,03493,2024-11-27 08:12:08
CUST001302,2a9d0c6a-3ffc-4e13-9c1c-ac23533487f7,Kaitlyn Davis,ANDREWFURT,SP,72860,2024-05-31 05:09:02
CUST001303,d9add9e0-316a-4466-9d0a-4a6e82e6e14d,judith sharp,  East Thomas  ,PE,93928,22/03/2024 08:04
CUST001304,21f55aa5-529e-4da0-b325-2134ebdfeeb4,Steven Clark,Stevensmouth,CE,32205,2023-12-05 16:42:14
CUST001305,761eb7e3-f909-446c-ad47-de92cbf80a9f,Ashley Munoz,Monicaburgh,RJ,32595,2024-02-24 12:43:44
CUST001306,11e12ee9-f664-42b9-b8d8-061976538a69,Andrew Rhodes,Atkinsland,CE,55169,2023-04-05 03:23:59
CUST001307,b74a3db6-e223-4fc0-8291-46caf5239f95,Michelle Lawson,  South Timothyton  ,GO,38900,2023-08-24 05:07:28
CUST001308,d2834904-d40b-49dc-a5fd-5412cfc91b52,Amanda Ross,Pattersonville,RJ,14083,2023-10-11 18:43:03
CUST001309,c2086227-4333-440a-98d9-9ad8255f30b9,Nicole Rodriguez,WEST ROBERT,CE,45043,2024-08-13 15:52:22
CUST001310,cba95e23-3e39-4f9b-a9b8-b3ea2456d767,Mr. Gary Benson,nolanfort,SP,99133,2023-10-26 09:19:47
CUST001311,57aa5681-428f-44aa-81c9-7ab63ea685f6,jeremy cobb,Ashleyton,RJ,18853,2024-05-04 19:33:14
CUST001312,06a4093b-49d6-43b1-8593-53fa25e4e633,Jacob Cox,Kristopherburgh,CE,74902,2024-07-25 03:26:10
CUST001313,b68c55b2-79ac-446d-8e03-87ada246ea52,EDWARD MANNING,EAST CATHERINE,SC,50862,2023-07-05 05:41:06
CUST001314,072b50ed-3a58-4606-a302-db2f41deca4c,LAUREN HERNANDEZ,West Michaelhaven,PR,98209,2024-01-24 02:47:15
CUST001315,67e56f19-844e-4e8b-bf01-8ec6dec78f9e,Steven Compton,New Melissa,SP,41696,2023-01-29 18:31:32
CUST001316,dd8b6c69-60c3-46eb-9fd6-39e685f970f7,  Mariah Harrell  ,Thompsonfurt,PE,02366,2023-04-02 19:10:02
CUST001317,57a55d1a-1093-405b-b26b-3379ab32dc3a,Daniel Hernandez,Lake Jamesfort,GO,60705,2024-11-06 21:42:15
CUST001318,e80368e2-a37d-4fca-a9a6-df1391c4b8c6,PAUL FUENTES,Lake James,RJ,87564,2023-01-29 15:26:58
CUST001319,194d9447-a05b-4230-a603-854f08683cbf,Katie Nelson,PORT BRIANSHIRE,SC,69044,2023-02-05 13:48:19
CUST001320,cc19e0ac-418d-4073-bea4-26b83f7b16ec,Melissa Curtis,EAST HANNAH,GO,60278,2023-02-08 19:17:04
CUST001321,9bf072e7-fab8-4bb6-8a4c-b2312d6c18d0,Donald Paul,EAST ALEXANDRATON,SC,27728,2023-05-13 13:52:50
CUST001322,c2fd7e2d-95ee-4403-be72-e4023a4317a1,JULIE HERRERA,West Kristyland,RJ,26246,2024-01-22 03:25:35
CUST001323,1558cc6d-7120-4b7a-9dcc-cf247a71ce7b,Brett Lawrence,EVANSTOWN,BA,76747,2023-11-28 01:09:27
CUST001324,1c8cd498-e7ad-495b-9c73-9cbc6e047758,Jessica Day,Gayview,PE,99402,2023-09-09 20:10:38
CUST001325,7e1b5edf-454f-4d2d-99f2-587c683c3806,Erin Webb,Stephanieport,RS,35130,2024-10-11 16:07:51
CUST001326,575519cd-3fbf-47eb-883d-9b03de04d086,justin parker,RODRIGUEZBURGH,MG,64409,18/09/2023 14:14
CUST001327,f96f4a1b-e4b3-466b-91b7-95ed01ab1df1,kathleen white,Chambersville,MG,58591,2024-06-24 19:53:39
CUST001328,89e10a5a-afdc-4a51-a34c-4c7857a99ae7,cheryl rodriguez,east kyle,SC,40528,2023-02-01 14:40:56
CUST001329,78ccd788-87c8-4346-8434-228151ec8f30,Eric Lynch,West Eric,PE,52436,2024-08-27 00:39:49
CUST001330,286ef693-da34-4653-abf9-98adc92aeb0c,Brooke Frye,VALDEZCHESTER,SP,95720,2023-05-20 08:29:52
CUST001331,434a7e17-eece-45b3-ba8d-a12744f64bef,Scott Torres,West Matthew,PR,46891,2023-11-20 06:56:41
CUST001332,73200e30-50ba-4edd-bec6-573bd4488069,Justin Farmer,Port Shelbyton,MG,54081,2023-06-10 03:06:18
CUST001333,23d2789d-ce2c-4739-a552-abc65a86503a,pamela smith,East Ebony,BA,34046,2024-12-29 15:15:28
CUST001334,060fd3b6-5f9c-41f0-9522-1c404b77cf1c,Richard Nguyen,Port Jason,DF,66422,2024-01-24 06:34:51
CUST001335,1b5982d2-4622-40cb-9b3d-419b70aa9992,CHRISTOPHER SHARP,Craneton,PR,86932,2023-09-28 04:27:37
CUST001336,e8acd757-f5b0-4a1c-b013-b95163db2b6d,Danielle Benitez,brownton,PA,84338,2023-03-16 07:40:34
CUST001337,5e9432d6-89b3-489d-86aa-f71457baa888,Duane Ruiz,West Tiffanychester,PA,20394,2023-06-20 07:36:12
CUST001338,4c81cd72-96fd-4d96-a681-e5bbdfbb3a43,Kristina Gonzales,ashleyview,SP,73465,2023-05-31 11:11:01
CUST001339,b087ab0e-4a9a-45f0-913b-3a4d87f16ab5,RAYMOND JONES,Susanstad,CE,58938,2024-01-22 10:20:55
CUST001340,2f23cd0c-36fd-4910-a274-2d5cbf4d4bd8,Darren Cox,LAKE TERESA,GO,34452,2023-10-10 21:03:03
CUST001341,eec432d0-bf66-4225-9a86-a2f5415f2099,Bryan Jenkins,  Shafferton  ,CE,69759,2023-02-03 15:29:47
CUST001342,832394b5-fd59-4fa4-a9b9-339e0f6eed31,KEITH FORBES,Kristyfort,MG,37548,02/09/2024 02:37
CUST001343,112e1621-a266-430e-9570-cefc93271b56,Krystal Mccann,NEW ERICHAVEN,BA,11999,2024-07-14 07:55:41
CUST001344,9c2b05eb-77ec-4100-ac28-c17a92ecc3bd,Cheryl Jones,Meyersmouth,DF,59652,2024-06-09 17:26:45
CUST001345,bd2af2c4-fe8d-4353-a16b-1b8ce3acd21a,gary white,SHAWNCHESTER,BA,03316,2023-03-18 04:02:52
CUST001346,01a069a2-4b37-417d-9322-04fb66c67afa,Jean Smith,ronaldview,BA,29715,2023-02-27 02:41:35
CUST001347,539d5223-c48d-476c-acae-8af89599b267,Martha Gonzalez,Patriciashire,MG,20503,2023-06-17 21:36:38
CUST001348,34c5dd5b-25f5-4d6f-85e2-cdcc30584d20,Brian Ferguson,Port Davidstad,MG,09579,2023-12-22 12:53:44
CUST001349,edafea54-50b9-404a-9edc-c2ff53d47caf,Daniel Turner,Ritterbury,BA,28974,2023-09-18 21:28:06
CUST001350,2326e3d0-06fc-465a-9af7-dfe2c5b86c82,Terry Martinez,JOHNSONBOROUGH,MG,50362,2023-03-28 07:13:36
CUST001351,66308af8-7044-4b51-b262-4be80c994ec1,Ray Lawrence,north tanyahaven,RS,76300,2023-06-20 18:22:02
CUST001352,29b2b32c-1f27-4a2c-8439-1819b97a08ba,Barbara Burns,Karamouth,GO,54912,2024-04-19 23:42:35
CUST001353,173e13d9-fc32-4db4-b5d8-053130e423e1,Heather Scott,South Allenfurt,BA,55553,2023-03-09 03:59:54
CUST001354,199ded5e-db84-4a96-b629-5eb4667a9b91,Tracy Copeland,Bautistaport,BA,30563,2024-04-04 11:52:00
CUST001355,a682c0fb-159e-4c9f-b382-c1aeffecc4eb,Jean Ruiz,JESSICAMOUTH,PE,06447,2024-07-25 19:22:06
CUST001356,2d675be3-3fbe-4756-98f0-2d4124074330,bethany moore,Farmerton,BA,78646,2024-11-23 16:46:43
CUST001357,bd66c203-ddc8-4a37-b5b7-215ecd68cb39,Jacqueline Perry,South Gerald,SP,68474,2023-11-21 11:49:54
CUST001358,cf35fdb9-bdf1-4708-a6c0-df52f71de9c5,CATHERINE KOCH,Port Franciscofort,PA,27249,2023-01-27 02:43:57
CUST001359,5f88fe99-a014-4ab9-a755-e34c4e5a4392,Deborah Morris,West Anthonyfort,DF,04986,2024-09-29 21:58:47
CUST001360,e9e02d8d-24f3-44ef-9f3d-3d65bc25bce1,Joshua Farmer,EAST CRAIG,SP,46201,2024-06-22 09:26:09
CUST001361,6b7d71bc-1795-4e87-b902-d8a7e5ae288f,Ashley Alvarez DVM,TAYLORTOWN,PR,41320,2023-07-05 16:26:45
CUST001362,e7235658-e648-47ae-b830-4c6c79eb1797,FRANK FERNANDEZ,South Trevorshire,PR,26228,2023-05-06 16:13:24
CUST001363,213b1241-83c5-4c14-b824-c62b2036971a,Brenda Hopkins,Lake Richardville,SP,33240,2023-12-20 06:50:49
CUST001364,bae3438e-2f43-42f0-802b-f49539e9c6ef,ERIN DICKSON,Kathleenberg,MG,43485,2024-09-05 12:02:00
CUST001365,252d3404-a944-45e0-9ff0-f8eb6c0990b6,Taylor Johnson,Welchborough,SP,24378,2024-10-30 06:41:42
CUST001366,08bbb29f-a277-479b-a498-a9f203aa96d2,Cynthia Sanders,New Timothystad,PA,25109,2023-01-26 09:50:11
CUST001367,f88505f9-d126-4905-9e99-3ecda0f35470,Jodi Lewis,Amyville,SC,98144,2024-02-26 07:43:23
CUST001368,83b5ad03-c4bd-43eb-a7cc-427447808b87,gabrielle stafford,Matthewfort,SC,72446,2024-11-15 04:10:58
CUST001369,ab02e104-18b4-4298-a9ca-a03d74d12024,Pamela Baker,Ronaldtown,GO,71714,2023-10-10 17:16:30
CUST001370,f99f5c06-3a24-4e17-9836-a02720507d45,BRIAN PIERCE,  Davidstad  ,SC,40744,2023-02-01 17:57:10
CUST001371,fbfbd9f9-8da4-4916-afa8-736973db49d0,tracy bonilla,South Lori,RJ,67466,2024-03-11 13:17:26
CUST001372,ae3a1f32-d70b-4463-a447-00ca31e3860a,alan quinn,Aliciaberg,BA,74279,2024-02-24 03:30:13
CUST001373,0c07e0e3-8669-4d31-87d2-e18fdc241f84,Heidi Hall,West Erik,SC,89681,2024-11-07 15:03:57
CUST001374,dbe38b89-a262-4fd2-a289-499e2a6716d4,sarah potter,New Sheri,BA,80411,2023-09-06 21:52:42
CUST001375,47469fb7-33c3-4015-9bb9-3bf66c8c4bac,wayne morales,Santanachester,PR,62962,12/02/2023 07:12
CUST001376,b8b758b8-22d8-408b-9269-6eeb77cf1eb6,  April King  ,Jasonland,PA,08263,2024-10-06 08:06:57
CUST001377,24cf8629-23ea-4a4f-a90e-5ee8c152caf6,Mr. William Bray,South Kristie,PA,85184,2024-11-29 14:59:08
CUST001378,3180c811-9767-40d7-a418-8dde6b44312a,Gregory Perez,Donaldfurt,DF,16684,2024-09-20 05:02:52
CUST001379,f1c056ba-95ff-4d9d-bd5a-0760b9d9c1dc,Christine Thomas,kathleentown,CE,83961,2023-03-09 19:33:11
CUST001380,8634a7cd-4fa8-4870-8547-5ee11e06d96a,Mark Ruiz,evansville,RJ,71444,2023-03-26 22:42:35
CUST001381,275759a0-7451-4c96-9c2b-4ca9be2f7685,WILLIAM LOZANO,NANCYTON,MG,50505,2024-11-10 15:03:15
CUST001382,1ce2ec5b-4165-43a1-a420-3a34d685b08b,Jessica Jackson,BLAKEBURY,PE,69030,2024-06-14 00:55:15
CUST001383,bb5493e6-ff63-4fac-96ac-b78e1a617efe,LINDA COX,  Copelandchester  ,CE,55770,2024-07-26 23:53:49
CUST001384,dd7b99a6-1aed-4cfd-a357-e4ea0e80c78a,sarah oconnor,DANIELLEMOUTH,BA,55504,2024-10-10 12:32:59
CUST001385,fbab907a-4051-4bda-9617-82cbaabf1a08,Adam Marquez,Sanchezfort,RS,29518,2024-05-24 08:15:42
CUST001386,44087701-aa66-40ed-af0b-5b2b97514f49,  Richard Erickson  ,Obrienfurt,DF,06019,2024-02-16 19:00:53
CUST001387,d694a527-9720-488f-9b98-a0e39a068a93,Tiffany Johnston,  Port Johnshire  ,MG,88661,2024-11-28 17:11:19
CUST001388,6bfd01bc-9a93-43ea-a75e-c164b5950807,michelle williams,phelpsshire,CE,69020,2023-10-16 20:45:41
CUST001389,d02b4c3a-6610-4a20-b0b0-c031098aef72,Natasha Reynolds,EAST ASHLEYTOWN,RS,83144,2023-08-09 21:15:55
CUST001390,4ad2a7ba-194b-4b6e-9436-deb3f229c37b,rebecca daniel,Michaelstad,DF,46687,2024-02-20 19:01:34
CUST001391,46d162d6-3faa-4fd6-b730-d07ef93c8285,Anthony Ellis,Kaylaburgh,DF,27944,2024-12-03 17:02:17
CUST001392,8c1a6477-dd0d-4739-8553-bb6d8ef86619,natalie mullins,port vincent,SP,12149,2023-09-03 22:20:00
CUST001393,89c9c0f3-9dcc-41b0-9a0f-df6155718266,Sara Perez,  Craigland  ,BA,84315,2024-03-12 21:31:19
CUST001394,7f480536-9f2e-444a-901b-cf4467f3e4bf,Nicole Harris,Bellmouth,MG,47878,2023-10-17 15:38:17
CUST001395,2b25a58a-f595-4b2e-a8c2-783dc138a98b,Brian Perkins,Katherineside,RJ,23819,15/12/2024 22:07
CUST001396,13707fcb-b215-44f7-9e54-1d3e65e17146,Brandon Harper,Phelpsberg,CE,94333,2024-12-21 15:39:21
CUST001397,6591d99b-5a92-4d27-8867-66415714fc0b,JAMES KIRK,Christinaland,PA,42946,2023-09-15 07:31:07
CUST001398,d37d8533-714a-4ae0-b98e-1f36ffdb3a38,joshua contreras,Anthonybury,SC,91606,2024-06-01 23:41:18
CUST001399,e008e8ed-3ecf-4f0a-b80e-c19dfbb713fd,Matthew Robinson,West Johntown,CE,80745,2023-09-21 01:32:07
CUST001400,6a1e5d9a-705f-452b-9682-a0b47bb7cc42,Yvette Lee,Port April,MG,52879,2024-06-10 14:59:29
CUST001401,e6ffee2a-e37b-4f84-9351-240fa093ca68,  Nicole Mann  ,Lindaview,BA,57034,2023-12-13 09:32:00
CUST001402,ecedf328-e669-4d22-9d50-d2eb5ec74b9e,  Erica Kelly  ,West Michelle,BA,92570,2024-03-29 03:57:01
CUST001403,94369f5d-89cc-4b08-8ba9-a0f03f3488a3,William Mueller,Nicholsville,BA,79680,2023-01-18 12:20:14
CUST001404,b7b24f20-592c-4e25-b858-e2033a52b383,Vanessa Nicholson,South Joseph,RJ,07474,2024-02-02 12:24:39
CUST001405,7f441add-7018-4f95-9e6a-10fa75d236e3,Amy Forbes,New Shaneton,PA,46062,2023-02-13 12:48:11
CUST001406,25db78d1-b4d0-4aea-9e19-893e7a0430c4,  Hector Blevins  ,ASHLEYTOWN,PE,94035,2023-10-15 02:24:07
CUST001407,b4479e70-6e4a-4071-bda5-b64899056421,BRANDI FOSTER,  Collinsport  ,PR,43824,2023-12-13 02:08:21
CUST001408,e03f7c17-cc65-4374-91e2-2c1e3b895644,JENNIFER MIRANDA,Michelleton,CE,93839,2024-07-29 23:04:39
CUST001409,1ea391e2-9662-4883-9bbc-cb30c124b471,Andrea Brown,crossborough,DF,33111,2024-11-28 06:46:51
CUST001410,c24217c5-c613-41c1-99fd-92a4fad2fd69,Sara Johnson DVM,WEST CHRISTOPHERFURT,SC,75736,2024-04-09 10:19:46
CUST001411,632fff79-af73-4c45-b2f3-9f61b3700e92,jane wells,Isaacport,PA,47052,18/09/2023 12:37
CUST001412,e10a5f9f-6e2c-419a-b50f-2f5c2d6acdd4,Brandon Green,East Michael,RJ,85334,2023-01-06 03:23:04
CUST001413,73a469a5-56f7-46bb-94e1-aabda20cc4ba,Kelly Smith,New Brianstad,PA,13017,2023-12-25 22:32:25
CUST001414,fc31654d-f6ae-4936-8071-4e0f2b23ace0,Abigail Cruz,PORT REBECCASHIRE,MG,49631,2024-10-08 10:53:35
CUST001415,2c21f1ed-f4a9-45b0-91c3-7e19dbfeed4a,Marc White,WEST COLLIN,PR,90046,2024-10-10 05:47:44
CUST001416,5fc97e64-9987-4384-a798-879be9a11cc0,Stephanie Mccarthy,New Eduardo,BA,58841,2023-01-21 20:20:02
CUST001417,ef6f5d6a-09ed-4c7c-9f40-ce6a07c478ba,tina shepard,  Savannahville  ,GO,46252,2024-10-09 23:25:04
CUST001418,84bbaf7a-9711-4545-ae2f-cae7aedb3046,BRETT LEE,New Samantha,PR,60095,2023-11-21 00:21:57
CUST001419,d4eee313-8c48-4218-a892-ab6fedb92750,Jerome Wilson,West Johnberg,SP,31886,2023-04-03 16:55:55
CUST001420,30370fff-7da2-4b48-914d-4890f5dbed2c,Amanda Brown,Cochranshire,SC,13448,2024-08-02 02:20:58
CUST001421,a9dbf628-1748-4a01-8514-7bc9d907ba3f,Susan Hart,Shermanborough,PR,37536,2024-05-02 18:41:41
CUST001422,c37637d6-72a9-4fa1-a2ae-8888520041ca,Tony Simmons,Bennettfort,RS,03624,2024-02-03 02:10:28
CUST001423,8fae46a9-524e-463c-9ab4-9e057dc1dda0,MR. JONATHAN HARTMAN,kelliton,SC,69648,2023-02-15 10:42:46
CUST001424,f2602a26-3025-4041-8aa8-6e33d4cd45a9,Steven Adkins,Lake Lee,RS,06786,07/05/2023 20:17
CUST001425,f77e1ee6-0c15-4b28-8728-971988c75e8a,  Cole Brandt  ,Port Marciachester,RS,97302,2023-02-07 20:06:41
CUST001426,2da46bc5-d966-48c9-8623-d81e8224da50,Melanie Williams,North Stephen,PA,24841,2023-05-31 12:58:13
CUST001427,51ffdef6-b660-4a31-b8b8-9fc4e47172b1,dalton clark,NORTH SANDRABOROUGH,MG,90860,2024-02-27 07:31:57
CUST001428,01368f98-4a5a-42d3-ac9f-ba0a1dc7deab,  Mary Herman  ,Traceyfurt,PR,30434,2023-07-30 20:21:43
CUST001429,66e6c48a-d679-4ab4-aae6-c3da5f2d38b8,Charles Sanchez,NICOLECHESTER,SC,89681,2023-10-01 02:50:47
CUST001430,e6ef3a0b-dd1e-4932-b5cd-dc34920ee451,CHRISTINE JOHNS,Roberttown,RS,55012,2024-08-27 22:01:49
CUST001431,4730b04b-608b-4508-a9e4-4d26d2d47ec7,  Chelsey Maxwell  ,Carolfurt,RJ,05979,2023-06-19 05:30:25
CUST001432,20fed1f3-72fa-40f7-8462-68d6b22d2bfe,courtney walsh,east rachelfort,PA,09217,2024-04-21 11:08:00
CUST001433,2ad88bca-53cf-44e1-8974-e16a2ef0963c,Dawn Becker,Mitchellport,DF,37817,2024-03-04 01:29:15
CUST001434,1bc6229e-42f1-4c7b-91f2-9ea4db029414,Jennifer Blackwell,North Angela,RJ,65770,2023-04-01 12:56:28
CUST001435,fedceb65-84aa-4e12-a08a-9c4f3366da87,John Rodriguez,Port Paulland,PR,91414,2024-06-20 18:07:07
CUST001436,6f9a544a-3de3-42e9-9141-26afce70d3f7,Jessica Thomas,Lake Sarahborough,SC,28082,2024-02-11 07:41:03
CUST001437,919cf735-0b33-47a0-9163-4a91b993b65f,  Christian Villarreal  ,Sandrastad,SP,61060,2024-08-01 05:44:39
CUST001438,0e721365-a4e6-4afd-a6cc-d201335dc080,christian carter,East Jackborough,MG,44526,2024-06-18 10:07:43
CUST001439,067ab1d7-7059-4387-b89f-52d2a8737d14,ANDREA SANCHEZ,ANGELABERG,RJ,72213,2023-11-26 22:56:25
CUST001440,1c82780f-0e84-4070-914b-30a9f6d4461c,Jennifer Ferguson,LAKE SARAH,CE,49046,2024-08-11 05:43:46
CUST001441,1a9226d6-e6c9-4d54-a4bb-879609d68cdc,abigail smith,PORT PAULSHIRE,GO,16182,2024-02-03 19:56:45
CUST001442,a0d763f0-c31d-4b91-b97a-0433db648ca7,Joshua Smith,Pinedafurt,SP,37524,2023-02-21 10:56:25
CUST001443,731da6ec-6303-4bd4-9db5-64b5af8422cc,CYNTHIA HENRY,MICHAELMOUTH,RJ,63301,2024-12-15 15:52:16
CUST001444,7447f8a1-2734-4be8-a609-2042eb5f8944,Heather Thomas,south yvette,GO,21514,01/10/2023 01:03
CUST001445,6e8649f1-055c-42ad-bd71-017f5e3a5dad,BRIANNA STEVENS,South David,PR,82617,2024-03-26 07:20:54
CUST001446,67e2020e-f11f-4e97-b546-1a1c5a5a5dac,jason quinn,Farleymouth,DF,48153,2024-04-21 02:20:09
CUST001447,661d3354-aa55-49af-9375-74b0567a25f8,Joseph Sanchez,NEW JAMES,SC,96092,15/08/2024 19:54
CUST001448,5d08c254-9e6e-4c9c-88bc-7784a8c99656,kimberly gallagher,brooksport,PR,28486,2023-05-14 10:05:21
CUST001449,1bd07f9b-7861-4769-a42e-4cff64907a63,Jodi Conway,Williamsborough,RJ,44761,2024-12-18 20:56:06
CUST001450,a8deeb1c-281e-4259-a3d2-1a338d3bc1df,Joseph White,Johnsonborough,RS,51090,2024-06-26 06:08:26
CUST001451,45f84c5d-2c1e-46bb-aac0-16bd9140a95d,Miss Patricia Davidson,East Robert,MG,61918,2024-10-10 08:43:17
CUST001452,216c0ed0-bd0c-4656-9e37-38773ee61872,  Katelyn Bishop  ,lake coltonland,BA,11740,2023-11-13 13:48:14
CUST001453,dcbc5e3f-eb90-40cb-8238-1c49057eccfa,Erin Davis,JAMESBERG,RJ,28420,2024-02-08 16:25:27
CUST001454,5ce9a3d3-10e6-4383-9736-b50e4ebc5f60,Emily Conway,Alvarezburgh,PA,38477,14/07/2024 21:36
CUST001455,8fd7dced-cd65-4328-99fb-ded24da12b02,  Spencer Martin  ,NEW RENEECHESTER,PR,21247,2023-12-21 22:05:11
CUST001456,78359656-a0f1-45fb-8d64-ec218fc93778,  Diana Charles  ,North Elizabeth,CE,19722,2023-06-25 10:35:09
CUST001457,c173d1d9-18d9-4279-b1e5-38a4e8c0563d,spencer kennedy,Jacksontown,BA,77332,27/10/2024 11:25
CUST001458,5cc53673-d165-4869-bcde-b1c8b028bafc,Lauren White,South Staceyshire,GO,45567,2023-10-13 09:36:14
CUST001459,15c33fae-fce1-46a1-96fb-9a22e2b6ef5d,Andrea Taylor,Ericaberg,RJ,15046,2023-11-04 20:52:04
CUST001460,f5ddb7d2-ca7c-4927-af5e-0d74fe2e7c0f,Tonya Flores,WEST CARRIEFORT,MG,02592,2023-11-03 15:49:08
CUST001461,6af0ebbd-971f-440d-a41b-b3b99f325c4c,Holly King DDS,SOUTH LUCASBURGH,MG,07318,2023-02-20 06:17:22
CUST001462,4e7fb47f-b354-419d-bd22-4110a63f69ea,zachary morgan,karenmouth,PE,86931,2023-04-06 08:27:09
CUST001463,08081d21-8d20-4cf6-953a-2bad148ae202,William Weber,West Oscarfort,DF,50310,2024-08-17 22:45:21
CUST001464,ac01e53d-b1fe-49b8-8936-312c636dfeba,james richardson,Russellmouth,GO,17847,2023-11-07 20:55:51
CUST001465,42f76d43-b818-4f1c-98a3-2011f1624df9,Katherine Adams,Sellersland,CE,87824,2024-02-02 05:27:27
CUST001466,8240252d-dc89-459a-9190-ae93e9d0c2ec,Allison Anderson,EAST CHARLESSTAD,PR,09015,2024-01-16 01:59:04
CUST001467,3ca872f2-cd2c-4a30-9268-9d81276cf202,Sharon Smith,LAKE LINDSAYLAND,RJ,20980,27/07/2024 01:33
CUST001468,df10c0ab-f734-4784-a049-d164952f6d11,LYNN RIVERA,New Davidberg,MG,26652,2023-10-25 04:47:44
CUST001469,14c69d19-ed33-49b7-befe-0e22eb0230a0,  Nathan Davis  ,  Moodybury  ,SC,28054,2023-03-16 19:47:20
CUST001470,630bf0db-1454-478f-b78b-f29d0cccb5c6,Joseph Alvarez,Lake Vanessa,CE,79859,2024-09-07 17:35:04
CUST001471,49be8766-781e-4d35-afa1-f2bcb4ce5f31,leslie valencia,Lopeztown,PA,10928,2023-07-23 05:47:39
CUST001472,43651cb8-329d-4f9e-b964-8a0f2d0490a7,Joshua Kaufman,Lake Kathleenborough,SP,25017,16/08/2024 09:20
CUST001473,fdf26daf-c19b-4990-9247-a092d93eeb08,James Huff,Carolynhaven,PE,84465,2023-12-16 14:45:41
CUST001474,403e3ee2-6d30-41b9-b7df-c57149102c10,  Nancy Schmidt  ,Juanburgh,SP,08975,2023-05-18 09:04:49
CUST001475,581f03df-7e71-4da8-9012-8b960fc64cf0,Amy Campos,  Millermouth  ,DF,02073,2023-05-08 11:52:13
CUST001476,16965a15-acac-4b18-be88-64abfa27a8f8,RAYMOND ROCHA,New Josemouth,CE,59586,2024-08-16 10:11:59
CUST001477,7afeb17e-cf9b-4d33-be00-565d5bad4331,Eric Burns,East Brenda,GO,06097,2024-02-23 23:00:10
CUST001478,77069f94-68e4-48e0-9a57-5306b0dc80e8,Erika Hogan,Fordmouth,PA,59768,2023-02-13 07:00:55
CUST001479,c0242e61-bce4-470b-a45f-8b4a27165ab6,Travis Marks,Patrickberg,SC,52853,2024-06-09 10:38:46
CUST001480,ca978f1d-6f33-4c5e-8392-3cfa5d9f2c8c,Susan Hernandez,  East Cody  ,SP,51788,03/04/2024 15:02
CUST001481,565a4a42-4559-4d60-a65f-d5c178e7e190,Jonathan Moore,  Jeremyfort  ,DF,80038,29/03/2024 13:56
CUST001482,6f6335bf-6ecf-4ab4-bfc7-6f6ab9465130,Caitlin Costa,  West Suzanneland  ,RJ,42874,2023-11-29 13:15:38
CUST001483,4a10ff5a-9b99-4012-ba09-071cb4bdfeed,  Joseph Snyder  ,  South Tracy  ,GO,40872,2023-07-09 16:45:23
CUST001484,a165c37d-56ad-4649-a89a-2abca1aa8c49,Luke Carr,New Julian,DF,95496,2023-02-20 21:00:46
CUST001485,dd357f0d-b042-4c62-8e9f-b2785f942c43,KEITH WELLS,south mitchellbury,PA,27954,11/09/2023 07:15
CUST001486,3bc29d89-b033-4c0d-9381-e235f1cfc83f,Stephanie Schultz,Buchananside,PA,45164,2024-12-01 03:29:50
CUST001487,b2c5b9b9-54c0-4524-8b37-a85d93c4ad32,CAMERON MORRIS,Lake Brittany,SP,31567,2023-09-03 20:15:17
CUST001488,7d14190d-3fc4-44d0-91d5-0a53d035dd19,Stephanie Edwards,South Karenmouth,CE,11158,2023-03-19 17:11:30
CUST001489,9a43fa95-7672-4dbe-bdae-4677877bfb50,theresa luna,South Perryborough,GO,36704,2023-09-21 17:28:25
CUST001490,d907a314-5d20-48de-a4a1-1c7fb63f93f6,kara walker,West Michaelfort,BA,74147,2024-01-21 23:51:04
CUST001491,f4e82b6c-45d3-408a-889f-884f2568221b,William Jacobs,PORT LISA,PA,25168,2023-06-16 06:44:32
CUST001492,9ae69d97-98fb-4955-ac78-342ef52d82cc,NICHOLAS MOSS,New Lauren,PE,37523,2024-09-16 22:53:14
CUST001493,6c4928d4-6042-4eb5-8a6b-eccd3f8bc509,Sarah Evans,EAST KENNETH,SC,04278,2023-03-15 13:57:45
CUST001494,6be26493-c32a-4b1b-a4dc-6a67a6d18c91,john browning,South Connie,PA,73280,2024-01-05 03:38:40
CUST001495,c22a899a-71b3-4c91-9806-3af9282fbcce,  Timothy Bryant  ,LAKE CATHERINE,PR,37825,2024-01-27 23:09:45
CUST001496,52a343b8-20e7-46ef-9623-934629b3e2d3,Becky Parrish,Woodmouth,BA,94938,2023-11-18 19:22:38
CUST001497,a0fef51e-0684-4438-8cd5-219a6001e75d,Fred Thompson,Lake Justinshire,PA,99655,2023-05-21 06:38:37
CUST001498,82ff51e0-e21d-4d53-8a14-e77e918b2860,Mitchell Anderson,North Donaldville,MG,69022,2024-03-24 01:08:18
CUST001499,3c29d9ed-b6bf-4f51-b0ab-e31629d36291,Isaac Kelly,South Matthewland,CE,65048,2023-07-28 02:41:17
CUST001500,865162a6-0fe9-4780-8b8c-6b6e668b179f,Richard Neal,Port Jaredburgh,PE,15606,2024-12-26 22:52:35
CUST001501,42c0d1c2-de60-4544-a953-1b87c344819d,Anthony Vega,North Dawnbury,RS,63244,2023-12-26 05:22:36
CUST001502,c22edfc4-3810-4177-8acc-09da0ada634b,christian harrell,Marcusfurt,PR,03024,2024-10-17 15:34:28
CUST001503,7e029b3f-4a25-4ec8-83fa-363d829f8b39,  Miguel Perry  ,North Jameston,RJ,27873,2024-05-07 09:15:53
CUST001504,01d4bcf6-7dd0-474b-952e-653e3ac0e784,Bobby Keith,South Jason,GO,70785,2023-05-05 17:30:30
CUST001505,be876c4f-a0af-4f67-aa4a-973e01e1af8f,Deborah Brooks,Mooreborough,RJ,99351,2023-04-27 11:29:56
CUST001506,321e2462-55a0-4b97-819b-73339b8ce31b,david wilson,Shannonmouth,CE,79585,2024-01-13 00:10:58
CUST001507,8305a8cb-abfe-4fb5-a6c2-b716f7bd7750,Christine Rodriguez,Ballardborough,SP,26734,2023-06-06 21:22:33
CUST001508,bf4d493d-bc57-403e-91f9-1586c27f9590,MICHAEL LEWIS,michaelton,PR,85413,2024-05-26 14:30:43
CUST001509,e3e492f3-911c-4bb8-bad4-d4c4a0493ed9,Darlene Dixon,ALEXANDERBURGH,DF,44270,2024-01-13 08:45:02
CUST001510,b84e203d-f261-4977-bfe5-4edd34d387dd,GARRETT JOYCE,South Timothy,RS,78716,2024-04-12 06:37:55
CUST001511,aac21afb-fc9d-415b-8b85-53f6490c3442,DANIELLE JENSEN,Port Anthonyton,RS,01970,2024-06-05 16:52:29
CUST001512,00009f1e-ee1e-4dbf-8634-0607f260a3ed,JAMES CARROLL,North Brian,DF,28721,2024-10-16 14:00:13
CUST001513,6c5495bf-f88f-4979-b0d7-509da551524c,JACQUELINE RAMIREZ,West Kayleeville,RJ,40091,2024-02-10 09:59:38
CUST001514,ee1cb89a-74f9-45ca-8341-fd0e244f802b,Victoria Rocha,Lake Julietown,PA,62957,2023-07-15 14:02:32
CUST001515,160a56e1-1cd2-4c9f-83ac-0d1b2cb15c02,JORDAN TANNER,Josephshire,RS,63379,2023-09-13 18:20:03
CUST001516,273e54e5-b119-478c-bb3f-429710335eb4,James Bennett,South Ryanmouth,DF,54558,2023-07-03 06:12:16
CUST001517,93a69684-0365-49fc-b910-70e02cce4cce,mary chung,JENNIFERFORT,BA,27069,2023-08-02 05:55:59
CUST001518,abd68d74-063f-4c11-846c-c0d6cd4c01b3,shane young,Patrickton,CE,74322,2024-02-19 08:36:03
CUST001519,8f16fac0-6f72-4ca4-9b64-3c30d5dc4812,Katherine Hall,  West Michaelstad  ,PE,60303,2024-01-04 19:55:20
CUST001520,29f5010c-8b6a-4c97-b8f4-223bd21a5375,Steven Barber,West Jill,MG,45955,2023-10-09 22:46:24
CUST001521,66db005e-9488-4285-ac88-d2576831429e,  William Saunders  ,  Port Emily  ,GO,65317,2024-12-04 02:41:58
CUST001522,5c3e82e9-6867-453f-8ad2-1d5dacfb605e,Angelica King,West Sandy,SP,85103,2024-06-20 11:15:14
CUST001523,8a09c8b4-c0f2-434e-b365-949b777028e6,Carly Williams,new matthew,PE,83429,2023-08-29 05:10:57
CUST001524,d9e18c82-28d0-4562-beaa-d00dd4fecf58,Brenda Velasquez,Port Heather,GO,11215,2023-04-05 19:14:49
CUST001525,1ca42a3c-e177-405f-ab42-03f7d2cd2f44,kimberly stone dds,Sarahburgh,SP,97456,2024-12-07 15:41:52
CUST001526,c9a84bdd-b5b2-4ed1-af1b-53163a0e681b,Bruce Dennis,Amyfurt,PR,69067,2023-03-12 02:23:16
CUST001527,38151095-648e-45eb-91c1-a2dba82a1132,Nicole Watts,east daniellemouth,MG,20909,2024-12-12 09:26:31
CUST001528,c0d98272-e52e-4409-b1a6-3ccfd597ea14,  Aaron Leon  ,South Drewland,GO,91587,2023-11-12 13:46:20
CUST001529,c17c2577-3de8-4a53-8e7a-7311f33a72c8,roger weaver,PORT JAMESTOWN,CE,04577,2024-01-01 21:46:40
CUST001530,2f8af5db-3503-4e05-9efe-ce734bb88157,Melanie Jones,  Tapiachester  ,PE,47361,2024-11-12 00:00:49
CUST001531,b2a43bf4-02b4-4d26-a72b-0fa7a95da34b,GRACE BROOKS,royshire,PR,63211,29/01/2024 06:45
CUST001532,0ab84fe2-97e4-4173-9d63-bda6a29dc073,Vanessa Porter,Anthonyfort,PA,50800,2024-07-27 01:19:08
CUST001533,1916f984-c510-497a-89fd-09b5c0bf3b37,Kevin Gilmore,Vangfurt,GO,05569,2024-05-13 08:09:04
CUST001534,e7e77386-c251-40f8-bcc9-6b10f677fb06,David Davis,Lake Maria,SP,83246,2023-11-08 04:52:41
CUST001535,613dec3a-7466-409d-9810-c0abec1c9109,  Dana Riggs  ,West Kylemouth,RJ,28885,2023-05-03 14:01:24
CUST001536,02a29fcc-184e-43db-a91d-8bea9d1c92f0,Linda Leonard,New Seanhaven,GO,24255,2024-08-15 18:23:02
CUST001537,90a71d24-b277-4e31-8655-6f9a7692f681,Tim Valdez,West Brendahaven,RS,64870,2023-12-17 16:22:54
CUST001538,4b1b9280-73a4-4f97-a6fa-a03b2c85ef20,Amanda Burke,rodriguezberg,GO,10570,2024-04-05 14:42:06
CUST001539,3fc1428a-7c7a-4691-bb6d-eeca32f9bae0,Reginald Roman,port nicholas,PE,40121,2023-10-13 12:33:09
CUST001540,dd95b4d7-570e-4ab2-b932-3a072ec3f8e0,Sarah Perez,Stokesville,SC,13809,24/06/2023 08:44
CUST001541,bd87ff11-21ca-4fcd-a3a2-f59c2a184cbc,LISA JOHNSON,Richardsonchester,SC,03192,2024-05-01 17:10:50
CUST001542,b19dab55-e5ce-4a0f-8671-e213b55a478e,JOSHUA BARNES,West Samuelchester,PR,09274,2024-06-28 16:27:19
CUST001543,e0b641d0-4345-429c-9655-8df410af54cc,HEATHER MORALES,East David,SC,21734,2023-07-22 01:41:33
CUST001544,aa25e8da-2fd1-443d-9207-1602161cd674,Matthew Gardner,timothyburgh,SC,76800,02/04/2023 03:34
CUST001545,0a2d6f03-8f46-4f34-9da8-558369cb2141,Charles Anderson,Smithton,CE,67373,2024-10-04 13:11:47
CUST001546,8649c4c3-1cdd-4a61-831d-45fcc9c01379,LAUREN SMITH,West Samantha,BA,63466,2024-10-31 11:39:54
CUST001547,a9fe494e-304c-4b39-b6ab-eff0cd1d19da,john garcia,Transide,PE,09796,2023-04-12 03:05:29
CUST001548,db9bc56e-2080-493c-aac5-e8a325679f2a,shannon jones,new fredchester,PR,82502,2024-07-18 10:49:12
CUST001549,d3f63623-39b0-4426-b007-1d3b5c99d8ab,Anthony Reynolds,Kimberlytown,MG,25746,2023-01-23 08:22:11
CUST001550,5fa9a39e-ee47-48d4-b9fb-97b9abf1a574,larry camacho,South Christina,BA,67288,2023-10-15 02:32:48
CUST001551,df32f343-a562-40a0-a812-7855e384bc71,Brooke George,TYLERLAND,CE,57221,2023-04-14 11:07:11
CUST001552,10fb436c-6ad5-401e-87e9-fb0b998deba3,Michele Waters,West Joshuaview,BA,61384,2024-07-08 01:32:45
CUST001553,eac7c57b-fc96-4d06-8e8b-30cea67155cd,Russell Jacobs,Melissafort,RJ,67536,2023-03-16 00:08:13
CUST001554,df044782-c1e6-4068-a2d7-0bec7cdfa469,LEAH CASTRO,South Matthew,CE,91127,2024-12-06 10:34:11
CUST001555,8861972e-57a8-4eef-b9a8-743d7d5b6037,Lynn King,Sarahport,SC,78414,2024-07-05 03:16:05
CUST001556,ed441085-5024-46c6-ba53-de538375e8f9,SUSAN KNIGHT,teresaborough,SC,44409,2023-10-23 21:11:34
CUST001557,474d3a1a-695a-42da-ad14-e5bf848622e3,Jeff Hopkins,  Port Kayla  ,PA,39169,2023-02-01 22:37:31
CUST001558,5c8a6866-af9c-4cfb-afe6-01c530a19d7d,kristen harris,Perkinsburgh,RS,15864,2024-11-12 21:10:53
CUST001559,4a9d3213-e04b-4533-b905-a7b6b97ee830,CHRISTINE TYLER,Isaacfort,PE,49652,2023-04-21 03:15:50
CUST001560,b7900752-7bfd-4c74-a441-e11e3ee1db8e,  Keith Medina  ,West Catherine,CE,33601,2024-11-08 01:17:04
CUST001561,d0284602-6066-4e51-b76d-71261fda98c9,jenna jones,  Sarahmouth  ,PE,72675,2023-08-08 18:06:49
CUST001562,82d8a7f5-46ef-4aaa-9237-6d229565bc2f,christina williams,Fullerfort,PR,78524,2024-02-06 13:04:09
CUST001563,630ae016-6fea-44f5-b9f3-43731bab13ac,Charles Martinez,  North Melanieview  ,CE,14586,2024-08-16 03:56:29
CUST001564,209ebc46-44b6-4c9e-8904-59d78c69e2e8,Tammy Mcdaniel,North Patricia,GO,74762,2024-09-11 23:54:09
CUST001565,566d56e8-1c86-4f6f-8285-ede10f5449d1,michelle mitchell,EAST JEFFREY,MG,79624,2023-01-28 20:31:14
CUST001566,ed87adb6-4448-4bb9-8071-26f39213f643,sara hernandez,Kathrynburgh,RJ,50737,2024-11-26 07:16:31
CUST001567,0476fc34-9dc5-4ddb-8aad-970f34010fe9,ANNA YANG,  Lisaville  ,DF,13042,2024-03-11 15:05:09
CUST001568,3891b7f7-6809-4986-986a-f8f93f068051,Leonard Mcclain,West Daniel,MG,31797,2023-04-07 01:04:55
CUST001569,946320bc-6f68-43b3-8ef9-7a7dabd13f1a,sarah griffin,north melanie,MG,54048,2024-08-05 11:49:56
CUST001570,267faa83-7149-4c71-b1b2-b47ab6617c50,janice gilbert,Johnsonview,SC,27387,2023-06-14 23:21:04
CUST001571,6fc8503c-7dd4-4e50-ac5e-1ec3e1be0ed9,Kelly Morris,Romerofurt,SC,58459,2023-05-21 06:02:50
CUST001572,24fefbbe-5f7a-4026-b499-a7839b471e77,LINDSAY HALE,Jacksonfurt,GO,27650,2023-03-15 05:58:36
CUST001573,67b4c897-5a6f-4b6b-9070-2efc37ca273b,MIGUEL ROACH,Burkefort,GO,03682,2023-04-05 18:04:33
CUST001574,3e7b8fb1-9035-46bb-af6d-8fc6afbdf369,Amy Marquez,South Ashleystad,RS,50435,30/04/2023 10:34
CUST001575,b963c2fc-6fb0-4297-bdaf-638b053f1a43,Jeff Kim,Jeremystad,CE,34561,2023-12-19 16:12:29
CUST001576,381958f2-2b25-4bdf-a879-1fa47a80fdd0,maria george,Port Barry,RS,50497,2023-02-04 01:22:02
CUST001577,3a843b35-c2bd-4805-8c48-52175d549496,Thomas Davis,  West Christianview  ,DF,59889,2024-07-24 08:42:31
CUST001578,dbc6ac37-2442-40c6-8b0c-100c2626c97d,Seth Lopez,COLLINSHAVEN,SP,09253,2024-09-14 14:07:24
CUST001579,9ef63a80-179f-4235-9f2e-f2803b5844f5,  Matthew Mueller  ,WEST AMY,RJ,55979,2024-02-29 23:43:52
CUST001580,046606f6-3c7a-412d-aafd-3660e5199bd9,Christie Marquez,Port Craigburgh,MG,70487,2023-07-06 11:25:04
CUST001581,8dae27d7-7668-4540-8770-6e6d1fc775eb,Miranda Hernandez,EAST KRISTIN,BA,43162,2023-05-07 13:26:04
CUST001582,45b7e83c-c42f-4d59-abfa-ba2ddafbf997,Alicia Wagner,South Denniston,GO,61982,2023-04-30 17:16:42
CUST001583,3deed56a-21dd-427e-98b6-a80227e9add3,Sandra Berry,Stevenmouth,PR,23457,2024-12-02 22:49:40
CUST001584,3f8b015e-b6a3-4409-9c20-d86bb5d044fb,LARRY WILLIAMS,Taylorport,RS,60895,2024-02-03 04:32:55
CUST001585,ad724e2e-7d6d-4a57-8c80-a698876588fe,Krista Barber,Haydenhaven,PR,46892,2024-03-13 08:08:40
CUST001586,b7e62b4d-93d5-426f-9b03-2c39c950824d,JENNIFER KING,Jacksonfort,RS,17047,2024-04-21 19:19:29
CUST001587,12cb7604-34f6-40dd-8952-9a77ce09e92a,Holly Evans,REYESPORT,PA,49472,2023-09-23 10:35:08
CUST001588,32de3097-7cba-4dea-9086-0861061cba48,Cindy Hampton,South Michelle,DF,98703,2023-05-01 10:42:31
CUST001589,4d4e0bd1-cb33-43c6-a629-89b923cce3bb,Charles Lester,Kingfurt,RJ,61626,2023-08-14 19:05:49
CUST001590,e1e3e199-5f1f-45c3-b717-a7cbb67ffa23,CARLOS MOYER,East Penny,PR,13776,2023-04-26 10:13:35
CUST001591,59bdfac9-0d99-4ab9-9fc0-ccce4ba08508,James Valdez,  Millerport  ,BA,47001,2024-02-11 07:08:33
CUST001592,7a23c1bc-8d36-4929-8337-3b02d2333b12,William Boone,West Markport,SP,66917,2024-02-03 18:44:25
CUST001593,19eef9d6-fdfa-4cb1-82d4-93eb2a7b65de,Michael Nelson,NEW JEFFERYHAVEN,GO,49163,2024-07-13 11:33:05
CUST001594,5583b4db-6746-4338-b2c7-a202062e0778,julia howell,michealhaven,RJ,77259,2024-08-20 00:36:51
CUST001595,c22c9037-703a-4746-a22f-38841f9071b1,DR. ANDREW MAXWELL,East Sarahfurt,MG,43774,2024-09-02 15:24:11
CUST001596,bb404bc8-709a-42bc-b6da-79bba91e25a1,Debra Thomas,NORTH CHRISTINA,DF,36645,2023-08-20 04:33:06
CUST001597,0b4476b2-0ab9-494f-b861-7ce964f75c10,Troy Lee,South Lauren,CE,20377,2024-04-29 12:40:06
CUST001598,41515f1e-9174-4136-8c0b-dc3f6d4a1259,  Christine Ritter MD  ,West Jessicaland,MG,29218,2023-06-13 22:35:58
CUST001599,2a6504e1-fb2f-4e8c-aa46-391177e2f124,Katherine Miller,Cainmouth,GO,81345,2023-03-24 14:08:49
CUST001600,d9c0847b-5f43-44e4-babd-c4aaba5916c5,TYLER RAY,Crystalmouth,SP,69537,2023-05-14 09:22:44
CUST001601,d5da108b-ae94-40b5-aaf1-c93827d54ab0,Kelly Ramirez,East Lisa,GO,57369,2024-08-01 01:45:59
CUST001602,f09fe936-5401-4034-85ae-25d27bbfd692,Kathleen Ramsey,Williamsshire,SC,39867,2023-10-08 04:28:18
CUST001603,1b435fdc-41f4-4834-9cf5-d1fccd3a7e73,Kristen Richard,East Steven,PR,20588,2023-03-10 01:38:14
CUST001604,8ace3a10-b287-4bdd-993d-ab13ed11b850,JENNIFER ROSS,KERRYBURY,SP,21793,2024-06-24 14:59:06
CUST001605,edac4484-f2d0-48ca-bb2e-329d9f80bd12,Patricia Howe,south richardchester,GO,20692,2023-04-23 17:52:12
CUST001606,07d51b96-fa75-45fc-b921-f0b36a0a8302,Jacob Parker,Kochfort,PA,52450,2023-05-29 06:54:12
CUST001607,6e1b670f-67c2-4684-b6ca-939096a2e79d,Donna Bishop,WEST ERIK,PE,43380,2023-01-17 22:41:42
CUST001608,1537846c-da6b-491d-a079-165797ec147d,Bradley Mclaughlin,New Roy,CE,12600,2024-01-12 17:55:42
CUST001609,cedf8af6-cb28-4c77-b855-ddabef332684,Brittany Williams,Thompsonberg,BA,38698,2023-08-18 00:03:20
CUST001610,adc1e2f7-5de4-40f7-97f4-d848fbd3d538,Samantha Howard,NORTH FREDERICKPORT,SP,43773,2023-03-21 17:47:12
CUST001611,95368ae6-ff0e-48ea-89f8-1e6f1997b851,Andrew Smith,Port George,CE,51732,2024-07-26 12:08:08
CUST001612,1b87a428-7d88-4d25-be54-c772d2fe2d04,Eddie Copeland,Port Cheyenneberg,SP,09013,2024-01-14 15:35:37
CUST001613,428e31ed-da36-467d-9b2d-ceee765bb069,Ricardo Robertson,Obrienport,GO,04699,2024-12-03 23:47:10
CUST001614,aa3e009c-56b2-43cd-9a26-ec8964b56f4e,John Chavez,Kellyfurt,PA,55285,2023-01-15 18:33:07
CUST001615,cb5475bf-3c31-485d-ae35-0ed7ce955086,  Mrs. Erin Allen  ,LAKE ERIC,GO,10915,2023-11-21 00:00:20
CUST001616,1e22c6b2-e009-4827-9672-663f0f0a1d5b,ZACHARY MARTINEZ,West Kayleemouth,GO,76427,2023-09-27 08:09:05
CUST001617,6f721a94-7b49-4cf3-b7f8-d2843d3fc0e0,Timothy Barnett,sharonborough,DF,62527,2023-05-30 06:53:30
CUST001618,281269bc-5d3c-42be-88a9-7c0fa7fb859f,Gregory Williams,Perryfort,SC,61253,2024-12-07 02:17:45
CUST001619,c8a22fe0-65c1-4162-b76f-fc87a8884750,Erica Anderson,Juliechester,DF,86799,2024-05-25 06:35:14
CUST001620,c0633a98-ea5d-43de-b543-c14d5095f881,Melissa Smith,West Robert,PE,64319,2023-11-20 18:51:13
CUST001621,25ee52db-55a5-4ad7-bd05-bd92e0222432,Charles Hunt,Kruegerborough,CE,94975,2024-09-13 04:30:53
CUST001622,c55713d3-09d7-4c9c-aaf9-8a8b2e361846,isaac cooper,matthewville,DF,63782,2024-08-04 23:06:45
CUST001623,80469354-f822-48a7-9306-e664c5857b6b,Charles Becker,alyssahaven,MG,77897,2024-04-15 11:58:47
CUST001624,32586047-9cba-4eda-ad34-3b0f9cca6d2a,Travis Mcbride,Maynardshire,CE,72213,2023-08-24 20:28:53
CUST001625,c17a608e-ff2d-4318-89ee-49ed4a4a1b64,Duane Smith,South Mariachester,RS,61258,2024-11-15 05:16:48
CUST001626,9267e278-9bd7-49be-a265-eddaea02cc7d,Ethan Garza,bakerton,PA,30578,2023-01-25 19:57:50
CUST001627,410f71df-945e-49c7-a785-79d2ab1e5fcf,  Aaron Perez  ,PORT SHANNON,BA,52533,2023-04-04 17:47:16
CUST001628,f5694392-0c3a-4ed8-ae15-2f7100937ba0,Robert Nichols,Smithport,RS,79176,20/08/2024 14:10
CUST001629,fd267a93-7f23-42b5-8d1b-293ba9cef593,Kimberly Tran,port jimmyfurt,MG,74000,2024-10-24 20:40:51
CUST001630,8b8943fd-2d5f-42b0-941e-4d9cb9c8ddd8,Alexis Jordan,Deborahfort,DF,03212,2023-02-09 03:56:05
CUST001631,bfd95996-ee5b-4379-a13f-a67b197634e5,Caroline Carter,Robertchester,RJ,27251,2023-03-24 05:58:02
CUST001632,18fc9899-5c86-46f9-a9f5-d43dbaaa58f6,Donna Cuevas,North Tonyaville,RJ,00937,2024-10-01 17:12:26
CUST001633,c75694ac-10e4-46c9-bd53-3deef41e2e7c,Olivia Nelson,north kathy,RJ,44741,2024-11-07 10:11:01
CUST001634,d5cf18c2-c418-4fea-801e-59011f16a10e,  Julie Martinez  ,Kristenstad,DF,12563,2023-12-09 22:29:25
CUST001635,ce7d765b-634c-45ea-ad28-746a5a6df285,Tony Swanson,North Francismouth,MG,21517,2024-05-17 14:41:14
CUST001636,88e941fd-b085-4679-90b2-1f9885a7797f,William Todd,ANTHONYFURT,BA,99690,2023-12-08 01:34:29
CUST001637,832df0cc-cea9-43a0-9a83-85f96eb1de50,Jennifer Jackson,AYALALAND,CE,98103,2023-09-23 02:40:02
CUST001638,ef0d44d7-a832-4652-95a2-86133a0c5dc9,kathleen townsend,morrisstad,DF,26599,2024-08-09 07:20:04
CUST001639,73f1df26-0950-4a6c-8abe-31afe6647803,Kenneth Smith,deborahchester,PA,98769,2023-11-24 13:28:18
CUST001640,50aefe0d-f836-43b0-81e7-719cd667a724,ANGELA CAMERON,New Derekfort,PE,73060,2024-11-28 13:08:59
CUST001641,c2f72b1f-b9d4-42d3-8d35-f50cff02bf74,Mario Johnson,Johnside,RS,56290,2023-01-24 02:49:16
CUST001642,1b48732f-dbd0-4097-89f7-e4684b1fa028,Eric Maynard,Lake Jonathan,PA,50253,2023-02-24 01:05:14
CUST001643,570662ce-47d9-4d10-a72d-6aceffd0dce0,  Vicki Hester  ,Charlesport,MG,97314,04/12/2023 03:41
CUST001644,06b19eec-05d1-47ad-a828-b0b74cc1032d,Mrs. Michelle Kane,West Danielview,GO,44250,2023-04-28 05:57:03
CUST001645,2ec01db7-1fac-4217-a36e-bb7f517ce082,LAUREN MILLER,West Larryside,DF,99439,2024-09-12 15:45:31
CUST001646,1464cda8-dbf7-4a26-a9b8-9caf8a930d39,Kimberly Ray,rebeccaport,PE,13665,2024-11-19 00:11:20
CUST001647,ee481499-c096-4be4-a755-978de5341283,Thomas Fisher,  Josephton  ,DF,18443,2023-09-01 15:42:10
CUST001648,f1d799af-f2f0-4a8c-9825-068b11997084,ASHLEY WOODS,pachecofurt,PA,71537,2024-04-19 02:42:01
CUST001649,974232a6-28a7-4260-83a8-007e1b5d3449,Stephanie Wright,Garyshire,BA,92342,2024-11-20 09:41:09
CUST001650,cfef7fd7-a17e-4816-9a97-793bdddf8a27,Daniel Erickson,Lake Susan,DF,89950,2023-09-26 03:56:16
CUST001651,686cd27d-fd59-4efd-bd14-01de827aae2c,Joseph Nelson,South Amy,BA,08282,2024-11-15 06:33:30
CUST001652,aab8cc30-9cfe-493d-b604-96b66e025590,ROGER CARTER,  South Terri  ,DF,54442,2024-07-12 08:54:16
CUST001653,44f4caeb-49a4-443e-940d-8bcce926aa56,SCOTT MARTINEZ,Scottfort,PR,00691,2023-06-16 00:18:00
CUST001654,973a9058-67d1-4b6f-9d57-20cdfa5223bb,David Anderson,Port Danielle,GO,16226,05/05/2023 07:07
CUST001655,21e8265a-3fb0-4e1b-abc8-36cff798bd22,Crystal Wright,Lake Charlesfurt,PR,17928,2023-07-07 10:53:58
CUST001656,f59b39fa-46cb-4b60-b7d7-bd4af718a6ad,  Aaron Clark  ,Port Heatherchester,PA,14519,2023-03-27 18:47:10
CUST001657,24f6548d-7273-4998-b4d2-44cd57632be7,Matthew Martinez,markchester,PA,50141,2023-10-03 07:51:43
CUST001658,466aa217-ae29-47c1-84d4-65dfa8d65147,Dakota Reid,South Michael,CE,87776,2023-08-20 10:23:51
CUST001659,3e2613ab-a98c-49cf-b25f-3382dbad54e6,TRAVIS KIM III,  Fordton  ,BA,08311,2024-09-17 13:30:44
CUST001660,4a00ae99-8637-4844-b570-7bd6bf922ea5,Brian Mitchell,Joshuachester,GO,02305,2024-05-31 22:12:07
CUST001661,87935d69-c33b-403e-8923-527f7925dc65,Jesse Turner,  South James  ,PR,36626,2024-06-02 00:20:02
CUST001662,63fe0717-f6a8-48cc-ba11-df76d6e75f73,John Kim,North Kimberly,DF,85071,2023-10-21 08:11:57
CUST001663,fc8ad016-3808-4dba-a273-f1647c641c58,katrina villa,  West Jenniferhaven  ,SC,33899,2023-05-30 13:29:24
CUST001664,dcac3096-4595-4a60-994d-397db09dcd19,  Rebecca Francis  ,NORTH ASHLEYVILLE,DF,32118,2023-11-27 15:28:35
CUST001665,cf492a27-4089-4b7c-8866-7469e6162980,TYLER VELAZQUEZ,LAKE TYLER,MG,69749,2024-01-05 22:00:02
CUST001666,05028ad9-f568-484d-a62b-2cda00dce949,MICHAEL SPENCER,Aaronborough,PE,25060,2024-04-01 21:34:41
CUST001667,b88ba445-4e6c-4bae-bb8c-ea351bc47161,Danielle Ballard,Lake Richard,SC,79350,2024-01-23 10:48:53
CUST001668,1899598d-5b5c-4adf-9063-bf1890b1f965,Marcus Zamora,Brandonmouth,CE,47278,2024-07-22 08:11:33
CUST001669,88510075-3dbd-410b-8249-024178ac9c5e,Darren Bernard,LAKE CHARLESSHIRE,MG,18457,2024-01-12 12:39:48
CUST001670,0b3b81a9-ddd6-42a8-a925-f2d53b36c46e,JASON FERRELL,North Erinside,PA,58340,2023-04-02 16:45:48
CUST001671,bcef2c15-3881-4713-a2be-a0bcb7eb1786,Jacob Johnson,NEW ROBERTVIEW,MG,84782,2024-03-10 05:00:46
CUST001672,e4a2618e-7328-4280-a3ca-091596b0356c,Glen Young,North Lindaside,PE,98335,2023-03-27 16:48:54
CUST001673,3dbff049-c2cb-4bc7-b032-9337a10d27dc,Michael Weaver,PORT TRACYBOROUGH,MG,54477,2023-04-02 10:52:26
CUST001674,16b5b5fc-199f-4b17-94ab-a577e3311ee6,Crystal Johnston,  South Heatherstad  ,CE,99241,2023-01-22 17:32:37
CUST001675,2a0f31e4-b229-4f1c-8e68-d0c173cd9709,BRENT BURTON,Lake Joshuaburgh,SP,21073,2024-12-28 15:36:09
CUST001676,bb8133fb-0b92-4003-bccb-296d3bf5d00a,Ronald Gonzalez,stevenmouth,DF,30074,15/01/2024 15:46
CUST001677,1e2d22f6-080f-49b3-a26f-93e79e5f992d,Misty Richardson,MARYCHESTER,SP,20676,2023-11-21 08:09:54
CUST001678,e6b23125-d568-492f-9032-5480b01b5658,  James Jackson  ,New Gregorychester,RS,14725,2024-08-29 21:24:27
CUST001679,36378db3-2854-4b64-83b0-de8615b73e01,Jason Hamilton,West Jennifer,MG,94050,2024-08-14 19:48:01
CUST001680,87e6d238-ad59-4953-a242-97fc8e144e1f,Tara Nolan,Oliviaburgh,GO,78393,2023-12-15 19:21:35
CUST001681,3730bf79-913a-47af-a917-9e028868b644,Jessica Carr,RAMIREZVIEW,SC,79967,2024-05-31 03:13:15
CUST001682,cc5d86e4-bbc1-4bbe-ad1c-4d7036d25823,Alicia Sullivan,Bartonmouth,RS,12431,25/02/2024 04:52
CUST001683,cbee1876-1d87-4a3e-94d6-cbb0dfedf5fa,Stephanie Hall,New Timothyshire,PR,93883,2024-05-16 16:45:24
CUST001684,0d8660ca-229d-4816-9113-8946bcd42854,kimberly hall,EAST REBECCA,GO,67140,2024-09-10 09:28:31
CUST001685,e2696a73-8b2d-4d83-9b5d-e3c9dbb9c173,  Joshua Miller  ,West Joseside,GO,18350,2024-03-10 11:05:32
CUST001686,6d7f1aa3-0b44-4ceb-ada5-ba63d3ff0631,Ryan Taylor DDS,New Dylanmouth,SP,09864,2024-03-18 22:07:32
CUST001687,8bf640ea-a244-496a-b88e-33d16c1036cd,Philip Murray,Victoriamouth,SP,04427,2023-04-04 10:14:27
CUST001688,c7b13265-02f3-4ad2-83f6-76020879a480,Maurice Johnson,North Marcusshire,PR,11126,2024-09-03 02:12:51
CUST001689,7b1463c9-30bf-4f5a-b01d-e9361527690a,Annette Bowers,Briantown,SC,94771,2023-12-12 01:02:15
CUST001690,50168bd5-5a74-4822-bd07-f9132657abb6,Brian Rocha,  Karenview  ,SC,21377,2023-02-04 22:33:21
CUST001691,25dfa1fb-d011-4cb3-8bb7-ecee15c535c9,Laura Woods,  Boydland  ,MG,20237,19/11/2023 06:58
CUST001692,49fa68d6-c362-440b-9309-0fc52cfc4fb4,Rachel Edwards,Williamschester,RJ,61752,2023-03-31 01:07:50
CUST001693,0c81a3cc-9965-4f48-8b4d-2de206b868bd,Dean Sanchez,danaland,MG,47879,2023-07-18 11:52:53
CUST001694,87b06378-466b-4910-8411-69cdb95175be,james martinez,Hernandezview,GO,67568,12/05/2023 09:56
CUST001695,5e9be593-5257-46d0-bd9c-635d3a540890,Holly Underwood,blairside,DF,94124,2023-02-15 10:33:08
CUST001696,0d93d08b-7842-4bc6-a001-1ba60a148b9f,DAVID GUZMAN,MONTGOMERYTOWN,RS,82342,2023-07-20 08:14:37
CUST001697,f047e4e9-f3fe-47de-a2e0-f358c7533bff,Kelly Martinez,WEST LAURIEVILLE,BA,51838,2023-07-06 02:53:44
CUST001698,1fcfcb8e-8750-4e7b-95bb-e3a440b87dc3,Suzanne Rodgers,Connieview,PA,84882,2023-10-27 01:49:39
CUST001699,7940964f-f2cd-4e4b-8c27-7f182d6d0a43,dr. jose gray dds,  South Josephberg  ,PA,88712,13/11/2023 04:27
CUST001700,666bd0ee-b257-4bf7-a439-680010c69c57,ELIZABETH JACKSON,Rickeyburgh,SP,03215,2023-07-29 01:30:04
CUST001701,c1a8a33b-6b77-4e6e-a123-61753e22a676,Isabella Hardy,LEWISPORT,PA,33511,2024-05-21 01:47:21
CUST001702,0a707ba8-df9a-49f5-b643-5b4e1508faec,  Dorothy Hendrix  ,Moorestad,RJ,99808,2024-10-19 07:45:45
CUST001703,0ad56e56-df9b-47b0-9dc4-18d24a658a7d,richard griffith,Matthewburgh,RS,39014,2024-02-24 18:31:37
CUST001704,e953ab78-dd8f-4010-b58f-56a031116b6a,Mary Harrison,Robertview,PE,38590,2024-12-08 23:27:21
CUST001705,d0919dcd-f5c0-4490-9361-b11d8352aaba,SYDNEY JOHNSON,Lake Daniel,SC,32147,2023-08-13 16:00:02
CUST001706,84cc98eb-803f-4f00-b289-35e78e5bef68,william rivera,SOUTH CHELSEA,CE,91883,2023-08-01 06:44:09
CUST001707,57059671-b031-4179-ac76-25b80fc06f77,Michael Brown,Johnborough,RS,27886,2024-10-16 08:11:42
CUST001708,5ae57068-d2ed-4291-83da-1521f840596b,Joseph Matthews,South Jessicaberg,SP,13893,2023-05-06 09:01:04
CUST001709,99901c0d-b618-4e8e-9836-0f46170e0447,John Johns,  New Brandonborough  ,PE,32101,2024-06-26 11:39:57
CUST001710,adc4b86d-a180-4e9b-9767-370097e3ab40,DANIEL SULLIVAN,Yvonneton,PR,53801,2024-11-13 04:18:45
CUST001711,13abd39b-b92e-4cab-88e5-dd93dad50f42,Tamara Carr,Changmouth,RS,51532,2024-11-17 13:40:46
CUST001712,802ccb52-f5f3-4d6e-b632-d4d41866177e,  Peggy Cortez  ,north rhondaborough,DF,03983,2023-12-18 15:16:36
CUST001713,960a035c-0786-4459-8f89-321cff4ca29e,Richard Rodriguez,  Port Carla  ,BA,02220,2023-12-24 03:16:51
CUST001714,5577526f-6096-46ba-b03a-c41d3e9011e8,  Michael Baker  ,Mackenzieville,MG,95499,2024-05-17 02:34:34
CUST001715,00c976e5-eaab-4629-aa5e-ec28e86e8c8d,Melanie Myers,DENNISTON,SP,10495,2024-06-06 12:09:22
CUST001716,cefabf95-1227-457d-9a8b-85244faca0ff,Joseph Ingram,Danielport,CE,30102,2024-08-15 05:22:56
CUST001717,7a3367d0-87a6-463c-a5a1-ee9c3b39b8aa,ALEXANDER TAYLOR,Leeburgh,GO,28758,2023-03-02 05:08:08
CUST001718,25db9dbd-817f-4e3b-9a1a-59cf9b480ff5,Jerry Rogers,Jonesview,CE,05282,2024-06-06 03:34:19
CUST001719,bb10f0be-db76-4604-befa-e203b206da83,Joseph Russell,  Port Michaeltown  ,SC,44736,2023-10-06 00:57:54
CUST001720,653f4313-ef82-4ab3-be0c-52863cd68ac3,Vincent Manning,North Juliechester,SP,02856,2023-04-07 21:46:01
CUST001721,31646c14-f1a0-451f-8aca-e683f0582911,Amy Dyer,Peterland,BA,04075,31/07/2024 05:12
CUST001722,74a41600-af56-4306-a76c-01fb62e38426,todd lewis,Port Jeffery,RS,45135,2023-05-29 18:02:11
CUST001723,6e06f176-d140-4967-8d53-48d15b15674d,Catherine Armstrong,  Simsfort  ,DF,56137,2023-06-21 18:29:29
CUST001724,e704db7d-a4e7-4358-8fb6-002dc3575ff1,Daniel Warren,  Kellyton  ,PR,15682,2024-01-18 19:09:49
CUST001725,8df5b9a0-e577-41b6-8dd3-59823dfa45fa,Joseph West,west kenneth,BA,63007,2024-09-29 18:51:03
CUST001726,8cdfb034-e9a8-4c51-aac7-82acdce2ab06,KELSEY RUSSELL,east deanna,PA,81045,2024-01-19 17:02:18
CUST001727,1a3bc8d8-0dab-4507-9fc7-737cb94eb6f8,jocelyn benson,New Michealshire,GO,76633,2024-06-14 00:33:08
CUST001728,4a12d0d4-cda4-4f85-9099-5969b521d095,christopher smith,Braunshire,DF,22206,2023-02-20 12:36:26
CUST001729,b4c70241-990c-48bf-8197-8cb867218261,Terri Fisher,Kaneport,PA,72944,2024-07-20 03:39:34
CUST001730,99adf607-c26e-4dbd-9acb-0045a449aefa,megan juarez,Davishaven,DF,39239,2024-06-10 09:53:09
CUST001731,5dbe0139-c895-48d9-8907-19db252a95db,mallory carroll,West Annette,CE,39089,2023-01-02 12:26:35
CUST001732,e3289c3a-801c-4ac1-85b5-6b8905722bc5,Malik Proctor,East Pamela,SP,14703,2024-10-25 05:06:01
CUST001733,ce9ca015-c7c4-4854-96d4-eb062f592f3e,Elizabeth Thomas,Powellside,PR,07680,2023-04-05 12:58:56
CUST001734,05e0c019-b31e-420d-9f49-ab896866d52e,Kara Sanders MD,  Comptontown  ,SP,84640,2024-11-17 11:16:17
CUST001735,3745abe5-bfd0-46b4-ac85-ab3f712636bb,TOMMY RAMSEY,West Elizabeth,PA,79458,2023-12-15 15:23:05
CUST001736,3e7447a2-a672-432f-9c9f-0999e869839a,Kelly Sandoval,  Port Loriport  ,SC,00903,19/09/2024 08:06
CUST001737,685018bf-f5c3-47f5-983d-2337e5b23a6d,Autumn Thomas,Petersonside,PE,19800,2023-02-27 19:40:08
CUST001738,5bd537b1-c35a-4de3-972b-cd8d67fec003,bridget guerrero,  Port Andreashire  ,RJ,50085,2024-05-01 05:23:12
CUST001739,12a34b04-a15e-4dba-a82c-3bb2583f66bd,CLAIRE HOFFMAN,Garciaberg,SP,25442,2024-04-05 05:34:26
CUST001740,924e48b4-504e-4b66-874c-146ccea6c978,Thomas Wilson,Port Joseph,BA,71472,2023-03-25 18:17:43
CUST001741,cbd93d47-966d-402f-bd98-03952621b899,Sarah Nelson,Port Anthonyburgh,RS,63208,2024-02-08 15:26:41
CUST001742,01aadb80-0040-4b20-b946-ad23c098e2b4,Kayla Burke,Brownton,SC,15808,2023-12-07 14:46:55
CUST001743,631eb726-c364-4c91-baca-60d4d56e0949,Angela Barnett,Madisontown,RJ,06781,2023-02-17 03:17:11
CUST001744,871eb65c-600c-4bc0-90f3-f41ff2020876,  Matthew Miller  ,Port Joanton,DF,59894,2023-02-20 12:12:49
CUST001745,dce6ea64-2d5c-4588-860e-35b66864fe6b,CHRISTINA AGUILAR,Mayberg,SP,07093,2023-08-23 03:49:41
CUST001746,a333639f-3873-44c1-9e4c-e90bbadfbb75,Alan Simpson,GEORGEFURT,SP,21775,10/03/2024 09:19
CUST001747,72f34ed1-f163-4be1-b6dd-5f350ee503e3,Molly Hines,Powersberg,SC,45661,2024-08-07 01:36:46
CUST001748,1791de3c-cc75-40cc-8e32-ebbf04fb7e52,Katherine Garrett,Livingstonton,SC,21599,2023-01-09 05:43:13
CUST001749,9a0f7242-eeb7-491f-b304-08fa90bf747e,Richard Johnson,Carlosborough,SC,26510,2024-04-25 23:17:39
CUST001750,16d4f2f7-3b6b-43b7-b430-974033e1f2af,Tiffany Edwards,East Melvin,SP,53101,2023-12-19 16:36:15
CUST001751,ed5acddc-8b70-40c2-b799-f25b1bd4a24e,Adam Atkinson,LAKE CRAIG,SP,79527,2024-04-07 06:52:05
CUST001752,1cd4aa85-613c-426a-801e-700629d374d6,Javier Bryan,Davidfort,SC,72081,2023-04-08 20:28:03
CUST001753,60404c51-584f-441f-b9f7-852c92ccadb2,daniel jones,Kurtshire,DF,06947,2024-04-27 05:29:57
CUST001754,dd53abe1-2b2f-4082-b613-aed3b9da42b4,amber lin,Williamville,SP,57013,2023-04-10 04:08:30
CUST001755,0d8adcc6-feb3-4855-88e6-127346801378,Daniel Wright,South Thomasville,RS,19083,2023-08-30 16:58:09
CUST001756,ca7ad5f3-bdac-4371-b694-9bb0e7b0e27d,Mr. Thomas Jones PhD,SOUTH PATRICIASHIRE,CE,70787,2023-08-28 18:06:29
CUST001757,a0d60422-1a32-4219-aeb1-3e3cd3cb6d14,joseph beltran,New Amy,PA,96779,2024-03-31 12:01:56
CUST001758,bb31caeb-c8ce-44bb-bdc6-3851d46a537b,JESSICA CHANG,port lynn,PA,32355,28/10/2024 23:22
CUST001759,83eab8b5-d91b-4378-9d6f-affbe06bae1f,  Michael Flores  ,West Jeremymouth,GO,97335,2024-12-06 15:40:17
CUST001760,b3ebf780-c91d-45c7-be29-d9a105ddffbf,MICHELLE PATTERSON,south timothyton,CE,53278,2024-06-23 15:40:02
CUST001761,3c6736b0-7f18-4a88-b02d-81dddc6434ef,Kelly Aguirre,West Kathyfurt,SC,71361,2024-03-15 16:48:40
CUST001762,d736d90c-a8ae-4c67-9598-203e24c4e6ca,Danny Bailey,North Victoria,MG,89465,2023-03-23 10:30:23
CUST001763,03cc0a33-5db4-4496-a8d8-9b3ddf9a7704,Kimberly West,LAKE JOSEPHSHIRE,BA,20206,15/12/2024 13:10
CUST001764,a6bbb51c-85d8-4cf3-92a7-186cbb84711f,carrie holden,west ashley,SC,60364,2023-06-15 13:11:23
CUST001765,0a186676-f473-4022-981b-99f9c145419c,Kimberly Maldonado,South Cindy,RS,71523,2024-09-19 00:37:40
CUST001766,de3a564a-8bf6-4e19-8889-94e749ef1088,christopher mcclain,port markton,SP,79821,09/10/2023 19:24
CUST001767,a98d61ec-3ad4-4c9a-bac9-7a02b1195d16,  Jessica Ball  ,Williamport,MG,85484,2023-08-14 16:43:59
CUST001768,9b08725e-e1ea-40f2-8c52-b95c2146e7b4,Nicolas Hunt,Lake Christopherstad,RS,59727,2023-02-04 02:26:42
CUST001769,7537fb16-81ed-4eb3-8bb2-7f15a045d9e6,nicole johnson,davisburgh,BA,31339,2024-11-18 16:43:15
CUST001770,72948c64-66d2-40a7-8b41-8bdfe52b9187,craig hammond,North Sarah,BA,59746,2023-05-19 16:15:12
CUST001771,13f74636-c7be-4406-a165-0f34465fd96b,amy burton,simpsonside,RJ,65050,2023-01-17 07:21:07
CUST001772,db65e8d6-2660-473f-8abe-fd88626cea12,SUZANNE WAGNER,Port Mary,RJ,42459,2023-09-20 19:55:17
CUST001773,7e70b309-3237-4f14-93a9-71f484203c0c,  Amanda Schneider MD  ,south dawnbury,RS,48824,2024-05-28 08:13:53
CUST001774,e20da100-44f2-40db-b20c-651e0d477c01,Steven Ward,Jamesmouth,SC,90365,2024-11-15 19:24:15
CUST001775,07d7a393-09cf-4063-91b6-aa0174e60f83,Carol Yoder,PORT JULIE,MG,49591,2024-09-09 09:58:29
CUST001776,ef29c0f7-2ebb-4e0a-804f-04e444b0c797,Julia Long,West Margaret,RS,80636,2024-04-10 16:24:23
CUST001777,3f22cd74-a367-4563-af89-4e9b4b4e52fd,Brandi Patel,Kristinebury,SC,26003,2024-04-01 04:32:52
CUST001778,ec7c44a8-e6c9-405e-b5e1-ab658bd296cc,Ashley Sullivan,Christophermouth,RS,24959,11/07/2023 23:36
CUST001779,b8f09270-567f-42e9-82f1-8bfc88755363,Karen Sloan MD,New George,PA,77718,2024-03-29 16:04:54
CUST001780,38e6b704-b1d1-4755-9e4b-280138be318f,lawrence parks,EAST MICHELLEHAVEN,CE,14422,2024-09-06 09:15:24
CUST001781,5e85f364-6426-42e5-b5ea-e2208f57cd9e,TREVOR BURNS,Stephanieside,GO,43017,2024-08-06 10:11:41
CUST001782,c1886c58-5208-42d3-9c21-592004007c5d,Michael Summers II,West Courtney,RS,16226,2024-07-07 09:43:04
CUST001783,8326c2dd-e4d4-49e7-ace8-c3d1e0b43a73,Angela Collier,Georgeburgh,CE,06646,2024-01-03 23:29:31
CUST001784,b4664f33-d541-4860-8583-d0bb32fb59fd,David Leon,Port Michaelfurt,SC,40816,19/05/2024 15:58
CUST001785,74242892-4b2c-454d-9343-52381694c02c,ronald harris,lake glenn,BA,81684,2023-11-04 12:06:37
CUST001786,6b6348f4-d14a-4950-b6e7-5939e2d76077,Ryan Warren,  Port Ronald  ,MG,42092,2024-12-27 14:57:48
CUST001787,9eead5de-f5b5-477f-841c-4ba30bb90921,ryan terry,WEST STEPHANIELAND,RJ,05113,2023-08-18 04:05:37
CUST001788,74e5e611-2d65-47a1-9a96-8960c6bdce43,  Joseph Bright  ,Hoffmanberg,CE,99822,2024-02-02 21:15:26
CUST001789,5c699e1f-458c-441d-81b8-d47e7a5f1d32,Ryan Rose,Richardberg,PE,43871,2023-10-13 10:55:08
CUST001790,cf344c15-e9b3-489c-8f21-09f18eb232b8,  Jennifer Sosa  ,Sparksmouth,MG,71137,2023-12-10 01:40:13
CUST001791,dcd2dfd4-4c74-4676-878f-cedd71341dec,Johnathan Morgan,  Tonyaview  ,RJ,71456,2023-08-17 18:12:36
CUST001792,969c382a-bb9e-48f8-96eb-d83aa1d60cf1,Jack Delacruz,Gregoryberg,PR,40417,2024-12-20 17:11:10
CUST001793,1e605b15-e915-48f9-9d48-2c49f53fd2d3,ROBIN PATTERSON,  Anthonytown  ,PA,05665,2023-06-05 13:59:08
CUST001794,4e8d2654-cd37-40e6-a7eb-e3a50af9da16,David Holland,north susan,DF,17688,2024-09-25 11:13:45
CUST001795,e211cc10-d368-4594-a09b-6f17a484be3e,Ashley Nguyen MD,north mario,SC,63484,2023-04-18 01:59:31
CUST001796,a227ac14-343f-4341-8593-d3a208a66a64,Kristi White,West Kevinhaven,PR,69286,2023-01-07 15:04:58
CUST001797,9620818d-62c5-4829-a210-b7349dedb853,michelle thomas,  South Shane  ,PE,84036,2023-11-12 03:53:10
CUST001798,f30fa5b6-b828-4725-b0e9-8f08c9f09bd6,Jason Burgess,WEST MEGHAN,GO,97330,2024-02-03 04:25:55
CUST001799,5e6bed7a-eb53-4282-aaee-f929b424a7a0,Travis Jones,Port Lisa,BA,93243,2023-06-26 06:12:46
CUST001800,1b19b829-d0fc-4577-8ec7-56748b19f320,cheryl brown,new douglas,SC,85061,2024-09-02 11:37:45
CUST001801,9fc2e952-4e0b-4c8f-a07d-4d6c01d0468c,James Smith,New Johnview,RS,64665,2024-09-07 02:21:48
CUST001802,8d80c2fe-b7b1-4072-b436-873728ffa490,Alexander Martin,Powellland,DF,87684,2023-11-21 10:15:58
CUST001803,2e401311-c973-484e-ad4c-041374be3766,Karen Flores,Annaview,RS,63918,2023-04-18 22:13:11
CUST001804,dcdc614f-279e-44e7-a100-385622bb0c8d,AMANDA THOMAS,New Lisamouth,SP,50624,2024-01-24 04:57:04
CUST001805,3db8014a-8dc5-4246-a85d-938be64f8ec0,Jenna Dunn,  Lake Scott  ,PE,16351,2023-11-27 15:59:01
CUST001806,1035ddda-2cf0-477d-b801-792ba53a43d6,Daniel Ramos,New Diana,PA,24899,2023-08-21 17:38:32
CUST001807,077e0371-ed14-4bfa-967e-0f37f4e9b38e,CHRISTOPHER RAY,Lake Robert,MG,22939,2023-04-30 09:00:44
CUST001808,6d566dcc-bb99-4df7-99ce-afeef4914ab0,Mary Richards,Joelside,SC,19358,2024-12-10 17:34:31
CUST001809,5339eb18-2aa3-4d5e-a58e-8fb63c884bee,Michaela Sanchez,West Angela,BA,40879,31/10/2023 09:59
CUST001810,7d35de60-1f45-46d0-aaf9-e1cd444b9490,Julie Manning,Robinsonfurt,RS,38491,2024-03-18 08:31:45
CUST001811,922febcf-0501-479e-b120-40083f444245,Sean Lane,  Carrville  ,MG,24154,2023-03-23 00:32:18
CUST001812,d32a9e06-9a86-440e-b263-3c6ae4ad77b0,lauren smith,South Chad,SC,07767,15/01/2024 12:24
CUST001813,e6acb189-aaae-4222-bf19-ed0f54c39b6d,olivia lozano,East Tracymouth,PE,18625,2023-08-09 10:44:38
CUST001814,f2203acf-8eed-4d34-b384-3346945f4281,dana hernandez,East Laurafurt,CE,96079,2023-02-14 15:00:17
CUST001815,0de5fd7b-dcec-4307-b9e2-4cc0ca63d3d0,CARRIE WARE,  Kathleenfort  ,PE,80006,2023-10-31 18:43:50
CUST001816,e283eb28-af9e-4625-b091-f0f9cf92bd95,JONATHAN BOYER,Baileyborough,CE,91375,31/07/2024 05:11
CUST001817,e0e660c2-b477-4af7-b8d7-e825bd6f6707,Jose Lopez,Glasston,MG,26976,2024-11-07 02:20:48
CUST001818,4d56a834-fa5d-4ae7-8733-8a26047032f6,James Miller,Danielland,CE,45968,2023-05-04 07:53:49
CUST001819,f43f847a-29ba-4dcc-9f2f-f029d5ce9fac,Nicholas Roach,North Kimberlyshire,PA,22452,2024-07-10 17:35:57
CUST001820,f11b9c1b-bad1-4fe7-ad46-d087c77afed5,hannah johnson,JAMESVIEW,MG,86189,13/12/2023 05:02
CUST001821,315eb39f-82e9-4d36-bc23-db22de2bdf8c,Rodney Buck,Gayland,PA,28080,2023-09-13 10:58:52
CUST001822,17ca35a2-7ff7-4b20-97ee-a179afd063d6,Ashley Sanders,Lake Edward,SC,27665,2023-01-31 08:35:35
CUST001823,afd13425-dde2-434c-9e3a-7063284baa23,toni ortiz,North Darius,CE,98283,2023-09-27 08:28:55
CUST001824,1cda8918-1dad-4807-96d8-3599ac6669e6,Brian Gentry,north christinaton,SC,59023,2024-10-01 13:50:25
CUST001825,a966544f-57ca-4887-b916-7c6122d00779,kendra kim,east sara,SC,98382,2024-07-23 12:39:28
CUST001826,4b2a2bb4-097a-475d-b6ce-8d27bacc5ea6,Jessica Rogers,Lake Haroldport,DF,68788,2024-03-17 15:45:24
CUST001827,c8f5d39e-c3ad-4a08-a64e-448e1a8777b0,Brian Mitchell,GARRETTBERG,MG,44692,2023-08-01 15:33:34
CUST001828,aa386ce6-9390-4315-823c-ed0ddc1eb9f4,Chad Carlson,Andersonshire,RJ,25883,2024-06-26 04:28:59
CUST001829,fe9bf2d5-5de1-4542-98cc-acd5b35c348c,Mikayla Franco,Port Judytown,PE,28631,2024-08-14 18:06:52
CUST001830,98a0be4c-91a1-4855-aabd-4589b7365e1b,Richard Silva,PORT COLTONMOUTH,RJ,16052,2024-01-27 18:36:04
CUST001831,6c823a41-30d5-49ed-8684-ac7324522ef6,  Krista Fernandez  ,Parkerberg,PR,28289,2023-06-11 01:41:45
CUST001832,f106f955-4265-4ccf-86ec-3c00d8a9e06f,Patrick Moore,SOUTH SARAH,DF,55873,2024-06-08 18:30:29
CUST001833,2975cef7-9d3f-404a-9ca0-678b1f8452fb,Justin Ramirez,New Christine,BA,58580,05/11/2023 02:32
CUST001834,15db0b31-f6c8-4ff5-b8b7-5626b805f666,scott johnson,East David,MG,37384,2023-09-12 01:46:44
CUST001835,e6afcce9-f1f5-4294-a66c-93f287f2b581,Francisco Benton,Port Natalie,RJ,83303,2024-03-01 23:26:56
CUST001836,b381e8b0-38ca-4da7-81f0-98fca45ccc55,Donna Wright,North Christinafurt,CE,65563,2024-09-29 05:51:43
CUST001837,a3cc77c1-c4b6-4e47-aa09-70c6907e5f2d,jay buchanan,West Scottstad,SC,49255,2023-03-20 01:44:15
CUST001838,2c27d031-d7ef-46da-acd7-f2a348f89e30,DANIELLE SKINNER,Port Lisa,MG,61022,2023-03-02 06:17:41
CUST001839,0b4baf23-1c4d-4cfd-80b3-0bda6f26bd7c,PATRICIA ROBLES,north jaredchester,CE,73094,2023-10-06 03:13:31
CUST001840,660d2992-7307-439f-99b2-51ca3ad782dc,Tony Burns,Blackside,PA,02221,2023-06-17 21:38:08
CUST001841,ba0d24f5-cff5-4357-98f1-101e84506864,JO HERNANDEZ,Port Jennifermouth,PA,92815,2024-05-12 21:19:59
CUST001842,320b5ab7-159d-480c-b6a5-025c0f90bfaa,Jennifer Garcia,SOUTH JENNIFERMOUTH,DF,10948,2023-08-28 11:34:50
CUST001843,dec756ca-d020-44d6-8c3c-83d3f801a8bf,Wayne Finley,EVANSFURT,PE,23436,2024-08-18 20:02:45
CUST001844,0658a5a8-3251-461e-b43d-96431d3c9859,jeffrey bailey,Seanchester,BA,78640,12/03/2023 23:33
CUST001845,345e2b37-0799-4fbc-bf05-44ca40f6754a,AARON GONZALEZ,NEW RICHARD,BA,58104,2024-06-12 03:21:51
CUST001846,6ffe5a67-d69c-4777-8114-a2dcec062d4a,jessica hernandez,Brendahaven,GO,32030,2023-05-11 09:33:49
CUST001847,da8f55c4-b310-40ed-a362-84b8d4a84c96,ANDREW WHITNEY,Perryville,RS,41212,2023-09-08 15:10:59
CUST001848,96dd4b80-a078-4e8f-9490-9f0af70f8b81,barry wilson,chapmanmouth,PA,16796,2023-11-03 20:31:30
CUST001849,0507a453-098f-417b-8097-d297e9f746e7,DEBORAH YOUNG,port jenniferview,RS,75758,2023-09-09 04:00:47
CUST001850,aaef0591-3fd1-40e5-90a6-eb2200c65ec8,Andrea Mueller MD,  Port Brittanyfort  ,PE,52274,2023-06-15 06:16:54
CUST001851,fd5cd74e-8778-4be6-9b29-f76ec8880b2c,DANNY BROWN MD,Jenningschester,GO,50599,2024-04-29 14:30:50
CUST001852,4ae8e236-bff9-43b2-8e79-89829a5d5ace,TERRY MOSES,east todd,PR,06937,2024-08-19 04:04:41
CUST001853,4423fcd5-922e-4abc-bada-31a67c2a5ca2,Ronald Gill,WHITEHAVEN,PA,88284,2024-09-06 14:09:04
CUST001854,9536922e-4a02-47c1-9859-df42974a2447,Ashley Bishop,north jenniferview,RJ,22146,2024-04-10 22:20:02
CUST001855,fcf086c5-d91e-4e1a-ae48-0e95e22823f8,Brenda Lewis,New Stevenside,DF,22983,2023-04-14 06:01:17
CUST001856,0e0f6619-6926-41f5-96ca-331c1b0e93e1,Mary Hopkins,Codyside,RS,11470,2024-10-23 10:07:15
CUST001857,b3aa475c-af31-4f40-9e8f-7d7e3c36c559,LAURA LARSON,LESTERVILLE,SC,11445,2023-12-15 16:19:05
CUST001858,05bcde63-f667-491a-b1c7-ebf1f9dbe07e,Kimberly Garrett,sarahhaven,SC,04503,2024-07-01 07:14:20
CUST001859,121374ec-d9f5-4388-9202-5cd5d0b8bcbb,tanya shannon,Amandaburgh,RJ,99831,2023-08-28 21:21:20
CUST001860,e1534d2b-f261-4082-b387-d4501ec83ceb,Kelly Mclaughlin,new tonya,RJ,66934,2023-02-16 13:02:45
CUST001861,02f3e4d0-eeb8-46eb-b00a-ffff5fb14f5b,Amy Johnson,south thomasfort,PE,87871,2023-06-08 18:01:07
CUST001862,2e095630-d7b4-4669-942c-ef0517fc87fd,jamie miller,Davisland,CE,21188,2024-07-28 04:43:25
CUST001863,aca19386-7feb-4020-a417-eadf82ca3ac9,DEBRA MARTIN,  Castrohaven  ,SP,20219,2024-02-09 13:46:25
CUST001864,6460f660-c08d-451f-b9e8-9990769eb31c,Yvonne Conrad,Beckton,SP,35514,2023-06-27 21:03:22
CUST001865,3ab5d8d0-5ac9-44d4-96be-541b0b0ae00f,  Deanna Tyler  ,rodriguezchester,PA,06270,2023-02-12 00:00:43
CUST001866,a46f87b5-8d45-4921-a64b-55237e8e148b,John Craig,west jennifer,GO,46906,2024-06-24 19:33:48
CUST001867,75d24173-ee56-4ea4-876e-8e041b64ef32,Shannon Hopkins,Whiteton,RS,79766,2023-05-23 13:32:08
CUST001868,a3c05d75-b3b6-4eb4-abf0-1ba6ed1d3817,LEONARD REYES,Lake Joseph,RJ,80691,30/05/2023 11:48
CUST001869,73fbb982-4401-4a72-868f-19b56de72534,Brittany Wallace,New Matthew,MG,51086,2023-03-13 06:31:08
CUST001870,eef474a3-fb31-455f-a8e9-209e24705fcc,Peter Petersen,Hillside,BA,16892,2023-07-03 13:08:24
CUST001871,92e92aa7-f7b8-45e4-80a5-fe0d00167fac,Peggy Adams,Patelhaven,MG,30379,2024-07-14 12:58:26
CUST001872,6f97aebd-e15d-4642-8a84-bd349d345ce9,David Mendoza,Guzmanland,PR,56195,2023-08-10 15:21:48
CUST001873,103ba2ed-d540-46f5-9f8c-984105a562a9,Benjamin Lutz,new paulabury,CE,47391,2023-03-04 03:36:20
CUST001874,998549bc-fcb4-4e27-8167-dc84a9432abd,  Carla Hoover  ,  Lake Richard  ,CE,30994,2023-12-09 19:50:46
CUST001875,685a9a7c-b83f-44ca-b9a0-d586369db2ef,Gloria Pollard,West Manuelhaven,MG,12873,2024-09-28 14:31:20
CUST001876,d47ebb90-c79e-46ae-951b-7d7f668e43e1,Susan Ward,Karenfort,PE,19459,2024-10-25 08:30:02
CUST001877,18ecae05-9dc4-405f-9fe3-c69c431e6874,Matthew Marks,  Joshuashire  ,PA,55078,2023-04-29 16:22:27
CUST001878,7854f2ce-102c-49ba-985a-4e1a66edb71c,kari buck,Port Zacharyview,PR,78429,2023-12-19 07:46:29
CUST001879,8bef5d54-c0c5-4495-92bf-804e89ca1b26,Kimberly Huber,Port Richardside,RS,19566,2023-04-17 03:27:32
CUST001880,715eae42-1461-40d8-8580-ee8618ce5087,jose carney,Port Mark,SP,24711,2023-01-10 23:14:53
CUST001881,606462ae-a068-4570-a4ff-3d41eb4b3bd8,Kimberly Jensen,  Lake Theresa  ,PE,52382,2024-12-20 00:07:56
CUST001882,70ba8e9c-8caf-428a-9e58-f8b6b24c7782,Jonathon Bradley,West Matthewview,PE,41599,2024-01-16 05:53:39
CUST001883,1c534b87-0c9e-45aa-a8ef-a3a9cdb75f57,Chad George,NORTH MEGAN,SP,63121,2024-12-16 19:55:47
CUST001884,b26dfebe-3f13-474a-9c7f-35cefea39cb1,Stacy Williams,north thomaschester,PE,89992,2023-07-18 06:21:42
CUST001885,d5204b48-3a21-456c-8fd6-8618ba6b295c,Nicole Peters,  Clarkmouth  ,DF,33079,2024-01-15 12:34:16
CUST001886,a5ca5367-b598-455f-b9d2-3cfd692981b1,  Jose Green  ,CAROLFURT,PE,64137,2024-12-20 15:33:41
CUST001887,981813c7-0657-494f-8c95-352201f73517,laura roman,Alyssashire,RS,33297,2024-05-05 01:48:39
CUST001888,eba67102-4b16-48a8-8c05-75ab2dce3207,JAMES GRIMES,Reynoldschester,MG,07054,2023-07-22 23:33:26
CUST001889,431b011f-6f90-49af-8a07-906e53ae0bce,Robert Velazquez,RODNEYSTAD,BA,64730,2024-04-12 16:52:37
CUST001890,899ac6ce-5704-4899-b16e-be56c19aab0f,Laura Patton,kaylabury,RJ,25704,2024-08-21 19:57:47
CUST001891,9bcde988-ce25-4281-81a4-dce0c8009f5e,Carlos Vincent,Jonathanfurt,DF,50473,2024-03-31 06:49:20
CUST001892,a22f3da5-dab2-4215-a17c-82b1c884fac6,JASON HAYNES,North Randymouth,PE,79622,2023-05-09 19:10:33
CUST001893,ece3e35d-3a99-442f-98d6-87f69bb5a052,michael leonard,  Port Jacob  ,PA,23426,2024-05-26 11:04:11
CUST001894,f699734e-2e58-457a-8b4a-f20d26f3af26,Jodi Brandt,Bensonfort,DF,41214,2024-11-06 07:07:31
CUST001895,50e5b83b-c388-4b0e-a263-e16c66b768bd,Jeanette Garcia,West Jenna,RS,13597,2024-09-24 10:18:37
CUST001896,f8f001ae-e924-401a-9f5c-c47317a0fba1,Robin King,Holdertown,PE,70867,2024-06-26 22:28:19
CUST001897,96bc3f42-797e-4c89-9bbc-af4503d7f55b,Jennifer Dawson,East Nancy,SP,23161,17/03/2023 05:48
CUST001898,f117bec0-e1ea-4d2e-9874-495293ed4b5c,Timothy Merritt,Seanchester,GO,34988,2023-08-12 23:03:07
CUST001899,cfde82ad-a37a-4656-aa03-1bf9da4d4948,charles rodriguez,  North James  ,DF,33430,2023-04-15 08:07:52
CUST001900,e26e750f-c27d-4696-bc44-35083a9321f7,darren reed,Delacruzside,CE,06804,2024-03-16 11:21:48
CUST001901,f9449817-59b0-4399-8dd9-ff6876117bbd,caroline lucero,WEST DAVID,MG,88548,2024-09-20 12:10:58
CUST001902,3b891988-c04d-4cca-b1d8-ea698eb7cd02,sherry cox,Brandonchester,PE,33854,2023-12-09 07:48:39
CUST001903,4903528a-5e0f-4618-a71f-4b374e357338,Gina Thomas,Port Nicole,MG,15102,2023-03-03 23:45:45
CUST001904,277747dc-318c-4ee8-b1c8-6a3723d359b8,  Victoria Mitchell  ,flemingland,RS,59581,2023-01-24 01:01:35
CUST001905,65ecc39c-c607-4cb1-a6b3-1a27703a382b,Dana Carter,South Geoffrey,RJ,25618,08/01/2023 09:12
CUST001906,89f515e0-8e1a-4d7d-9525-89b9de1bad90,Christopher Jones,GOMEZTOWN,SC,86360,2024-09-04 23:53:16
CUST001907,d8c78cbe-cd1b-4040-8f8f-29328afb9ff3,RICHARD RIVERS,West Markborough,SP,04852,2023-10-19 18:55:05
CUST001908,caf6a7d4-fe8c-486a-9bdf-9c6762f911de,Erika Gardner,West Claudia,CE,30573,2024-01-03 13:40:47
CUST001909,e18f8b8e-3ac1-4782-9907-7c2d54bdfe61,Andrew Mccall,  New Cesarfurt  ,GO,58243,2024-11-22 09:38:22
CUST001910,83a1dcf0-495e-4e40-8151-ef6c79633f34,  Sarah Reed  ,west jonathan,RS,88322,2024-05-31 13:57:28
CUST001911,430b1057-42fb-4cf1-9c05-dceef49c66f4,Roger Clark,Haleyfort,RS,79506,2024-09-18 05:57:57
CUST001912,b45f252f-7349-4fec-b7aa-530b9e9a3e83,Ashley May,Johnville,DF,19779,2024-10-10 21:22:44
CUST001913,80994da1-f5d9-4b55-b4dc-bf138960a41b,DAWN RYAN,Larashire,PA,76428,2023-08-06 01:39:08
CUST001914,8716f0b3-9619-4356-bcf8-d6f86cf322ab,Brittney Tanner,west victoriamouth,CE,63578,2024-04-25 06:54:39
CUST001915,d667159d-2202-4f9f-b3fc-e44c942a9c09,Donald Cole,West Nicholas,GO,05275,26/05/2023 23:21
CUST001916,ba99267e-dca2-4033-96ec-34b5cf6ad43f,Ms. Tracey Page,West David,RS,27204,2023-01-13 22:00:40
CUST001917,39f44feb-a611-49cf-8e86-f9b2d4e675f7,Carla Young,East Theresaside,DF,66032,2023-09-10 20:13:46
CUST001918,d1211aed-eb81-4224-a453-5f7207b38e70,stephen clark,New Michelle,DF,06972,2024-04-20 19:32:56
CUST001919,ec9353cd-8e9a-4e72-93fc-a973b6315c55,  Charles Williams  ,North Jacobburgh,CE,00777,2024-05-26 08:19:42
CUST001920,85a33467-b110-4489-9022-c8a1042ac25f,Jeffrey Wilson,New Maureenside,PR,89202,2024-04-16 14:32:24
CUST001921,1f27e8b5-62e0-4868-b701-74857b18c0a5,BRADLEY PHILLIPS,Patrickland,SC,38349,2024-09-01 14:53:13
CUST001922,3c3826aa-b979-48ac-aad2-27020fcc588e,Donna Flores,LAKE SHERRY,RJ,77785,2023-08-23 01:32:22
CUST001923,c9425b82-0c20-4760-814f-5b9f82a54c56,Mr. Paul Chase,East Leslie,CE,54065,2023-05-11 12:43:55
CUST001924,50ff14bf-96b5-45c7-bb81-519bddc969b0,Rachel Johnson,Lake Kendra,PA,02716,2023-07-07 02:43:53
CUST001925,677ebe4d-c068-464c-95d6-4a827500d6ef,april roth,Sherryshire,DF,50202,2023-03-11 11:07:47
CUST001926,54d71e4a-1314-4627-9586-ff5070024916,Michael Graham,HENDERSONLAND,RS,10177,2024-12-02 02:35:16
CUST001927,649ad218-a5b5-4511-a7ad-3be20356b6fe,elizabeth miller,Lake Marybury,GO,37488,2024-01-05 22:55:07
CUST001928,8aa9d39a-726f-46fd-8ec9-8bf10067eaa6,James Meyers,Kelseyfort,PA,06000,2024-05-07 02:11:39
CUST001929,5e065732-03d9-4317-9d7c-24ce85d5bed9,PAIGE JORDAN,West Angela,BA,50035,2024-12-24 17:38:14
CUST001930,9089bcfd-9145-4617-b9c1-f1b288c79c98,Caitlin Lawson,NEW JIMCHESTER,RS,73643,2023-10-20 19:58:54
CUST001931,a2a1a620-e5d0-411f-8521-46cd8e300e9c,Kaitlyn Cooley,Harringtonland,GO,48222,2024-05-13 17:39:09
CUST001932,97637e6c-cd87-406a-9ef9-93c307d7afec,Jack Anthony,Mosleytown,BA,91361,2023-06-23 15:17:22
CUST001933,05b3f116-2062-4446-bc9b-7cd1983e5d3b,brandi ibarra,SHAWNHAVEN,RS,76170,2024-07-29 05:26:04
CUST001934,2fd049b1-df68-4283-94be-d77b8f1f1147,eric miller,Port Sherryshire,SC,48806,2023-10-13 15:06:54
CUST001935,12a59eaf-f0d4-4d0c-a3a2-9fe4ef3cfc8f,  Heather Dixon  ,South Tommyport,DF,93046,2023-01-02 07:17:21
CUST001936,2351fc3a-bf79-4cb6-abc4-4f76171827df,James Lopez Jr.,west christopher,PE,93925,2023-11-26 02:18:44
CUST001937,2344f207-f0a1-4255-a71e-bf8e979bc54c,  Christopher Thomas  ,Cookshire,MG,10259,2024-02-08 16:52:04
CUST001938,b506aa35-cfa8-4cc8-8dab-44287303f483,Susan Baker,JOSEPHBERG,SP,14294,2024-02-23 02:30:27
CUST001939,ae570403-58bb-4712-8db5-975fd2c447bd,  John Conley  ,Ryanhaven,PR,17070,2024-10-12 06:50:58
CUST001940,243bb306-93f6-4b6f-984c-cc2000bd2562,Sergio Crawford,LAKE AUTUMNTON,PR,08806,2023-04-24 07:13:36
CUST001941,ece321fd-3834-480b-a638-6c22a1d280a2,Gloria Hill,South Georgeberg,SP,36997,2024-04-10 03:56:17
CUST001942,fdebd029-7852-48de-9d50-f7e7d8fd8386,Christopher Castro,Paigeview,PR,01163,2024-10-20 09:42:01
CUST001943,8529e74f-7c48-43d9-96c6-0b3d0ef40214,Susan Black,Lake Jose,CE,59827,2023-08-15 09:51:45
CUST001944,fe62314e-22e1-42fc-9710-1a773d88eb62,  James Peck  ,Adamland,RS,08223,2023-04-29 14:34:33
CUST001945,8ffd43cf-f166-4e89-99f7-771ac94b08d2,nicole brown,New Nathantown,BA,80509,2024-06-28 00:32:25
CUST001946,e2cae78d-76bd-4773-9805-ee6a2d916caf,Veronica Sandoval,Jacobland,CE,98481,2024-07-18 23:38:03
CUST001947,5cdbb28b-be6e-4511-8b2a-a744e14f043f,Robert Bauer,Port Ashleyborough,MG,06248,2023-01-17 18:00:57
CUST001948,cf460215-1225-43fd-b65e-3ce808676b2a,  Erik Smith  ,Scottland,RS,66584,2024-08-11 12:48:58
CUST001949,8fd0720c-4ff0-4a31-8903-5d4c92f1d3d0,MELISSA PEREZ,Port Ashley,PR,61885,2024-06-24 21:23:43
CUST001950,92b5a7e3-8e2a-4c5a-97d5-468369c7c2dd,Scott Cooper,Joshuafort,RJ,15648,2023-04-12 16:09:56
CUST001951,168d1def-bb92-4370-9619-e0ce69d5ddf5,Rebecca Robertson,South James,SP,41245,2024-10-22 01:36:04
CUST001952,36956a38-1528-4e7c-89d5-e178cf998da3,  Molly Jones  ,Martinberg,SC,46611,2023-04-17 20:19:19
CUST001953,9c5bad2e-a9fb-4b54-8fbd-2cfdc651a34f,Michael Jones,Jasonstad,BA,57890,2023-06-19 10:21:30
CUST001954,e19d768c-c391-4132-8626-09ab418b6aa2,gail hull,Morenofurt,RS,36284,2024-07-17 20:49:43
CUST001955,09f68439-6f77-4c54-8bb1-07defaa0a297,JO CHAPMAN,Lake Wendy,MG,39766,2023-10-20 11:30:31
CUST001956,31fab84d-80dd-4005-8abc-b652ee52ab7b,Tracy Stewart,South Samantha,SP,83157,2023-03-16 14:27:34
CUST001957,67e88ce0-4c44-4d17-998d-2038f81379f3,Kimberly Rivera,South Lisaview,RJ,92865,2024-02-05 08:24:29
CUST001958,72f0b90d-5c2f-4996-a4ba-aea10cd4ba10,Heather Diaz,Mooreshire,GO,24457,2024-07-15 05:18:57
CUST001959,9814c00c-027d-4f7e-931c-63fbbaabf7ec,TIMOTHY BARRERA,danielfort,CE,82937,2023-08-24 02:32:35
CUST001960,070deea0-bb09-4763-8f39-a47fb3288760,Lindsay Preston,North Wendymouth,PE,67021,2024-08-25 14:53:19
CUST001961,99dce819-1841-4873-a34d-6e09f0ffd6b0,Mrs. Erin Phillips,Flemington,CE,90513,2024-11-02 18:49:33
CUST001962,a243b9ab-2b0e-417c-ad59-8b9db3e3f68f,Mitchell Watson,West Lisa,CE,35634,13/10/2023 07:23
CUST001963,aebe1524-1549-44d7-b0c4-6591b2d995fa,AARON MILLER,EAST SAMUEL,GO,41624,2024-06-03 11:11:25
CUST001964,90de2fee-e66c-4f4a-8b3c-211dc8f16809,victor smith,Maloneton,SC,10847,2024-01-08 10:29:50
CUST001965,36eff201-5656-45f9-9c6a-16e051cb3f06,Tara Knox,Tammyshire,MG,34531,2023-10-26 05:31:51
CUST001966,9e1d5748-e3fe-466b-a23b-3ed770adf7ed,Jeffrey Williams,Garciamouth,SC,92799,2023-04-08 06:34:35
CUST001967,76b4c117-210f-4001-9832-c73230f699cd,AMBER GOMEZ,Dawnbury,PA,87850,2023-05-24 14:35:47
CUST001968,0c5332b3-10d5-45b8-9448-a70dc04147f5,James Bernard,West Kendra,PA,02100,2024-08-31 13:01:27
CUST001969,9437ea94-e5b2-4d55-b0a5-c3c134091297,Donald Martinez,East Rosshaven,SC,80661,2024-02-23 15:20:55
CUST001970,48c21370-c2a4-43f2-b8e8-e938b2dff2fe,Joshua Sims,EAST VERONICAMOUTH,BA,81159,2024-05-26 12:51:55
CUST001971,f5b85c17-2c9c-463b-a454-02869dd97646,hannah brady,Ginamouth,MG,19704,2023-01-05 03:14:47
CUST001972,1216e243-634e-4115-9c81-2bad0bb34c14,Jason Tucker,LAKE ANDREWSHIRE,MG,56661,2024-03-22 16:17:14
CUST001973,d301e76f-e8a9-4b68-a9fc-5fb3f16231e0,angela hughes,Woodston,SP,91655,2023-03-07 17:15:02
CUST001974,7a9e9031-ff01-43e9-bddb-d9d1e53b7727,Melissa Martinez,  Lake James  ,PA,38377,2023-05-14 06:54:55
CUST001975,f692f963-b2ea-4850-94bf-e6604e879c62,Dr. Alicia Long,BENNETTBURGH,PR,44301,2023-02-05 20:36:05
CUST001976,292254f9-37cc-4228-820f-8fa553fdd1f7,Sandra Jones,South Lawrence,GO,17541,2024-02-19 20:23:25
CUST001977,492eb70c-2f03-4a0c-a423-421be61aa316,Joshua White,Lake Jacobshire,PA,92573,2024-12-08 10:13:42
CUST001978,ca0e0bc2-3805-4440-a642-765fc772fdb6,  Gary Davis  ,Lake Kristinshire,BA,05722,2024-06-18 07:57:01
CUST001979,6bf82001-e470-4ab0-a520-b332a4a58bd6,Amber Sanchez,dixonbury,BA,02328,2023-04-21 00:52:13
CUST001980,1ddca90a-e721-4e6c-a2eb-022226c68746,James Robinson,New Sara,SC,37409,2024-03-04 19:20:32
CUST001981,f52b0682-55a2-4f90-ada7-93f0e57977ec,  Susan Cook  ,MORRISSHIRE,SC,24889,24/11/2023 18:55
CUST001982,bca88911-97ea-402c-abc6-206b16754427,jessica jackson,East Stephaniebury,MG,55430,2023-11-07 17:38:50
CUST001983,2ddecd40-e1de-431a-8dd9-f251abc90bba,Stacey Thomas,Michaelburgh,DF,10690,2023-04-22 06:15:38
CUST001984,769f3d26-fbb9-44ee-b641-f1fb417e5edc,MELISSA MARTINEZ,Wilsonstad,GO,21748,2024-06-25 05:20:53
CUST001985,8cfcb112-c07e-44c4-b6b4-aaa539c42eed,Colin Graves,North Deborah,GO,80192,2024-09-29 07:22:53
CUST001986,1149544e-2bc1-43fb-a906-5b41b9be1d00,thomas floyd,Sharpstad,RS,74627,2024-09-03 21:21:33
CUST001987,c5d66362-1b3e-444b-af09-3f45182ebfd2,JEFFREY NICHOLS,Andrealand,RJ,96226,2023-07-29 19:29:57
CUST001988,91a85948-501d-4146-a177-2a3896aaa3ca,MELISSA RUIZ,South Angelaton,RJ,93408,2023-09-13 19:40:08
CUST001989,c5eba017-fe0e-4da1-801b-07c40ce356ea,  David Nichols  ,  North Amy  ,PR,49710,2023-04-24 15:46:55
CUST001990,822e6328-2792-4c1c-b14e-8d139bd0e94e,karen jackson,MARTINPORT,PE,07502,2023-06-22 14:35:05
CUST001991,838fd802-fed4-4e35-9891-c896a848849e,NATHAN WOODS,North Gregoryborough,MG,81115,2024-02-13 22:13:04
CUST001992,a011d446-20a1-45c8-8962-31dc4b67563a,  Veronica Taylor  ,North Johnathan,CE,36863,2023-03-16 05:00:18
CUST001993,475ce39f-fcc6-413a-bcbe-08bc475bce8c,Monique Middleton,North Robertstad,PA,76165,2023-07-30 12:48:43
CUST001994,b37b574e-323f-4bb2-b5e5-f62a9a39bc36,Cameron Burton,east barryborough,PE,07147,2023-05-21 07:58:45
CUST001995,b22518de-b6e2-487a-afe6-169046e95aec,Samuel Anderson,Jimenezberg,PA,91655,2024-03-04 11:54:20
CUST001996,5f786318-3e63-431e-9a6d-a2e5e0351e44,Amanda Frank,New Clayton,MG,44471,21/07/2023 05:14
CUST001997,40e3200c-683b-41bc-8c0a-7983e2e6e895,Aaron Joyce,west jenniferbury,MG,58168,2023-04-21 19:33:51
CUST001998,65dbb404-5b19-4207-b5a8-457d74f894e2,Anne Medina,PORT CHAD,DF,03504,2024-05-11 11:25:48
CUST001999,99249d85-fd9c-40c3-a972-3882a6d9d3d1,Michael Hess,south kennethton,SC,21357,2023-11-21 20:37:42
CUST002000,e4729be5-f3c2-444a-b60a-3dcca7f77451,Chelsea Holmes,North Linda,PA,79148,2023-04-29 20:24:54
CUST002001,e5a2709d-a8f8-487b-b766-ac85a99c37b3,Michael Wallace,North Kelseyborough,PA,33229,2023-04-20 19:23:59
CUST002002,10c49f9e-b020-421b-a90f-413715bebdd0,ashley jackson,Benjaminchester,BA,74956,2024-10-12 04:16:44
CUST002003,ce7d765b-634c-45ea-ad28-746a5a6df285,Tony Swanson,North Francismouth,MG,21517,2024-05-17 14:41:14
CUST002004,d64f10b5-84d6-4400-905d-d35c7d127b6b,  Michelle Tyler  ,  Port Karenville  ,DF,24181,2023-11-06 05:40:35
CUST002005,d2478bb2-8945-49ec-8850-3e9d7e1b2034,Bradley Espinoza,Lake Christopher,PA,47910,2024-05-11 22:29:05
CUST002006,2ccda2af-4d64-4b63-866c-fb2b3754f16f,Richard Strickland,South Williamfort,BA,66044,17/09/2024 14:29
CUST002007,e267e12b-65e5-413f-b086-9a454a8abb17,RONALD MURRAY,phillipston,PR,90934,2024-08-07 08:21:49
CUST002008,92b5a7e3-8e2a-4c5a-97d5-468369c7c2dd,Scott Cooper,Joshuafort,RJ,15648,2023-04-12 16:09:56
CUST002009,a7728290-78d5-40ef-830b-4532a7c24c68,Paige Hernandez,PEREZBOROUGH,BA,62686,2024-11-17 03:42:31
CUST002010,85ee751c-6d04-43e7-8adf-1e46d403fd02,Gabriella House,Pattersonburgh,DF,72951,2023-05-25 02:36:35
CUST002011,8aa9d39a-726f-46fd-8ec9-8bf10067eaa6,James Meyers,Kelseyfort,PA,06000,2024-05-07 02:11:39
CUST002012,49be8766-781e-4d35-afa1-f2bcb4ce5f31,leslie valencia,Lopeztown,PA,10928,2023-07-23 05:47:39
CUST002013,3db8014a-8dc5-4246-a85d-938be64f8ec0,Jenna Dunn,  Lake Scott  ,PE,16351,2023-11-27 15:59:01
CUST002014,9bcde988-ce25-4281-81a4-dce0c8009f5e,Carlos Vincent,Jonathanfurt,DF,50473,2024-03-31 06:49:20
CUST002015,b88ba445-4e6c-4bae-bb8c-ea351bc47161,Danielle Ballard,Lake Richard,SC,79350,2024-01-23 10:48:53
CUST002016,65ebd4dc-b49b-4b72-8631-9c165827bc1d,Sarah Hopkins,South Krista,SP,21707,2023-07-06 22:20:41
CUST002017,18ecde2b-0a80-4167-b4b3-f20eaed0fb57,Marcia Blanchard,Bishopview,RJ,44405,2023-01-13 23:06:46
CUST002018,076f3b07-a2ec-477a-b05a-1bef690903c4,Brenda Harvey,New Ashleychester,SP,03493,2024-11-27 08:12:08
CUST002019,a0d60422-1a32-4219-aeb1-3e3cd3cb6d14,joseph beltran,New Amy,PA,96779,2024-03-31 12:01:56
CUST002020,b69f68c3-e60f-4420-ac33-350c73b911d8,Brandon Fleming,Elizabethland,PA,72590,2023-12-25 19:51:47
CUST002021,243bb306-93f6-4b6f-984c-cc2000bd2562,Sergio Crawford,LAKE AUTUMNTON,PR,08806,2023-04-24 07:13:36
CUST002022,18ecde2b-0a80-4167-b4b3-f20eaed0fb57,Marcia Blanchard,Bishopview,RJ,44405,2023-01-13 23:06:46
CUST002023,0ba4e32b-4804-444c-82a4-e22ed7371450,Joseph Jones,SOUTH HOLLYBERG,PE,95537,17/11/2023 06:32
CUST002024,dbc6ac37-2442-40c6-8b0c-100c2626c97d,Seth Lopez,COLLINSHAVEN,SP,09253,2024-09-14 14:07:24
CUST002025,f7073712-88b0-4b77-bfeb-4cf34ec77371,Joann Forbes,West Brianton,GO,53651,2024-07-15 09:33:55
CUST002026,5dbe0139-c895-48d9-8907-19db252a95db,mallory carroll,West Annette,CE,39089,2023-01-02 12:26:35
CUST002027,39b86bb2-b596-4a7c-af4a-fa885299e505,Todd Jacobson,west jamesside,DF,36473,2023-08-15 16:41:37
CUST002028,7ead63bc-676a-404c-9beb-21e239a01a0b,Donna Middleton,Port Gregory,SC,38303,2024-05-14 16:41:33
CUST002029,3d0a5f0c-0c39-4ec7-9f31-74054d183eba,Riley Bryant,port rebeccaside,BA,02655,2023-08-12 18:39:51
CUST002030,b61e5fdb-1a43-4206-af2d-dcc48df661da,Sarah Mitchell,West Shannon,BA,67787,2024-08-25 11:58:32
CUST002031,6be26493-c32a-4b1b-a4dc-6a67a6d18c91,john browning,South Connie,PA,73280,2024-01-05 03:38:40
CUST002032,ee8d5daa-8eb7-4306-8f73-198e5c3d0d5f,  Hailey Jenkins  ,michelleborough,RS,76110,18/11/2023 12:13
CUST002033,12a59eaf-f0d4-4d0c-a3a2-9fe4ef3cfc8f,  Heather Dixon  ,South Tommyport,DF,93046,2023-01-02 07:17:21
CUST002034,3f8ea40a-6b0a-40e3-9d89-6047dd39d793,Stephanie Li,  Jamesburgh  ,BA,65809,2024-06-25 18:18:47
CUST002035,86c5547c-051a-4039-b803-dcee9a069295,Gary Mendez,  West Jennifer  ,DF,42914,2024-05-25 09:18:49
CUST002036,0328a80d-9ba5-458b-8585-36b7cf6d2a9d,Keith Morris,Melaniemouth,RS,61151,24/12/2024 12:02
CUST002037,c3e15a85-d46e-4104-9190-6f5034885a46,Laurie Li,west kim,CE,78617,2024-12-15 05:29:53
CUST002038,a3b442bd-4649-4296-af58-42c3ff86cc31,Theresa Jones,coxburgh,SC,04582,2023-12-05 13:29:06
CUST002039,5c3e82e9-6867-453f-8ad2-1d5dacfb605e,Angelica King,West Sandy,SP,85103,2024-06-20 11:15:14
