order_id,customer_id,order_status,order_purchase_timestamp,order_approved_at,order_delivered_timestamp
ORD0000000,CUST000980,delivered,2024-04-20 16:34:19,2024-04-20 22:34:19,2024-05-09 22:34:19
ORD0000001,CUST001017,delivered,2023-02-02 10:06:29,2023-02-02 17:06:29,2023-02-05 17:06:29
ORD0000002,CUST001600,delivered,2023-12-02 04:01:59,2023-12-03 11:01:59,2023-12-14 11:01:59
ORD0000003,CUST000053,invoiced,2023-01-17 15:43:52,2023-01-17 19:43:52,
ORD0000004,CUST001761,processing,2024-02-19 21:56:46,2024-02-21 12:56:46,
ORD0000005,CUST000106,delivered,2023-01-15 01:18:45,2023-01-16 13:18:45,2023-02-02 13:18:45
ORD0000006,CUST001125,delivered,2023-04-08 06:35:39,2023-04-09 10:35:39,2023-04-24 10:35:39
ORD0000007,CUST000720,delivered,2024-11-27 20:01:37,2024-11-29 12:01:37,2024-12-12 12:01:37
ORD0000008,CUST000188,delivered,2023-02-14 23:45:13,2023-02-15 15:45:13,2023-02-24 15:45:13
ORD0000009,CUST000093,delivered,2024-08-03 13:57:24,2024-08-05 00:57:24,2024-08-25 00:57:24
ORD0000010,CUST000156,delivered,13/07/2024 02:32,2024-07-13 18:32:42,2024-07-16 18:32:42
ORD0000011,CUST000716,delivered,2023-08-08 11:58:15,2023-08-08 14:58:15,2023-08-20 14:58:15
ORD0000012,CUST001241,canceled,2023-08-16 02:58:05,2023-08-16 11:58:05,
ORD0000013,CUST000512,delivered,2024-05-24 23:43:48,2024-05-25 04:43:48,2024-05-29 04:43:48
ORD0000014,CUST001838,delivered,2024-07-01 18:54:34,2024-07-03 18:54:34,2024-07-16 18:54:34
ORD0000015,CUST001597,delivered,2024-07-07 21:46:43,2024-07-08 17:46:43,2024-07-21 17:46:43
ORD0000016,CUST001828,processing,2023-07-09 16:19:33,2023-07-11 02:19:33,
ORD0000017,CUST000709,delivered,2024-01-27 00:54:09,2024-01-27 07:54:09,2024-01-30 07:54:09
ORD0000018,CUST000572,shipped,28/04/2024 00:31,2024-04-29 08:31:48,
ORD0000019,CUST000472,canceled,2024-10-15 13:18:19,2024-10-16 23:18:19,
ORD0000020,CUST000073,delivered,2023-04-06 08:11:22,2023-04-07 08:11:22,2023-04-13 08:11:22
ORD0000021,CUST000043,delivered,2024-05-19 19:09:53,2024-05-21 01:09:53,2024-05-26 01:09:53
ORD0000022,CUST000615,delivered,2023-08-04 21:41:11,2023-08-06 11:41:11,2023-08-20 11:41:11
ORD0000023,CUST001014,delivered,05/08/2023 18:39,2023-08-07 10:39:39,2023-08-21 10:39:39
ORD0000024,CUST000421,delivered,2023-12-11 21:07:40,2023-12-12 00:07:40,2023-12-21 00:07:40
ORD0000025,CUST000064,delivered,2024-02-18 14:22:09,2024-02-18 18:22:09,2024-02-29 18:22:09
ORD0000026,CUST001889,delivered,2023-01-21 04:31:40,2023-01-22 19:31:40,2023-02-03 19:31:40
ORD0000027,CUST001550,delivered,08/08/2024 02:52,2024-08-09 16:52:19,2024-08-17 16:52:19
ORD0000028,CUST001773,shipped,2024-04-27 18:10:07,2024-04-28 22:10:07,
ORD0000029,CUST001653,shipped,2024-07-25 05:07:10,2024-07-25 09:07:10,
ORD0000030,CUST001758,delivered,2024-07-14 05:57:03,2024-07-16 01:57:03,2024-07-27 01:57:03
ORD0000031,CUST001574,delivered,2023-11-26 04:51:26,2023-11-27 17:51:26,2023-12-17 17:51:26
ORD0000032,CUST000270,delivered,2023-10-24 03:46:48,2023-10-25 09:46:48,2023-11-03 09:46:48
ORD0000033,CUST000511,delivered,2024-06-14 04:33:45,2024-06-14 22:33:45,2024-06-18 22:33:45
ORD0000034,CUST001260,delivered,2024-03-19 13:45:06,2024-03-20 15:45:06,2024-03-23 15:45:06
ORD0000035,CUST000254,delivered,2023-07-14 13:54:21,2023-07-16 07:54:21,2023-07-18 07:54:21
ORD0000036,CUST000908,delivered,2024-10-11 08:09:56,2024-10-12 01:09:56,2024-10-19 01:09:56
ORD0000037,CUST000983,delivered,2023-12-29 07:03:45,2023-12-29 10:03:45,2024-01-11 10:03:45
ORD0000038,CUST001922,delivered,14/11/2023 09:03,2023-11-14 13:03:32,2023-12-04 13:03:32
ORD0000039,CUST001952,canceled,04/03/2024 07:44,2024-03-05 04:44:00,
ORD0000040,CUST001779,delivered,2024-08-17 22:50:34,2024-08-18 16:50:34,2024-08-28 16:50:34
ORD0000041,CUST000476,delivered,2023-05-16 12:49:42,2023-05-16 22:49:42,2023-05-19 22:49:42
ORD0000042,CUST001187,delivered,2024-06-15 14:54:43,2024-06-16 23:54:43,2024-07-02 23:54:43
ORD0000043,CUST001997,delivered,2023-06-27 01:20:28,2023-06-27 05:20:28,2023-07-07 05:20:28
ORD0000044,CUST001471,delivered,28/10/2024 00:46,2024-10-28 23:46:40,2024-11-16 23:46:40
ORD0000045,CUST000908,delivered,2023-03-26 18:57:17,2023-03-26 23:57:17,2023-04-13 23:57:17
ORD0000046,CUST000760,delivered,2023-06-08 11:37:01,2023-06-09 08:37:01,2023-06-29 08:37:01
ORD0000047,CUST001793,delivered,2023-02-25 10:51:54,2023-02-27 04:51:54,2023-03-14 04:51:54
ORD0000048,CUST001997,delivered,2024-04-16 10:40:48,2024-04-17 10:40:48,2024-04-29 10:40:48
ORD0000049,CUST000328,delivered,2024-01-01 14:12:17,2024-01-02 09:12:17,2024-01-04 09:12:17
ORD0000050,CUST000217,delivered,2023-04-27 13:22:54,2023-04-29 03:22:54,2023-05-01 03:22:54
ORD0000051,CUST001599,processing,2024-02-01 17:55:48,2024-02-03 15:55:48,
ORD0000052,CUST001924,shipped,2024-07-07 16:18:18,2024-07-08 15:18:18,
ORD0000053,CUST001487,processing,2023-01-26 07:41:57,2023-01-28 02:41:57,
ORD0000054,CUST001956,shipped,19/05/2024 06:11,2024-05-19 12:11:25,
ORD0000055,CUST001031,canceled,2023-06-24 10:29:36,2023-06-25 23:29:36,
ORD0000056,CUST001501,delivered,2024-07-24 01:50:34,2024-07-25 04:50:34,2024-08-13 04:50:34
ORD0000057,CUST001243,processing,2024-09-11 23:37:47,2024-09-12 03:37:47,
ORD0000058,CUST000399,delivered,2023-12-09 13:09:37,2023-12-10 10:09:37,2023-12-20 10:09:37
ORD0000059,CUST001636,delivered,2023-07-09 13:01:48,2023-07-10 11:01:48,2023-07-19 11:01:48
ORD0000060,CUST001419,delivered,2023-12-21 01:07:21,2023-12-21 22:07:21,2023-12-26 22:07:21
ORD0000061,CUST000741,shipped,14/11/2024 16:36,2024-11-15 19:36:59,
ORD0000062,CUST001239,delivered,2023-03-01 09:00:54,2023-03-02 09:00:54,2023-03-19 09:00:54
ORD0000063,CUST001695,shipped,2023-06-28 11:05:54,2023-06-30 00:05:54,
ORD0000064,CUST001380,delivered,2024-02-22 13:53:12,2024-02-23 05:53:12,2024-03-09 05:53:12
ORD0000065,CUST000642,delivered,2023-07-22 03:57:04,2023-07-22 22:57:04,2023-08-03 22:57:04
ORD0000066,CUST001012,delivered,2024-01-28 06:21:56,2024-01-28 16:21:56,2024-02-17 16:21:56
ORD0000067,CUST001794,shipped,2024-11-29 22:50:19,2024-11-30 10:50:19,
ORD0000068,CUST001456,delivered,2023-11-22 03:44:48,2023-11-22 20:44:48,2023-12-11 20:44:48
ORD0000069,CUST001707,shipped,2023-04-09 04:13:42,2023-04-09 07:13:42,
ORD0000070,CUST001775,delivered,2023-02-26 17:05:34,2023-02-27 02:05:34,2023-03-17 02:05:34
ORD0000071,CUST000823,delivered,2023-11-25 01:20:11,2023-11-26 00:20:11,2023-12-02 00:20:11
ORD0000072,CUST001837,delivered,2023-08-16 21:13:16,2023-08-17 05:13:16,2023-08-29 05:13:16
ORD0000073,CUST002035,delivered,2024-04-17 20:03:40,2024-04-19 12:03:40,2024-04-24 12:03:40
ORD0000074,CUST001865,delivered,2024-12-16 03:32:02,2024-12-17 02:32:02,2025-01-02 02:32:02
ORD0000075,CUST001551,delivered,2024-10-10 09:53:13,2024-10-11 13:53:13,2024-10-22 13:53:13
ORD0000076,CUST001876,delivered,2023-05-23 11:46:13,2023-05-25 10:46:13,2023-06-14 10:46:13
ORD0000077,CUST001214,delivered,2023-04-29 06:15:53,2023-04-29 07:15:53,2023-05-19 07:15:53
ORD0000078,CUST000361,delivered,2023-10-22 16:03:17,2023-10-23 13:03:17,2023-11-08 13:03:17
ORD0000079,CUST000608,delivered,2024-08-23 09:52:56,2024-08-23 16:52:56,2024-09-01 16:52:56
ORD0000080,CUST001040,delivered,2024-02-07 02:12:38,2024-02-08 12:12:38,2024-02-28 12:12:38
ORD0000081,CUST001550,delivered,2023-09-08 17:25:46,2023-09-09 18:25:46,2023-09-21 18:25:46
ORD0000082,CUST000881,delivered,2024-09-24 05:49:14,2024-09-26 05:49:14,2024-10-04 05:49:14
ORD0000083,CUST000711,delivered,2024-04-23 01:19:55,2024-04-23 22:19:55,2024-04-28 22:19:55
ORD0000084,CUST000458,delivered,2023-08-01 16:54:21,2023-08-03 00:54:21,2023-08-19 00:54:21
ORD0000085,CUST001893,delivered,2024-12-13 19:02:19,2024-12-14 12:02:19,2024-12-19 12:02:19
ORD0000086,CUST001717,delivered,2023-03-16 13:07:21,2023-03-17 03:07:21,2023-04-05 03:07:21
ORD0000087,CUST001101,delivered,2024-04-09 18:49:36,2024-04-09 21:49:36,2024-04-28 21:49:36
ORD0000088,CUST000416,delivered,2024-10-08 15:00:30,2024-10-08 17:00:30,2024-10-21 17:00:30
ORD0000089,CUST000911,canceled,2023-11-28 06:35:02,2023-11-30 05:35:02,
ORD0000090,CUST001466,processing,2023-08-18 02:06:34,2023-08-18 10:06:34,
ORD0000091,CUST001010,processing,2023-12-12 04:18:38,2023-12-13 08:18:38,
ORD0000092,CUST001369,processing,2023-08-05 06:44:37,2023-08-07 05:44:37,
ORD0000093,CUST001489,delivered,03/03/2023 09:55,2023-03-05 09:55:01,2023-03-14 09:55:01
ORD0000094,CUST001291,delivered,2023-09-18 11:08:16,2023-09-19 05:08:16,2023-10-05 05:08:16
ORD0000095,CUST001827,delivered,2023-02-27 13:06:35,2023-03-01 11:06:35,2023-03-13 11:06:35
ORD0000096,CUST000650,delivered,2024-12-25 04:35:57,2024-12-27 02:35:57,2025-01-14 02:35:57
ORD0000097,CUST001943,delivered,2024-10-12 14:38:55,2024-10-14 07:38:55,2024-10-17 07:38:55
ORD0000098,CUST001786,delivered,2023-04-17 07:31:43,2023-04-18 21:31:43,2023-05-02 21:31:43
ORD0000099,CUST000992,delivered,2023-07-26 01:17:25,2023-07-27 08:17:25,2023-08-02 08:17:25
ORD0000100,CUST000406,shipped,2023-08-08 12:02:23,2023-08-08 21:02:23,
ORD0000101,CUST000006,delivered,2024-02-06 00:38:44,2024-02-07 23:38:44,2024-02-15 23:38:44
ORD0000102,CUST000079,delivered,2024-04-19 17:54:51,2024-04-20 07:54:51,2024-04-27 07:54:51
ORD0000103,CUST000480,delivered,2023-10-23 09:07:25,2023-10-25 02:07:25,2023-11-14 02:07:25
ORD0000104,CUST001721,delivered,2024-05-25 06:16:01,2024-05-25 18:16:01,2024-06-05 18:16:01
ORD0000105,CUST001224,delivered,2024-01-12 18:10:22,2024-01-14 02:10:22,2024-01-28 02:10:22
ORD0000106,CUST001972,delivered,2023-03-16 23:30:35,2023-03-17 14:30:35,2023-03-22 14:30:35
ORD0000107,CUST001985,shipped,2023-08-12 03:07:34,2023-08-13 06:07:34,
ORD0000108,CUST000951,delivered,2023-11-27 00:03:46,2023-11-27 08:03:46,2023-12-04 08:03:46
ORD0000109,CUST001443,delivered,2023-09-27 23:20:03,2023-09-29 20:20:03,2023-10-13 20:20:03
ORD0000110,CUST001230,canceled,2024-10-14 12:59:14,2024-10-15 20:59:14,
ORD0000111,CUST000440,delivered,2023-08-14 23:19:57,2023-08-15 17:19:57,2023-09-02 17:19:57
ORD0000112,CUST001580,shipped,2023-02-17 05:27:17,2023-02-18 17:27:17,
ORD0000113,CUST000870,delivered,2023-11-16 09:51:56,2023-11-17 11:51:56,2023-12-03 11:51:56
ORD0000114,CUST001491,canceled,2023-07-28 09:47:44,2023-07-29 17:47:44,
ORD0000115,CUST000839,delivered,2023-02-05 10:34:39,2023-02-06 06:34:39,2023-02-22 06:34:39
ORD0000116,CUST001596,processing,2024-02-21 08:00:30,2024-02-21 22:00:30,
ORD0000117,CUST000675,canceled,2024-04-21 08:48:52,2024-04-23 00:48:52,
ORD0000118,CUST000184,delivered,2024-07-14 23:19:09,2024-07-15 01:19:09,2024-07-29 01:19:09
ORD0000119,CUST001341,delivered,01/10/2023 22:48,2023-10-03 10:48:58,2023-10-07 10:48:58
ORD0000120,CUST001716,delivered,2024-02-20 21:56:02,2024-02-21 10:56:02,2024-02-28 10:56:02
ORD0000121,CUST001641,processing,2023-06-28 03:06:15,2023-06-28 22:06:15,
ORD0000122,CUST001501,delivered,2023-11-18 02:14:47,2023-11-18 16:14:47,2023-12-07 16:14:47
ORD0000123,CUST000209,delivered,2024-10-18 16:55:34,2024-10-18 18:55:34,2024-11-05 18:55:34
ORD0000124,CUST000579,shipped,2023-02-02 20:15:09,2023-02-03 07:15:09,
ORD0000125,CUST000069,delivered,2024-08-22 22:47:47,2024-08-24 19:47:47,2024-09-02 19:47:47
ORD0000126,CUST000268,delivered,2024-08-31 23:49:07,2024-09-02 00:49:07,2024-09-16 00:49:07
ORD0000127,CUST000156,processing,31/10/2024 12:32,2024-10-31 18:32:26,
ORD0000128,CUST000850,shipped,15/08/2024 03:54,2024-08-17 02:54:17,
ORD0000129,CUST001882,shipped,2024-02-25 17:58:54,2024-02-27 08:58:54,
ORD0000130,CUST000397,shipped,2024-09-07 15:30:28,2024-09-08 17:30:28,
ORD0000131,CUST000870,processing,2024-09-01 13:12:21,2024-09-02 10:12:21,
ORD0000132,CUST000204,delivered,2023-08-01 20:39:26,2023-08-03 02:39:26,2023-08-11 02:39:26
ORD0000133,CUST000879,delivered,2024-01-02 03:32:22,2024-01-03 04:32:22,2024-01-14 04:32:22
ORD0000134,CUST000989,invoiced,2024-03-11 17:43:41,2024-03-12 11:43:41,
ORD0000135,CUST000783,shipped,29/01/2024 11:35,2024-01-30 03:35:14,
ORD0000136,CUST001463,delivered,2023-11-02 18:04:40,2023-11-03 18:04:40,2023-11-22 18:04:40
ORD0000137,CUST000915,delivered,2023-01-20 08:01:05,2023-01-21 10:01:05,2023-01-30 10:01:05
ORD0000138,CUST000294,delivered,2024-05-14 07:00:23,2024-05-15 03:00:23,2024-05-27 03:00:23
ORD0000139,CUST000346,invoiced,2023-03-16 02:10:49,2023-03-17 14:10:49,
ORD0000140,CUST000171,canceled,2024-04-05 21:57:19,2024-04-06 13:57:19,
ORD0000141,CUST001557,delivered,2024-01-03 18:57:10,2024-01-05 04:57:10,2024-01-25 04:57:10
ORD0000142,CUST000637,shipped,2023-07-15 18:03:54,2023-07-16 21:03:54,
ORD0000143,CUST001411,processing,2023-01-29 08:35:25,2023-01-30 05:35:25,
ORD0000144,CUST001546,delivered,2023-01-05 07:51:55,2023-01-06 01:51:55,2023-01-14 01:51:55
ORD0000145,CUST000659,delivered,2024-01-24 05:14:08,2024-01-25 02:14:08,2024-02-03 02:14:08
ORD0000146,CUST001886,delivered,2024-03-06 22:21:23,2024-03-08 22:21:23,2024-03-12 22:21:23
ORD0000147,CUST000331,delivered,2023-10-19 19:17:44,2023-10-20 04:17:44,2023-10-22 04:17:44
ORD0000148,CUST000079,delivered,2023-06-03 07:11:56,2023-06-04 12:11:56,2023-06-09 12:11:56
ORD0000149,CUST000286,delivered,2024-05-01 08:33:35,2024-05-02 18:33:35,2024-05-19 18:33:35
ORD0000150,CUST000240,delivered,2023-11-07 05:27:40,2023-11-07 06:27:40,2023-11-18 06:27:40
ORD0000151,CUST001070,delivered,2024-12-17 02:46:13,2024-12-18 22:46:13,2024-12-28 22:46:13
ORD0000152,CUST000339,canceled,2024-03-13 22:11:14,2024-03-15 16:11:14,
ORD0000153,CUST001063,delivered,2023-06-08 19:26:41,2023-06-10 11:26:41,2023-06-23 11:26:41
ORD0000154,CUST000336,delivered,2023-06-13 14:11:16,2023-06-14 12:11:16,2023-06-20 12:11:16
ORD0000155,CUST000852,processing,2023-01-08 15:04:48,2023-01-09 12:04:48,
ORD0000156,CUST000408,delivered,2023-01-05 08:26:12,2023-01-06 04:26:12,2023-01-14 04:26:12
ORD0000157,CUST001279,delivered,2023-09-15 02:56:31,2023-09-15 09:56:31,2023-09-18 09:56:31
ORD0000158,CUST001809,delivered,2023-09-30 04:54:48,2023-10-01 21:54:48,2023-10-20 21:54:48
ORD0000159,CUST000582,delivered,2024-12-21 16:55:39,2024-12-22 05:55:39,2025-01-01 05:55:39
ORD0000160,CUST000626,processing,2024-03-29 23:16:49,2024-03-31 22:16:49,
ORD0000161,CUST001149,shipped,2024-12-26 16:45:43,2024-12-27 09:45:43,
ORD0000162,CUST000210,delivered,2023-03-02 04:15:34,2023-03-03 18:15:34,2023-03-09 18:15:34
ORD0000163,CUST000259,delivered,2023-07-24 05:30:44,2023-07-25 18:30:44,2023-07-30 18:30:44
ORD0000164,CUST001178,delivered,2024-08-18 00:17:16,2024-08-19 01:17:16,2024-08-31 01:17:16
ORD0000165,CUST000428,delivered,2023-08-04 08:04:53,2023-08-06 08:04:53,2023-08-23 08:04:53
ORD0000166,CUST001903,shipped,2023-06-18 02:47:54,2023-06-18 08:47:54,
ORD0000167,CUST000662,delivered,09/05/2023 00:26,2023-05-10 07:26:14,2023-05-12 07:26:14
ORD0000168,CUST001653,invoiced,2023-04-17 09:23:51,2023-04-18 18:23:51,
ORD0000169,CUST001556,delivered,2023-09-12 01:23:15,2023-09-12 21:23:15,2023-09-30 21:23:15
ORD0000170,CUST000727,delivered,2023-10-21 01:33:35,2023-10-22 02:33:35,2023-11-08 02:33:35
ORD0000171,CUST001956,delivered,2024-02-17 04:41:41,2024-02-17 10:41:41,2024-02-25 10:41:41
ORD0000172,CUST001720,delivered,2023-08-04 17:23:18,2023-08-06 15:23:18,2023-08-12 15:23:18
ORD0000173,CUST001142,delivered,2024-06-23 21:35:54,2024-06-24 14:35:54,2024-06-29 14:35:54
ORD0000174,CUST001751,delivered,2023-05-19 06:23:30,2023-05-19 08:23:30,2023-06-01 08:23:30
ORD0000175,CUST001263,delivered,2024-07-19 20:03:57,2024-07-21 00:03:57,2024-07-29 00:03:57
ORD0000176,CUST000783,invoiced,2024-12-30 15:49:06,2024-12-31 04:49:06,
ORD0000177,CUST000905,canceled,2023-01-09 06:56:54,2023-01-09 19:56:54,
ORD0000178,CUST000192,delivered,2024-03-31 07:20:38,2024-04-01 03:20:38,2024-04-13 03:20:38
ORD0000179,CUST001242,canceled,2024-01-26 12:44:50,2024-01-26 13:44:50,
ORD0000180,CUST000089,delivered,2024-05-13 09:40:17,2024-05-14 16:40:17,2024-05-28 16:40:17
ORD0000181,CUST000117,shipped,2023-08-01 22:58:14,2023-08-03 15:58:14,
ORD0000182,CUST001899,processing,2024-11-01 10:56:26,2024-11-03 08:56:26,
ORD0000183,CUST000969,delivered,2023-12-20 00:08:04,2023-12-21 08:08:04,2023-12-28 08:08:04
ORD0000184,CUST000756,delivered,28/02/2024 18:29,2024-02-29 01:29:06,2024-03-03 01:29:06
ORD0000185,CUST001507,canceled,2023-04-29 23:42:04,2023-05-01 21:42:04,
ORD0000186,CUST001708,processing,2023-03-06 07:57:46,2023-03-07 10:57:46,
ORD0000187,CUST000643,delivered,2024-05-10 03:27:14,2024-05-12 01:27:14,2024-05-15 01:27:14
ORD0000188,CUST000681,delivered,2024-10-24 05:09:58,2024-10-24 18:09:58,2024-10-26 18:09:58
ORD0000189,CUST000346,processing,2023-09-03 19:37:12,2023-09-05 17:37:12,
ORD0000190,CUST001926,delivered,2023-10-12 11:31:02,2023-10-13 21:31:02,2023-10-15 21:31:02
ORD0000191,CUST000133,delivered,2024-06-02 15:14:55,2024-06-04 10:14:55,2024-06-07 10:14:55
ORD0000192,CUST000546,shipped,2023-04-25 13:51:33,2023-04-27 12:51:33,
ORD0000193,CUST001410,delivered,2023-08-03 00:10:00,2023-08-04 15:10:00,2023-08-12 15:10:00
ORD0000194,CUST000560,delivered,2024-08-03 01:53:27,2024-08-03 02:53:27,2024-08-14 02:53:27
ORD0000195,CUST001159,delivered,2023-12-29 03:34:20,2023-12-30 16:34:20,2024-01-03 16:34:20
ORD0000196,CUST001494,delivered,2024-12-14 00:58:01,2024-12-14 06:58:01,2024-12-21 06:58:01
ORD0000197,CUST001615,delivered,01/05/2024 17:08,2024-05-01 19:08:07,2024-05-08 19:08:07
ORD0000198,CUST000630,delivered,2023-12-24 13:31:45,2023-12-24 19:31:45,2024-01-02 19:31:45
ORD0000199,CUST000635,delivered,01/12/2024 04:47,2024-12-01 17:47:24,2024-12-07 17:47:24
ORD0000200,CUST000287,shipped,2023-05-19 06:14:08,2023-05-20 00:14:08,
ORD0000201,CUST001809,delivered,2024-10-10 18:39:34,2024-10-11 07:39:34,2024-10-21 07:39:34
ORD0000202,CUST000900,invoiced,2023-07-21 10:42:38,2023-07-23 07:42:38,
ORD0000203,CUST001581,delivered,2024-03-25 11:40:42,2024-03-26 11:40:42,2024-04-08 11:40:42
ORD0000204,CUST000075,delivered,2024-05-05 03:11:05,2024-05-06 23:11:05,2024-05-13 23:11:05
ORD0000205,CUST000431,delivered,2023-05-01 22:32:13,2023-05-03 09:32:13,2023-05-23 09:32:13
ORD0000206,CUST000424,delivered,2024-05-16 18:27:41,2024-05-18 14:27:41,2024-05-29 14:27:41
ORD0000207,CUST001626,invoiced,2024-03-04 10:46:41,2024-03-06 10:46:41,
ORD0000208,CUST000957,delivered,2023-06-13 16:08:33,2023-06-14 09:08:33,2023-06-22 09:08:33
ORD0000209,CUST001292,canceled,2024-02-06 14:08:03,2024-02-08 09:08:03,
ORD0000210,CUST001154,delivered,2024-03-31 19:07:54,2024-04-01 16:07:54,2024-04-14 16:07:54
ORD0000211,CUST001289,delivered,2023-01-27 07:00:20,2023-01-28 04:00:20,2023-02-02 04:00:20
ORD0000212,CUST000973,canceled,2023-05-04 07:19:25,2023-05-05 10:19:25,
ORD0000213,CUST000627,delivered,2023-03-19 20:00:24,2023-03-20 08:00:24,2023-04-02 08:00:24
ORD0000214,CUST001657,delivered,2024-08-07 03:08:17,2024-08-07 05:08:17,2024-08-23 05:08:17
ORD0000215,CUST000969,delivered,2024-06-23 10:23:21,2024-06-24 14:23:21,2024-07-08 14:23:21
ORD0000216,CUST000988,delivered,2023-10-17 21:13:39,2023-10-19 12:13:39,2023-10-31 12:13:39
ORD0000217,CUST000220,delivered,2024-12-22 13:37:12,2024-12-23 04:37:12,2025-01-10 04:37:12
ORD0000218,CUST001214,shipped,24/03/2024 13:09,2024-03-25 15:09:23,
ORD0000219,CUST000406,delivered,2024-12-17 09:55:02,2024-12-18 05:55:02,2025-01-05 05:55:02
ORD0000220,CUST001614,delivered,2023-04-19 09:23:08,2023-04-19 18:23:08,2023-05-01 18:23:08
ORD0000221,CUST001641,invoiced,2023-08-29 05:16:35,2023-08-29 15:16:35,
ORD0000222,CUST000410,delivered,2023-12-24 17:58:39,2023-12-24 18:58:39,2023-12-30 18:58:39
ORD0000223,CUST001756,delivered,2023-03-04 10:18:13,2023-03-04 22:18:13,2023-03-13 22:18:13
ORD0000224,CUST001731,delivered,2023-07-10 02:08:41,2023-07-10 12:08:41,2023-07-29 12:08:41
ORD0000225,CUST000964,delivered,2023-05-04 18:07:22,2023-05-05 17:07:22,2023-05-10 17:07:22
ORD0000226,CUST001702,delivered,2023-06-15 01:08:08,2023-06-16 08:08:08,2023-06-30 08:08:08
ORD0000227,CUST000263,delivered,2024-12-13 05:10:55,2024-12-13 12:10:55,2024-12-27 12:10:55
ORD0000228,CUST001839,canceled,2023-11-07 14:22:11,2023-11-08 11:22:11,
ORD0000229,CUST001093,delivered,08/11/2024 20:00,2024-11-10 00:00:18,2024-11-24 00:00:18
ORD0000230,CUST000454,delivered,2024-07-29 02:35:56,2024-07-30 16:35:56,2024-08-01 16:35:56
ORD0000231,CUST000696,delivered,2023-07-02 15:39:18,2023-07-03 15:39:18,2023-07-16 15:39:18
ORD0000232,CUST001322,delivered,2024-04-10 09:20:30,2024-04-11 11:20:30,2024-04-15 11:20:30
ORD0000233,CUST000891,delivered,2023-02-04 08:50:27,2023-02-04 22:50:27,2023-02-15 22:50:27
ORD0000234,CUST000583,delivered,2023-05-20 17:07:30,2023-05-21 21:07:30,2023-05-27 21:07:30
ORD0000235,CUST001963,delivered,2024-01-09 08:00:13,2024-01-09 11:00:13,2024-01-19 11:00:13
ORD0000236,CUST001708,delivered,2023-11-06 07:17:12,2023-11-08 03:17:12,2023-11-26 03:17:12
ORD0000237,CUST001500,processing,2023-09-26 23:15:18,2023-09-28 19:15:18,
ORD0000238,CUST000329,processing,2024-09-16 03:15:44,2024-09-16 04:15:44,
ORD0000239,CUST000023,delivered,2023-10-26 06:05:51,2023-10-28 02:05:51,2023-11-13 02:05:51
ORD0000240,CUST001579,invoiced,09/11/2023 00:17,2023-11-10 04:17:38,
ORD0000241,CUST001236,delivered,2024-07-30 09:05:39,2024-08-01 02:05:39,2024-08-06 02:05:39
ORD0000242,CUST001599,canceled,2024-01-25 23:06:22,2024-01-26 23:06:22,
ORD0000243,CUST001608,delivered,2024-02-20 13:34:23,2024-02-21 13:34:23,2024-02-26 13:34:23
ORD0000244,CUST000307,delivered,13/08/2024 00:10,2024-08-14 01:10:16,2024-08-18 01:10:16
ORD0000245,CUST000528,canceled,2024-07-03 13:57:44,2024-07-05 03:57:44,
ORD0000246,CUST000890,processing,19/07/2024 03:58,2024-07-20 09:58:59,
ORD0000247,CUST000751,delivered,05/04/2023 09:52,2023-04-06 17:52:59,2023-04-22 17:52:59
ORD0000248,CUST000691,delivered,2023-10-14 20:11:03,2023-10-15 13:11:03,2023-10-30 13:11:03
ORD0000249,CUST000547,shipped,2023-01-19 06:38:14,2023-01-20 17:38:14,
ORD0000250,CUST000609,delivered,2023-01-14 14:34:39,2023-01-15 19:34:39,2023-01-27 19:34:39
ORD0000251,CUST001088,delivered,2023-10-05 11:31:11,2023-10-07 10:31:11,2023-10-10 10:31:11
ORD0000252,CUST000258,delivered,2023-03-07 06:44:49,2023-03-08 17:44:49,2023-03-13 17:44:49
ORD0000253,CUST001990,delivered,2023-12-01 20:17:47,2023-12-02 14:17:47,2023-12-15 14:17:47
ORD0000254,CUST001165,delivered,2024-12-14 15:12:35,2024-12-16 14:12:35,2025-01-03 14:12:35
ORD0000255,CUST001247,delivered,2023-10-17 13:24:31,2023-10-17 16:24:31,2023-10-23 16:24:31
ORD0000256,CUST001049,delivered,2024-11-16 02:21:33,2024-11-16 09:21:33,2024-11-30 09:21:33
ORD0000257,CUST000865,delivered,2024-12-21 08:44:41,2024-12-23 01:44:41,2025-01-03 01:44:41
ORD0000258,CUST001713,delivered,2024-08-03 00:44:47,2024-08-03 17:44:47,2024-08-07 17:44:47
ORD0000259,CUST001169,invoiced,2024-09-08 10:36:40,2024-09-08 23:36:40,
ORD0000260,CUST001421,delivered,2024-02-04 06:23:31,2024-02-05 17:23:31,2024-02-14 17:23:31
ORD0000261,CUST000562,delivered,2024-01-03 07:50:16,2024-01-03 21:50:16,2024-01-18 21:50:16
ORD0000262,CUST001375,shipped,04/08/2023 00:55,2023-08-05 09:55:44,
ORD0000263,CUST000558,delivered,21/05/2023 18:56,2023-05-23 14:56:20,2023-06-03 14:56:20
ORD0000264,CUST000562,delivered,2024-08-30 10:28:45,2024-08-31 13:28:45,2024-09-06 13:28:45
ORD0000265,CUST000453,delivered,2024-05-08 02:35:09,2024-05-08 23:35:09,2024-05-13 23:35:09
ORD0000266,CUST001252,shipped,2023-06-21 16:48:52,2023-06-21 21:48:52,
ORD0000267,CUST001204,shipped,2024-10-04 07:55:51,2024-10-05 13:55:51,
ORD0000268,CUST001904,delivered,2024-02-25 13:30:26,2024-02-26 14:30:26,2024-03-14 14:30:26
ORD0000269,CUST000310,delivered,2023-09-06 06:34:25,2023-09-07 05:34:25,2023-09-23 05:34:25
ORD0000270,CUST001428,shipped,2023-06-13 14:33:56,2023-06-15 01:33:56,
ORD0000271,CUST001981,delivered,09/11/2023 23:18,2023-11-10 02:18:46,2023-11-30 02:18:46
ORD0000272,CUST001531,delivered,2023-09-26 04:50:36,2023-09-26 10:50:36,2023-10-04 10:50:36
ORD0000273,CUST001381,delivered,2023-08-15 15:58:32,2023-08-16 12:58:32,2023-09-01 12:58:32
ORD0000274,CUST001156,delivered,2024-03-30 08:00:50,2024-03-30 19:00:50,2024-04-12 19:00:50
ORD0000275,CUST001139,invoiced,2023-01-19 04:21:47,2023-01-19 23:21:47,
ORD0000276,CUST000269,invoiced,2023-10-19 11:48:25,2023-10-20 22:48:25,
ORD0000277,CUST000810,canceled,2023-04-06 22:05:42,2023-04-07 05:05:42,
ORD0000278,CUST000365,invoiced,2024-03-19 07:27:29,2024-03-20 02:27:29,
ORD0000279,CUST001126,shipped,2024-07-24 11:20:23,2024-07-25 13:20:23,
ORD0000280,CUST000571,shipped,2023-11-21 19:26:24,2023-11-23 10:26:24,
ORD0000281,CUST001028,delivered,2023-03-24 01:14:58,2023-03-25 20:14:58,2023-04-06 20:14:58
ORD0000282,CUST001549,delivered,2024-10-29 05:58:31,2024-10-30 07:58:31,2024-11-16 07:58:31
ORD0000283,CUST001892,processing,2023-12-16 02:27:56,2023-12-16 13:27:56,
ORD0000284,CUST001562,delivered,2023-01-03 14:12:47,2023-01-05 01:12:47,2023-01-17 01:12:47
ORD0000285,CUST001188,delivered,2024-12-05 16:56:29,2024-12-05 23:56:29,2024-12-19 23:56:29
ORD0000286,CUST001303,invoiced,15/11/2023 16:25,2023-11-16 05:25:51,
ORD0000287,CUST000164,delivered,2024-04-18 13:44:41,2024-04-20 05:44:41,2024-05-08 05:44:41
ORD0000288,CUST001248,shipped,2023-01-18 17:38:58,2023-01-19 14:38:58,
ORD0000289,CUST001949,delivered,2024-01-02 13:06:21,2024-01-04 09:06:21,2024-01-08 09:06:21
ORD0000290,CUST000797,shipped,2024-11-17 05:51:58,2024-11-18 23:51:58,
ORD0000291,CUST000937,processing,2024-10-22 10:54:31,2024-10-22 21:54:31,
ORD0000292,CUST001919,processing,2023-05-17 02:10:10,2023-05-18 09:10:10,
ORD0000293,CUST001831,delivered,14/04/2023 00:46,2023-04-14 19:46:34,2023-04-18 19:46:34
ORD0000294,CUST002026,delivered,2023-12-23 15:58:35,2023-12-24 07:58:35,2024-01-09 07:58:35
ORD0000295,CUST001645,delivered,2023-12-25 09:14:07,2023-12-26 18:14:07,2023-12-31 18:14:07
ORD0000296,CUST000946,delivered,2024-12-15 16:56:51,2024-12-16 03:56:51,2024-12-25 03:56:51
ORD0000297,CUST001775,delivered,2024-08-04 11:04:31,2024-08-04 14:04:31,2024-08-19 14:04:31
ORD0000298,CUST001961,delivered,2023-10-27 06:48:11,2023-10-27 11:48:11,2023-11-11 11:48:11
ORD0000299,CUST001590,shipped,2023-04-04 23:16:02,2023-04-06 21:16:02,
ORD0000300,CUST000898,invoiced,2024-07-09 04:10:14,2024-07-09 06:10:14,
ORD0000301,CUST001696,shipped,2023-08-16 13:13:38,2023-08-17 15:13:38,
ORD0000302,CUST001467,shipped,2023-10-10 05:46:07,2023-10-11 07:46:07,
ORD0000303,CUST000212,delivered,2023-12-08 19:02:54,2023-12-09 23:02:54,2023-12-14 23:02:54
ORD0000304,CUST001478,delivered,2024-10-02 23:22:33,2024-10-04 13:22:33,2024-10-09 13:22:33
ORD0000305,CUST001629,delivered,2023-09-21 22:58:35,2023-09-22 08:58:35,2023-10-01 08:58:35
ORD0000306,CUST000938,delivered,2023-09-14 08:07:28,2023-09-16 02:07:28,2023-09-20 02:07:28
ORD0000307,CUST000604,delivered,2023-07-10 02:04:07,2023-07-10 19:04:07,2023-07-22 19:04:07
ORD0000308,CUST001163,delivered,2023-12-16 19:37:12,2023-12-18 16:37:12,2023-12-28 16:37:12
ORD0000309,CUST000590,delivered,19/04/2023 18:10,2023-04-20 04:10:49,2023-05-08 04:10:49
ORD0000310,CUST001461,canceled,2024-03-13 17:08:11,2024-03-14 17:08:11,
ORD0000311,CUST001298,canceled,2023-05-03 22:58:17,2023-05-05 11:58:17,
ORD0000312,CUST000316,shipped,2024-06-06 22:49:29,2024-06-07 17:49:29,
ORD0000313,CUST001759,delivered,2023-04-24 19:26:42,2023-04-26 10:26:42,2023-05-07 10:26:42
ORD0000314,CUST000620,delivered,2023-01-22 18:02:43,2023-01-23 08:02:43,2023-02-12 08:02:43
ORD0000315,CUST001526,delivered,2023-10-10 20:28:04,2023-10-12 19:28:04,2023-10-30 19:28:04
ORD0000316,CUST001991,delivered,2024-01-06 11:26:45,2024-01-08 03:26:45,2024-01-15 03:26:45
ORD0000317,CUST001071,delivered,2024-10-24 05:48:40,2024-10-25 14:48:40,2024-11-06 14:48:40
ORD0000318,CUST000346,processing,2024-01-12 21:38:13,2024-01-14 15:38:13,
ORD0000319,CUST001369,delivered,2024-01-11 22:23:04,2024-01-12 23:23:04,2024-01-14 23:23:04
ORD0000320,CUST000307,delivered,2023-08-29 05:55:27,2023-08-29 19:55:27,2023-09-07 19:55:27
ORD0000321,CUST001331,shipped,2024-09-05 01:08:18,2024-09-05 09:08:18,
ORD0000322,CUST001720,delivered,2024-03-18 06:32:03,2024-03-19 23:32:03,2024-03-21 23:32:03
ORD0000323,CUST001839,processing,2024-09-03 19:31:13,2024-09-05 05:31:13,
ORD0000324,CUST001282,delivered,2024-05-30 22:24:26,2024-05-31 01:24:26,2024-06-14 01:24:26
ORD0000325,CUST001969,delivered,2023-02-22 04:39:23,2023-02-22 22:39:23,2023-03-13 22:39:23
ORD0000326,CUST001987,shipped,2024-11-08 18:44:02,2024-11-09 00:44:02,
ORD0000327,CUST000524,delivered,2024-02-11 04:28:19,2024-02-11 20:28:19,2024-02-20 20:28:19
ORD0000328,CUST000467,delivered,2024-12-28 06:31:13,2024-12-30 00:31:13,2025-01-08 00:31:13
ORD0000329,CUST001130,delivered,2023-02-01 05:59:36,2023-02-02 20:59:36,2023-02-12 20:59:36
ORD0000330,CUST001855,shipped,2024-07-23 14:23:49,2024-07-23 19:23:49,
ORD0000331,CUST000499,delivered,2023-02-17 06:36:28,2023-02-17 20:36:28,2023-02-26 20:36:28
ORD0000332,CUST001805,delivered,2023-12-27 14:38:39,2023-12-27 21:38:39,2024-01-15 21:38:39
ORD0000333,CUST000979,delivered,2024-05-07 08:51:31,2024-05-07 13:51:31,2024-05-15 13:51:31
ORD0000334,CUST001207,delivered,2023-06-03 07:43:57,2023-06-03 14:43:57,2023-06-22 14:43:57
ORD0000335,CUST000880,delivered,2024-03-18 05:04:00,2024-03-18 06:04:00,2024-04-07 06:04:00
ORD0000336,CUST001206,delivered,2024-11-19 13:53:01,2024-11-20 18:53:01,2024-11-28 18:53:01
ORD0000337,CUST001545,delivered,2023-12-21 09:11:56,2023-12-21 10:11:56,2023-12-31 10:11:56
ORD0000338,CUST001038,delivered,2024-05-05 05:04:56,2024-05-05 17:04:56,2024-05-17 17:04:56
ORD0000339,CUST001776,delivered,2024-05-16 04:53:03,2024-05-17 00:53:03,2024-05-27 00:53:03
ORD0000340,CUST000632,delivered,2024-06-10 11:54:03,2024-06-11 23:54:03,2024-06-29 23:54:03
ORD0000341,CUST000013,delivered,2024-08-10 16:16:26,2024-08-11 04:16:26,2024-08-28 04:16:26
ORD0000342,CUST000334,invoiced,2024-01-01 10:52:25,2024-01-02 18:52:25,
ORD0000343,CUST000193,shipped,2024-06-06 17:11:07,2024-06-07 13:11:07,
ORD0000344,CUST001684,delivered,2024-05-10 11:00:01,2024-05-12 07:00:01,2024-05-31 07:00:01
ORD0000345,CUST000436,shipped,2024-08-15 12:36:14,2024-08-16 03:36:14,
ORD0000346,CUST000210,delivered,2024-08-18 07:06:50,2024-08-19 17:06:50,2024-09-05 17:06:50
ORD0000347,CUST001376,canceled,2023-06-13 08:07:32,2023-06-14 21:07:32,
ORD0000348,CUST001745,delivered,2024-08-18 06:40:57,2024-08-19 08:40:57,2024-08-26 08:40:57
ORD0000349,CUST001338,delivered,2023-09-10 23:08:19,2023-09-12 09:08:19,2023-09-29 09:08:19
ORD0000350,CUST001910,delivered,2024-07-18 06:21:01,2024-07-19 00:21:01,2024-07-28 00:21:01
ORD0000351,CUST000759,canceled,2024-10-10 03:04:15,2024-10-10 23:04:15,
ORD0000352,CUST000921,delivered,2023-10-02 21:47:59,2023-10-04 21:47:59,2023-10-16 21:47:59
ORD0000353,CUST001561,delivered,2024-08-15 09:40:11,2024-08-16 12:40:11,2024-08-18 12:40:11
ORD0000354,CUST001996,delivered,2023-11-14 12:21:23,2023-11-15 11:21:23,2023-11-21 11:21:23
ORD0000355,CUST000427,delivered,2024-09-27 18:33:44,2024-09-29 16:33:44,2024-10-07 16:33:44
ORD0000356,CUST000659,delivered,2024-10-08 15:53:21,2024-10-09 15:53:21,2024-10-11 15:53:21
ORD0000357,CUST001633,delivered,2024-03-09 11:08:40,2024-03-10 23:08:40,2024-03-18 23:08:40
ORD0000358,CUST000152,delivered,2024-10-27 04:31:02,2024-10-27 22:31:02,2024-11-01 22:31:02
ORD0000359,CUST000962,delivered,2024-01-08 13:56:00,2024-01-10 12:56:00,2024-01-30 12:56:00
ORD0000360,CUST000798,canceled,2024-08-29 19:08:39,2024-08-31 14:08:39,
ORD0000361,CUST000573,canceled,2024-01-14 07:06:31,2024-01-14 23:06:31,
ORD0000362,CUST001309,delivered,2023-02-16 01:44:44,2023-02-16 08:44:44,2023-02-19 08:44:44
ORD0000363,CUST000966,delivered,2023-12-07 07:13:48,2023-12-08 02:13:48,2023-12-13 02:13:48
ORD0000364,CUST000847,shipped,2023-09-10 01:58:00,2023-09-12 00:58:00,
ORD0000365,CUST001175,processing,2024-04-03 02:49:26,2024-04-03 22:49:26,
ORD0000366,CUST001119,delivered,2023-07-10 11:21:23,2023-07-11 08:21:23,2023-07-31 08:21:23
ORD0000367,CUST000287,delivered,2024-02-17 11:04:10,2024-02-18 06:04:10,2024-02-20 06:04:10
ORD0000368,CUST001960,delivered,2024-09-02 10:15:03,2024-09-04 07:15:03,2024-09-16 07:15:03
ORD0000369,CUST001811,canceled,2023-12-13 07:04:00,2023-12-15 07:04:00,
ORD0000370,CUST000682,delivered,2023-06-26 20:18:19,2023-06-28 02:18:19,2023-07-11 02:18:19
ORD0000371,CUST001236,invoiced,2023-07-21 04:35:28,2023-07-21 21:35:28,
ORD0000372,CUST000875,delivered,2023-04-03 13:52:14,2023-04-05 07:52:14,2023-04-20 07:52:14
ORD0000373,CUST001869,delivered,2023-02-07 07:21:51,2023-02-08 17:21:51,2023-02-11 17:21:51
ORD0000374,CUST001965,delivered,2024-03-15 09:41:03,2024-03-16 13:41:03,2024-03-19 13:41:03
ORD0000375,CUST001007,shipped,2024-09-05 17:13:50,2024-09-07 04:13:50,
ORD0000376,CUST001157,delivered,2023-02-22 03:00:40,2023-02-24 03:00:40,2023-02-28 03:00:40
ORD0000377,CUST001635,delivered,2023-03-29 06:04:29,2023-03-30 17:04:29,2023-04-06 17:04:29
ORD0000378,CUST001249,processing,2024-03-21 18:44:30,2024-03-23 00:44:30,
ORD0000379,CUST001674,delivered,2023-02-26 18:22:34,2023-02-28 14:22:34,2023-03-15 14:22:34
ORD0000380,CUST001332,delivered,2024-11-14 22:27:58,2024-11-16 22:27:58,2024-11-22 22:27:58
ORD0000381,CUST001080,delivered,2024-03-22 18:56:53,2024-03-23 16:56:53,2024-04-08 16:56:53
ORD0000382,CUST000822,shipped,2023-12-02 20:28:02,2023-12-02 22:28:02,
ORD0000383,CUST000017,delivered,2024-10-05 07:11:20,2024-10-06 08:11:20,2024-10-08 08:11:20
ORD0000384,CUST001381,delivered,2023-07-21 01:22:07,2023-07-21 16:22:07,2023-08-10 16:22:07
ORD0000385,CUST001576,delivered,2024-05-22 16:13:25,2024-05-24 11:13:25,2024-06-01 11:13:25
ORD0000386,CUST001776,canceled,2024-11-24 19:15:58,2024-11-26 17:15:58,
ORD0000387,CUST000371,delivered,2023-04-26 04:12:37,2023-04-26 18:12:37,2023-05-07 18:12:37
ORD0000388,CUST001106,delivered,2024-10-18 02:19:04,2024-10-18 05:19:04,2024-10-24 05:19:04
ORD0000389,CUST001347,delivered,2024-11-07 04:20:27,2024-11-08 01:20:27,2024-11-17 01:20:27
ORD0000390,CUST001917,delivered,2023-11-26 13:13:12,2023-11-27 07:13:12,2023-12-06 07:13:12
ORD0000391,CUST001797,shipped,2023-01-22 04:50:33,2023-01-22 13:50:33,
ORD0000392,CUST000909,delivered,2024-10-09 21:49:04,2024-10-10 22:49:04,2024-10-12 22:49:04
ORD0000393,CUST000100,processing,2023-06-12 00:17:38,2023-06-13 01:17:38,
ORD0000394,CUST001668,delivered,2023-06-09 17:15:47,2023-06-10 18:15:47,2023-06-30 18:15:47
ORD0000395,CUST001483,invoiced,2024-01-29 13:38:04,2024-01-31 03:38:04,
ORD0000396,CUST001516,delivered,2023-06-12 19:56:06,2023-06-13 03:56:06,2023-06-30 03:56:06
ORD0000397,CUST000391,shipped,2023-09-04 03:03:48,2023-09-05 06:03:48,
ORD0000398,CUST000522,delivered,2024-01-29 17:29:26,2024-01-30 17:29:26,2024-02-16 17:29:26
ORD0000399,CUST000778,canceled,2023-01-13 12:58:23,2023-01-13 13:58:23,
ORD0000400,CUST000738,delivered,2024-10-28 00:49:46,2024-10-28 07:49:46,2024-11-10 07:49:46
ORD0000401,CUST000615,processing,2023-12-04 05:07:18,2023-12-05 23:07:18,
ORD0000402,CUST001659,shipped,2024-05-20 04:56:35,2024-05-21 22:56:35,
ORD0000403,CUST000092,delivered,2023-08-02 09:04:47,2023-08-04 08:04:47,2023-08-16 08:04:47
ORD0000404,CUST001062,delivered,2024-03-14 12:31:12,2024-03-14 13:31:12,2024-03-20 13:31:12
ORD0000405,CUST001221,delivered,2024-08-15 02:04:31,2024-08-15 05:04:31,2024-08-18 05:04:31
ORD0000406,CUST000761,processing,2024-05-28 09:02:30,2024-05-29 04:02:30,
ORD0000407,CUST000357,processing,2023-11-22 15:11:03,2023-11-23 03:11:03,
ORD0000408,CUST000371,invoiced,2024-07-30 07:15:40,2024-08-01 02:15:40,
ORD0000409,CUST000061,canceled,2024-09-02 22:28:52,2024-09-03 09:28:52,
ORD0000410,CUST001273,delivered,2024-04-30 16:40:10,2024-05-01 16:40:10,2024-05-11 16:40:10
ORD0000411,CUST001820,shipped,2023-09-15 13:08:14,2023-09-15 15:08:14,
ORD0000412,CUST000095,shipped,2023-04-23 02:42:27,2023-04-24 05:42:27,
ORD0000413,CUST000347,shipped,2024-07-15 04:47:58,2024-07-16 14:47:58,
ORD0000414,CUST000859,delivered,2024-11-27 20:48:34,2024-11-28 11:48:34,2024-12-02 11:48:34
ORD0000415,CUST001753,delivered,2024-01-05 11:29:33,2024-01-06 17:29:33,2024-01-21 17:29:33
ORD0000416,CUST000637,delivered,2024-10-27 14:03:57,2024-10-29 05:03:57,2024-10-31 05:03:57
ORD0000417,CUST000661,canceled,2023-07-19 12:14:51,2023-07-19 21:14:51,
ORD0000418,CUST000978,delivered,2024-04-21 14:30:41,2024-04-23 09:30:41,2024-04-28 09:30:41
ORD0000419,CUST000257,processing,2024-03-19 16:40:36,2024-03-20 05:40:36,
ORD0000420,CUST001522,delivered,2023-04-21 18:10:24,2023-04-22 09:10:24,2023-04-26 09:10:24
ORD0000421,CUST000511,delivered,2024-11-19 21:20:54,2024-11-21 13:20:54,2024-11-26 13:20:54
ORD0000422,CUST001455,delivered,2024-05-27 03:32:08,2024-05-27 23:32:08,2024-06-08 23:32:08
ORD0000423,CUST002022,delivered,2024-02-08 19:57:14,2024-02-10 05:57:14,2024-03-01 05:57:14
ORD0000424,CUST000864,shipped,2023-04-13 07:11:53,2023-04-14 04:11:53,
ORD0000425,CUST001294,delivered,25/07/2024 23:41,2024-07-26 02:41:00,2024-08-09 02:41:00
ORD0000426,CUST001299,delivered,22/05/2023 11:56,2023-05-22 12:56:27,2023-05-28 12:56:27
ORD0000427,CUST000660,shipped,06/05/2023 17:45,2023-05-07 19:45:32,
ORD0000428,CUST001287,delivered,2024-10-28 04:19:20,2024-10-29 03:19:20,2024-11-06 03:19:20
ORD0000429,CUST002033,invoiced,2023-11-12 01:59:30,2023-11-13 06:59:30,
ORD0000430,CUST001525,delivered,2024-02-28 23:55:48,2024-03-01 04:55:48,2024-03-06 04:55:48
ORD0000431,CUST000690,shipped,2024-12-18 14:28:35,2024-12-19 12:28:35,
ORD0000432,CUST000934,delivered,2023-09-22 20:23:01,2023-09-24 04:23:01,2023-10-13 04:23:01
ORD0000433,CUST000129,delivered,2023-09-23 22:19:58,2023-09-25 08:19:58,2023-10-05 08:19:58
ORD0000434,CUST000193,delivered,2023-01-20 17:45:03,2023-01-22 04:45:03,2023-01-28 04:45:03
ORD0000435,CUST001459,delivered,2023-03-28 07:44:35,2023-03-28 15:44:35,2023-04-16 15:44:35
ORD0000436,CUST000893,processing,2023-08-27 11:27:41,2023-08-28 16:27:41,
ORD0000437,CUST000373,canceled,2024-11-04 09:26:43,2024-11-05 18:26:43,
ORD0000438,CUST000290,canceled,2024-02-01 19:57:08,2024-02-02 08:57:08,
ORD0000439,CUST001076,delivered,2023-01-13 23:40:09,2023-01-14 12:40:09,2023-01-27 12:40:09
ORD0000440,CUST000096,delivered,2024-10-29 22:11:10,2024-10-31 08:11:10,2024-11-18 08:11:10
ORD0000441,CUST000341,delivered,2023-06-28 23:24:22,2023-06-30 20:24:22,2023-07-18 20:24:22
ORD0000442,CUST001726,delivered,2023-05-09 15:40:11,2023-05-11 08:40:11,2023-05-20 08:40:11
ORD0000443,CUST000868,shipped,2024-02-25 01:38:40,2024-02-26 17:38:40,
ORD0000444,CUST001845,delivered,2023-11-08 08:48:41,2023-11-09 03:48:41,2023-11-23 03:48:41
ORD0000445,CUST000278,delivered,2024-01-06 03:27:29,2024-01-07 09:27:29,2024-01-19 09:27:29
ORD0000446,CUST001368,delivered,2023-02-28 03:41:13,2023-02-28 20:41:13,2023-03-19 20:41:13
ORD0000447,CUST001964,canceled,21/04/2024 05:20,2024-04-22 20:20:03,
ORD0000448,CUST000984,shipped,2023-04-19 23:26:33,2023-04-20 09:26:33,
ORD0000449,CUST000801,shipped,2024-09-18 19:21:06,2024-09-19 11:21:06,
ORD0000450,CUST000509,delivered,2023-10-31 16:45:43,2023-11-02 06:45:43,2023-11-10 06:45:43
ORD0000451,CUST000252,delivered,2023-08-03 13:04:27,2023-08-03 22:04:27,2023-08-17 22:04:27
ORD0000452,CUST000908,delivered,2024-06-06 04:54:11,2024-06-06 14:54:11,2024-06-14 14:54:11
ORD0000453,CUST001066,delivered,2023-09-12 08:28:22,2023-09-12 09:28:22,2023-09-17 09:28:22
ORD0000454,CUST000475,delivered,2024-05-03 04:56:30,2024-05-04 19:56:30,2024-05-21 19:56:30
ORD0000455,CUST000314,delivered,07/04/2023 23:38,2023-04-09 10:38:34,2023-04-25 10:38:34
ORD0000456,CUST000699,invoiced,2024-12-08 05:03:54,2024-12-10 04:03:54,
ORD0000457,CUST001716,canceled,2023-02-01 19:45:59,2023-02-02 20:45:59,
ORD0000458,CUST000344,delivered,2023-12-29 08:40:08,2023-12-30 12:40:08,2024-01-19 12:40:08
ORD0000459,CUST000460,delivered,2024-09-09 01:43:33,2024-09-10 09:43:33,2024-09-21 09:43:33
ORD0000460,CUST000494,delivered,2024-07-22 08:58:55,2024-07-23 23:58:55,2024-08-05 23:58:55
ORD0000461,CUST000863,delivered,11/10/2024 21:23,2024-10-13 18:23:18,2024-10-28 18:23:18
ORD0000462,CUST001852,delivered,2024-08-21 00:49:33,2024-08-21 18:49:33,2024-08-31 18:49:33
ORD0000463,CUST002013,delivered,2023-11-22 22:45:23,2023-11-24 17:45:23,2023-12-04 17:45:23
ORD0000464,CUST001199,delivered,2024-07-07 21:03:56,2024-07-09 05:03:56,2024-07-18 05:03:56
ORD0000465,CUST001599,delivered,2024-06-01 00:12:51,2024-06-01 18:12:51,2024-06-06 18:12:51
ORD0000466,CUST001242,delivered,2024-04-16 04:36:02,2024-04-17 17:36:02,2024-05-01 17:36:02
ORD0000467,CUST001232,canceled,2023-10-25 03:56:34,2023-10-25 06:56:34,
ORD0000468,CUST001178,processing,2024-05-14 04:22:55,2024-05-14 11:22:55,
ORD0000469,CUST001188,invoiced,2023-07-05 08:05:35,2023-07-06 08:05:35,
ORD0000470,CUST001471,canceled,2023-11-24 15:28:06,2023-11-25 17:28:06,
ORD0000471,CUST001174,delivered,2024-09-04 03:55:35,2024-09-05 08:55:35,2024-09-21 08:55:35
ORD0000472,CUST001370,delivered,2023-11-06 16:10:16,2023-11-08 09:10:16,2023-11-23 09:10:16
ORD0000473,CUST000202,delivered,2023-05-21 09:11:41,2023-05-21 11:11:41,2023-06-02 11:11:41
ORD0000474,CUST001739,delivered,2023-01-23 00:56:25,2023-01-24 23:56:25,2023-02-09 23:56:25
ORD0000475,CUST001993,delivered,2024-06-14 12:15:39,2024-06-15 11:15:39,2024-06-28 11:15:39
ORD0000476,CUST000938,delivered,2024-08-31 17:24:34,2024-08-31 21:24:34,2024-09-12 21:24:34
ORD0000477,CUST001143,delivered,2024-08-19 23:57:00,2024-08-20 10:57:00,2024-08-28 10:57:00
ORD0000478,CUST001542,delivered,2023-09-08 00:17:58,2023-09-10 00:17:58,2023-09-24 00:17:58
ORD0000479,CUST001754,processing,2024-10-18 02:43:09,2024-10-19 10:43:09,
ORD0000480,CUST000648,delivered,2024-02-23 01:25:23,2024-02-25 01:25:23,2024-03-05 01:25:23
ORD0000481,CUST000640,delivered,2024-07-14 17:56:58,2024-07-14 23:56:58,2024-07-28 23:56:58
ORD0000482,CUST000542,delivered,2024-08-10 15:23:02,2024-08-11 16:23:02,2024-08-19 16:23:02
ORD0000483,CUST001545,delivered,2023-09-19 18:09:30,2023-09-20 23:09:30,2023-10-03 23:09:30
ORD0000484,CUST001191,delivered,2023-01-13 08:54:25,2023-01-13 16:54:25,2023-01-21 16:54:25
ORD0000485,CUST001549,delivered,2024-05-13 21:29:02,2024-05-15 09:29:02,2024-05-26 09:29:02
ORD0000486,CUST000406,delivered,2024-04-25 09:08:04,2024-04-27 06:08:04,2024-05-01 06:08:04
ORD0000487,CUST000828,shipped,2024-12-11 11:11:36,2024-12-13 06:11:36,
ORD0000488,CUST000812,delivered,2023-09-22 05:06:56,2023-09-23 16:06:56,2023-10-06 16:06:56
ORD0000489,CUST001256,delivered,2024-10-18 08:07:06,2024-10-20 08:07:06,2024-10-31 08:07:06
ORD0000490,CUST000503,delivered,2023-06-24 15:02:20,2023-06-25 20:02:20,2023-06-28 20:02:20
ORD0000491,CUST000459,delivered,2023-08-01 15:47:01,2023-08-01 17:47:01,2023-08-18 17:47:01
ORD0000492,CUST000901,invoiced,2023-07-10 13:41:16,2023-07-11 04:41:16,
ORD0000493,CUST001975,delivered,10/01/2023 15:29,2023-01-11 10:29:41,2023-01-20 10:29:41
ORD0000494,CUST001139,delivered,2024-10-12 20:09:38,2024-10-14 01:09:38,2024-10-29 01:09:38
ORD0000495,CUST001189,delivered,2023-11-17 06:16:06,2023-11-17 18:16:06,2023-12-05 18:16:06
ORD0000496,CUST001447,delivered,2024-12-01 20:53:12,2024-12-02 21:53:12,2024-12-12 21:53:12
ORD0000497,CUST000758,delivered,2024-09-14 17:14:35,2024-09-15 10:14:35,2024-09-30 10:14:35
ORD0000498,CUST001106,canceled,2023-07-02 07:14:00,2023-07-03 04:14:00,
ORD0000499,CUST001761,invoiced,2023-04-15 11:07:39,2023-04-16 08:07:39,
ORD0000500,CUST001185,shipped,2024-09-09 22:15:31,2024-09-11 09:15:31,
ORD0000501,CUST001450,invoiced,2024-09-01 02:53:39,2024-09-02 11:53:39,
ORD0000502,CUST001474,delivered,2024-09-19 00:17:49,2024-09-20 15:17:49,2024-09-29 15:17:49
ORD0000503,CUST000952,shipped,2024-03-06 08:39:57,2024-03-06 23:39:57,
ORD0000504,CUST000896,processing,2023-12-24 11:28:27,2023-12-26 03:28:27,
ORD0000505,CUST000918,delivered,2023-05-14 02:01:52,2023-05-14 04:01:52,2023-06-02 04:01:52
ORD0000506,CUST000130,delivered,2023-09-27 23:47:29,2023-09-29 06:47:29,2023-10-05 06:47:29
ORD0000507,CUST000516,delivered,2024-07-12 08:41:08,2024-07-13 02:41:08,2024-08-02 02:41:08
ORD0000508,CUST001005,shipped,2024-07-08 06:41:43,2024-07-09 21:41:43,
ORD0000509,CUST000440,shipped,2023-04-14 13:57:02,2023-04-15 15:57:02,
ORD0000510,CUST000676,delivered,2024-06-25 12:51:40,2024-06-27 08:51:40,2024-07-08 08:51:40
ORD0000511,CUST000295,shipped,2024-01-30 12:57:58,2024-01-31 15:57:58,
ORD0000512,CUST001766,invoiced,31/03/2024 20:05,2024-04-01 17:05:44,
ORD0000513,CUST000245,delivered,2024-07-07 02:45:42,2024-07-08 01:45:42,2024-07-28 01:45:42
ORD0000514,CUST001495,delivered,2023-02-19 10:07:32,2023-02-20 20:07:32,2023-03-07 20:07:32
ORD0000515,CUST000060,delivered,2024-04-12 05:14:50,2024-04-12 17:14:50,2024-04-19 17:14:50
ORD0000516,CUST000192,delivered,2023-04-03 19:38:35,2023-04-04 17:38:35,2023-04-08 17:38:35
ORD0000517,CUST000780,delivered,2024-06-16 07:54:25,2024-06-17 08:54:25,2024-07-02 08:54:25
ORD0000518,CUST000637,delivered,2023-09-24 15:29:20,2023-09-25 03:29:20,2023-09-30 03:29:20
ORD0000519,CUST001023,shipped,2024-11-13 18:57:02,2024-11-14 11:57:02,
ORD0000520,CUST002018,delivered,2023-06-05 19:35:27,2023-06-06 10:35:27,2023-06-19 10:35:27
ORD0000521,CUST000527,delivered,17/12/2023 20:48,2023-12-18 03:48:38,2024-01-05 03:48:38
ORD0000522,CUST000195,delivered,2024-03-08 17:37:33,2024-03-08 21:37:33,2024-03-21 21:37:33
ORD0000523,CUST000009,invoiced,2024-02-15 23:31:47,2024-02-16 00:31:47,
ORD0000524,CUST000767,delivered,2024-09-13 09:47:32,2024-09-14 22:47:32,2024-10-04 22:47:32
ORD0000525,CUST001271,invoiced,2023-05-27 09:33:39,2023-05-29 02:33:39,
ORD0000526,CUST001228,delivered,2023-09-26 03:53:18,2023-09-26 10:53:18,2023-10-02 10:53:18
ORD0000527,CUST001039,delivered,2023-12-09 07:11:54,2023-12-11 05:11:54,2023-12-18 05:11:54
ORD0000528,CUST000079,processing,2023-01-24 13:36:34,2023-01-26 05:36:34,
ORD0000529,CUST001653,canceled,2024-09-08 10:39:40,2024-09-08 18:39:40,
ORD0000530,CUST001398,canceled,2023-03-25 17:04:12,2023-03-26 16:04:12,
ORD0000531,CUST000395,delivered,2024-11-30 05:30:53,2024-11-30 12:30:53,2024-12-17 12:30:53
ORD0000532,CUST001920,invoiced,2024-12-15 14:01:37,2024-12-16 12:01:37,
ORD0000533,CUST001933,delivered,2024-10-08 01:19:08,2024-10-09 02:19:08,2024-10-25 02:19:08
ORD0000534,CUST000289,delivered,2023-09-20 19:11:17,2023-09-21 11:11:17,2023-10-04 11:11:17
ORD0000535,CUST000085,processing,2023-05-27 06:54:55,2023-05-28 08:54:55,
ORD0000536,CUST001660,canceled,2024-12-16 11:00:28,2024-12-17 18:00:28,
ORD0000537,CUST001736,delivered,2024-08-09 02:58:42,2024-08-10 16:58:42,2024-08-15 16:58:42
ORD0000538,CUST001177,delivered,2023-09-06 23:32:31,2023-09-08 09:32:31,2023-09-28 09:32:31
ORD0000539,CUST000578,delivered,2024-08-10 22:04:34,2024-08-12 09:04:34,2024-08-20 09:04:34
ORD0000540,CUST000827,delivered,2023-06-03 19:45:41,2023-06-04 14:45:41,2023-06-19 14:45:41
ORD0000541,CUST000658,delivered,2023-01-19 12:18:02,2023-01-20 20:18:02,2023-01-25 20:18:02
ORD0000542,CUST001578,delivered,2023-08-26 14:20:39,2023-08-27 22:20:39,2023-09-07 22:20:39
ORD0000543,CUST001939,delivered,2024-10-07 15:45:26,2024-10-07 18:45:26,2024-10-15 18:45:26
ORD0000544,CUST001111,canceled,2024-08-03 20:57:36,2024-08-05 09:57:36,
ORD0000545,CUST000096,delivered,2023-02-07 05:57:54,2023-02-08 16:57:54,2023-02-10 16:57:54
ORD0000546,CUST001687,delivered,2023-10-01 05:23:10,2023-10-02 16:23:10,2023-10-05 16:23:10
ORD0000547,CUST001073,processing,2024-07-27 15:23:06,2024-07-29 00:23:06,
ORD0000548,CUST001865,delivered,2024-06-13 01:14:47,2024-06-14 22:14:47,2024-06-17 22:14:47
ORD0000549,CUST000149,delivered,2023-05-25 05:47:57,2023-05-25 20:47:57,2023-06-06 20:47:57
ORD0000550,CUST000092,delivered,2024-03-19 14:55:14,2024-03-21 07:55:14,2024-03-23 07:55:14
ORD0000551,CUST000009,delivered,2024-06-19 11:09:07,2024-06-19 19:09:07,2024-06-30 19:09:07
ORD0000552,CUST002021,delivered,2024-12-11 21:24:11,2024-12-12 19:24:11,2024-12-19 19:24:11
ORD0000553,CUST000319,delivered,2024-12-13 16:59:59,2024-12-14 18:59:59,2024-12-17 18:59:59
ORD0000554,CUST001393,delivered,2024-06-03 06:21:17,2024-06-03 23:21:17,2024-06-18 23:21:17
ORD0000555,CUST000419,processing,2024-05-01 09:02:07,2024-05-02 05:02:07,
ORD0000556,CUST001413,delivered,10/12/2024 17:16,2024-12-11 11:16:37,2024-12-26 11:16:37
ORD0000557,CUST001725,processing,2023-10-20 22:14:44,2023-10-21 16:14:44,
ORD0000558,CUST001229,processing,15/01/2024 05:00,2024-01-15 22:00:54,
ORD0000559,CUST000263,delivered,2023-02-02 11:11:46,2023-02-04 08:11:46,2023-02-20 08:11:46
ORD0000560,CUST000325,delivered,2024-05-10 05:40:14,2024-05-10 13:40:14,2024-05-15 13:40:14
ORD0000561,CUST000342,delivered,2023-05-23 10:03:04,2023-05-24 21:03:04,2023-06-05 21:03:04
ORD0000562,CUST000583,delivered,2024-06-12 21:00:01,2024-06-14 19:00:01,2024-06-28 19:00:01
ORD0000563,CUST001558,delivered,2024-03-18 19:35:22,2024-03-19 12:35:22,2024-03-24 12:35:22
ORD0000564,CUST001946,processing,2024-11-17 15:26:58,2024-11-18 04:26:58,
ORD0000565,CUST001061,processing,2023-06-05 22:57:46,2023-06-06 07:57:46,
ORD0000566,CUST000077,delivered,2023-03-26 22:19:04,2023-03-27 06:19:04,2023-04-05 06:19:04
ORD0000567,CUST000495,delivered,2024-08-15 06:48:07,2024-08-17 03:48:07,2024-08-21 03:48:07
ORD0000568,CUST001222,delivered,2024-07-27 11:46:23,2024-07-27 21:46:23,2024-08-12 21:46:23
ORD0000569,CUST001484,delivered,2024-01-27 04:08:38,2024-01-27 17:08:38,2024-02-04 17:08:38
ORD0000570,CUST001887,delivered,2023-04-29 14:43:50,2023-04-30 12:43:50,2023-05-10 12:43:50
ORD0000571,CUST000801,delivered,2024-12-01 06:20:56,2024-12-03 00:20:56,2024-12-06 00:20:56
ORD0000572,CUST000461,canceled,2024-01-28 16:57:59,2024-01-28 21:57:59,
ORD0000573,CUST000051,delivered,2024-05-26 02:14:12,2024-05-28 01:14:12,2024-06-13 01:14:12
ORD0000574,CUST000589,delivered,2023-07-10 21:35:56,2023-07-12 12:35:56,2023-07-30 12:35:56
ORD0000575,CUST001402,delivered,04/09/2023 15:37,2023-09-04 19:37:38,2023-09-09 19:37:38
ORD0000576,CUST001482,delivered,2023-01-14 13:30:42,2023-01-16 05:30:42,2023-01-23 05:30:42
ORD0000577,CUST000012,delivered,2023-04-22 10:46:54,2023-04-22 17:46:54,2023-05-01 17:46:54
ORD0000578,CUST000245,delivered,2024-09-24 00:34:49,2024-09-25 01:34:49,2024-10-15 01:34:49
ORD0000579,CUST001117,shipped,28/01/2023 08:05,2023-01-29 21:05:11,
ORD0000580,CUST001320,delivered,2024-12-08 10:45:22,2024-12-09 17:45:22,2024-12-29 17:45:22
ORD0000581,CUST001398,delivered,2023-10-28 09:51:43,2023-10-29 14:51:43,2023-11-07 14:51:43
ORD0000582,CUST001882,delivered,2024-05-09 12:54:10,2024-05-10 18:54:10,2024-05-27 18:54:10
ORD0000583,CUST000295,delivered,2024-11-14 02:01:48,2024-11-15 02:01:48,2024-11-24 02:01:48
ORD0000584,CUST001806,shipped,2023-10-29 17:15:57,2023-10-30 10:15:57,
ORD0000585,CUST000294,shipped,02/12/2023 08:09,2023-12-03 04:09:11,
ORD0000586,CUST002022,delivered,2024-11-14 08:45:15,2024-11-15 19:45:15,2024-11-24 19:45:15
ORD0000587,CUST001928,processing,2023-10-02 03:18:14,2023-10-02 17:18:14,
ORD0000588,CUST000926,canceled,2023-12-24 17:51:43,2023-12-26 16:51:43,
ORD0000589,CUST001362,delivered,2023-10-10 09:15:16,2023-10-11 07:15:16,2023-10-23 07:15:16
ORD0000590,CUST000444,shipped,2023-06-09 22:32:07,2023-06-10 14:32:07,
ORD0000591,CUST001843,delivered,2024-11-09 13:11:55,2024-11-11 12:11:55,2024-11-24 12:11:55
ORD0000592,CUST000767,processing,2024-09-07 05:24:35,2024-09-08 08:24:35,
ORD0000593,CUST001111,delivered,2023-04-20 18:36:35,2023-04-22 01:36:35,2023-04-27 01:36:35
ORD0000594,CUST000104,delivered,2024-10-08 22:09:20,2024-10-10 14:09:20,2024-10-25 14:09:20
ORD0000595,CUST001919,delivered,2024-11-22 05:23:52,2024-11-22 16:23:52,2024-12-06 16:23:52
ORD0000596,CUST000790,delivered,2023-12-11 01:45:07,2023-12-11 03:45:07,2023-12-19 03:45:07
ORD0000597,CUST001575,delivered,2024-08-02 09:55:13,2024-08-04 05:55:13,2024-08-24 05:55:13
ORD0000598,CUST000842,delivered,2024-08-30 06:54:23,2024-08-30 19:54:23,2024-09-05 19:54:23
ORD0000599,CUST000647,delivered,2024-07-27 13:59:53,2024-07-27 22:59:53,2024-08-13 22:59:53
ORD0000600,CUST001286,shipped,2024-02-17 02:52:45,2024-02-19 02:52:45,
ORD0000601,CUST000043,delivered,03/09/2024 06:02,2024-09-03 11:02:23,2024-09-07 11:02:23
ORD0000602,CUST001746,processing,2023-02-10 23:22:54,2023-02-11 21:22:54,
ORD0000603,CUST001522,canceled,2023-10-05 01:18:07,2023-10-05 14:18:07,
ORD0000604,CUST001276,delivered,2024-10-14 23:23:00,2024-10-15 04:23:00,2024-10-28 04:23:00
ORD0000605,CUST000693,delivered,2024-10-05 07:46:59,2024-10-06 12:46:59,2024-10-23 12:46:59
ORD0000606,CUST001844,delivered,2023-03-20 20:05:15,2023-03-22 08:05:15,2023-03-29 08:05:15
ORD0000607,CUST000324,delivered,2023-04-02 23:53:25,2023-04-04 10:53:25,2023-04-19 10:53:25
ORD0000608,CUST001999,delivered,2024-06-27 14:23:04,2024-06-28 08:23:04,2024-07-07 08:23:04
ORD0000609,CUST000198,canceled,2024-12-07 04:26:00,2024-12-08 09:26:00,
ORD0000610,CUST000976,delivered,2023-10-23 21:24:24,2023-10-25 04:24:24,2023-11-08 04:24:24
ORD0000611,CUST001197,delivered,2024-06-18 11:30:51,2024-06-19 11:30:51,2024-07-05 11:30:51
ORD0000612,CUST000704,delivered,2023-01-16 10:09:18,2023-01-17 18:09:18,2023-02-06 18:09:18
ORD0000613,CUST000141,invoiced,2024-11-19 13:23:04,2024-11-20 13:23:04,
ORD0000614,CUST000227,delivered,2024-06-10 03:09:03,2024-06-11 05:09:03,2024-06-17 05:09:03
ORD0000615,CUST001969,shipped,2024-06-03 13:16:18,2024-06-04 02:16:18,
ORD0000616,CUST001234,delivered,2024-09-07 18:31:30,2024-09-08 00:31:30,2024-09-21 00:31:30
ORD0000617,CUST002031,delivered,2024-04-28 00:21:05,2024-04-29 14:21:05,2024-05-14 14:21:05
ORD0000618,CUST000573,processing,2023-05-30 03:34:15,2023-05-31 12:34:15,
ORD0000619,CUST000652,canceled,2023-01-19 05:02:03,2023-01-20 13:02:03,
ORD0000620,CUST000538,delivered,2023-07-05 11:37:40,2023-07-07 08:37:40,2023-07-18 08:37:40
ORD0000621,CUST001350,delivered,2023-02-01 10:08:58,2023-02-02 04:08:58,2023-02-18 04:08:58
ORD0000622,CUST001504,delivered,2023-04-12 11:29:23,2023-04-14 03:29:23,2023-04-16 03:29:23
ORD0000623,CUST000795,delivered,05/06/2023 01:36,2023-06-06 08:36:14,2023-06-20 08:36:14
ORD0000624,CUST000751,delivered,2024-06-25 06:20:20,2024-06-26 07:20:20,2024-07-08 07:20:20
ORD0000625,CUST000833,processing,2024-09-01 01:03:46,2024-09-02 05:03:46,
ORD0000626,CUST001131,delivered,2023-09-26 22:21:52,2023-09-28 21:21:52,2023-10-08 21:21:52
ORD0000627,CUST001649,delivered,2023-03-06 16:56:19,2023-03-07 21:56:19,2023-03-11 21:56:19
ORD0000628,CUST001660,delivered,2024-01-31 04:33:24,2024-01-31 12:33:24,2024-02-02 12:33:24
ORD0000629,CUST000362,shipped,2023-07-08 17:07:18,2023-07-08 22:07:18,
ORD0000630,CUST001768,delivered,14/09/2024 12:14,2024-09-15 04:14:32,2024-09-19 04:14:32
ORD0000631,CUST001782,shipped,2024-07-26 01:25:14,2024-07-26 23:25:14,
ORD0000632,CUST001292,delivered,2024-03-28 15:20:20,2024-03-30 08:20:20,2024-04-15 08:20:20
ORD0000633,CUST000249,shipped,24/03/2023 04:51,2023-03-25 20:51:54,
ORD0000634,CUST000380,delivered,2024-12-14 00:48:02,2024-12-16 00:48:02,2024-12-20 00:48:02
ORD0000635,CUST001621,invoiced,2023-01-03 23:36:14,2023-01-05 03:36:14,
ORD0000636,CUST000656,delivered,2024-07-10 21:27:38,2024-07-11 03:27:38,2024-07-25 03:27:38
ORD0000637,CUST001239,delivered,2024-09-27 00:15:14,2024-09-27 13:15:14,2024-10-14 13:15:14
ORD0000638,CUST001771,delivered,2024-07-22 05:21:18,2024-07-24 01:21:18,2024-08-13 01:21:18
ORD0000639,CUST000360,delivered,2024-01-30 06:03:32,2024-01-30 07:03:32,2024-02-03 07:03:32
ORD0000640,CUST001992,delivered,2024-11-13 02:23:57,2024-11-14 13:23:57,2024-12-04 13:23:57
ORD0000641,CUST000383,delivered,2024-08-14 14:29:35,2024-08-14 19:29:35,2024-08-22 19:29:35
ORD0000642,CUST000808,shipped,2023-06-26 20:55:31,2023-06-27 07:55:31,
ORD0000643,CUST001311,delivered,2024-04-12 05:46:43,2024-04-13 08:46:43,2024-05-01 08:46:43
ORD0000644,CUST001086,delivered,02/10/2024 09:12,2024-10-03 08:12:29,2024-10-12 08:12:29
ORD0000645,CUST000576,canceled,2024-06-14 21:56:30,2024-06-15 14:56:30,
ORD0000646,CUST001848,delivered,2023-02-18 18:21:34,2023-02-20 02:21:34,2023-03-05 02:21:34
ORD0000647,CUST001380,delivered,2024-09-27 03:05:53,2024-09-28 07:05:53,2024-10-02 07:05:53
ORD0000648,CUST001381,shipped,2023-01-10 07:40:35,2023-01-12 07:40:35,
ORD0000649,CUST001165,delivered,2024-12-12 17:41:32,2024-12-13 17:41:32,2024-12-17 17:41:32
ORD0000650,CUST001520,processing,2023-12-17 03:16:40,2023-12-18 02:16:40,
ORD0000651,CUST001118,delivered,2023-08-22 05:00:46,2023-08-23 13:00:46,2023-09-04 13:00:46
ORD0000652,CUST001414,delivered,2024-04-01 02:44:39,2024-04-01 13:44:39,2024-04-04 13:44:39
ORD0000653,CUST000949,delivered,2023-12-25 13:35:50,2023-12-26 10:35:50,2024-01-09 10:35:50
ORD0000654,CUST000859,delivered,2023-04-29 14:15:06,2023-04-30 00:15:06,2023-05-14 00:15:06
ORD0000655,CUST000781,processing,2024-09-04 06:19:49,2024-09-05 03:19:49,
ORD0000656,CUST000889,delivered,2023-11-07 05:41:45,2023-11-08 05:41:45,2023-11-10 05:41:45
ORD0000657,CUST001937,delivered,2023-05-15 04:51:06,2023-05-15 14:51:06,2023-06-04 14:51:06
ORD0000658,CUST000554,delivered,2023-10-31 22:12:17,2023-11-02 05:12:17,2023-11-08 05:12:17
ORD0000659,CUST001699,delivered,2023-11-01 15:43:57,2023-11-02 02:43:57,2023-11-13 02:43:57
ORD0000660,CUST001242,delivered,2023-06-26 21:22:05,2023-06-27 10:22:05,2023-07-14 10:22:05
ORD0000661,CUST001984,delivered,2024-10-23 10:55:13,2024-10-23 21:55:13,2024-11-09 21:55:13
ORD0000662,CUST001445,delivered,2023-03-24 08:11:51,2023-03-24 13:11:51,2023-04-05 13:11:51
ORD0000663,CUST001645,delivered,2023-07-02 15:33:31,2023-07-04 01:33:31,2023-07-21 01:33:31
ORD0000664,CUST000693,delivered,2023-08-28 05:40:45,2023-08-29 22:40:45,2023-09-05 22:40:45
ORD0000665,CUST001226,delivered,2023-11-30 05:05:30,2023-12-01 21:05:30,2023-12-06 21:05:30
ORD0000666,CUST000756,delivered,2024-07-16 22:26:42,2024-07-17 22:26:42,2024-07-23 22:26:42
ORD0000667,CUST000854,delivered,2023-01-14 18:08:03,2023-01-15 23:08:03,2023-01-28 23:08:03
ORD0000668,CUST001863,canceled,2024-06-18 14:30:08,2024-06-19 05:30:08,
ORD0000669,CUST001136,delivered,2024-12-12 06:35:30,2024-12-13 13:35:30,2024-12-23 13:35:30
ORD0000670,CUST001847,shipped,2024-06-26 09:48:22,2024-06-26 22:48:22,
ORD0000671,CUST001450,delivered,2024-05-06 10:02:32,2024-05-07 23:02:32,2024-05-16 23:02:32
ORD0000672,CUST001153,delivered,2024-09-28 15:30:49,2024-09-29 07:30:49,2024-10-16 07:30:49
ORD0000673,CUST001536,delivered,2024-02-01 20:59:36,2024-02-02 03:59:36,2024-02-16 03:59:36
ORD0000674,CUST001234,delivered,2024-02-16 01:39:57,2024-02-17 09:39:57,2024-03-04 09:39:57
ORD0000675,CUST000137,canceled,2024-07-19 07:40:31,2024-07-20 01:40:31,
ORD0000676,CUST001457,shipped,2024-09-06 14:33:27,2024-09-07 08:33:27,
ORD0000677,CUST000505,processing,2023-02-15 20:14:09,2023-02-17 03:14:09,
ORD0000678,CUST001150,delivered,2023-10-04 15:28:01,2023-10-06 07:28:01,2023-10-23 07:28:01
ORD0000679,CUST001238,delivered,2023-09-06 13:53:50,2023-09-07 21:53:50,2023-09-19 21:53:50
ORD0000680,CUST001961,delivered,2024-09-21 17:04:34,2024-09-23 11:04:34,2024-10-01 11:04:34
ORD0000681,CUST001506,delivered,2023-08-18 14:44:53,2023-08-20 13:44:53,2023-08-23 13:44:53
ORD0000682,CUST001619,delivered,2024-01-27 13:39:01,2024-01-28 08:39:01,2024-02-06 08:39:01
ORD0000683,CUST000610,shipped,2024-10-24 07:29:56,2024-10-24 08:29:56,
ORD0000684,CUST000161,delivered,2023-01-20 15:19:20,2023-01-20 17:19:20,2023-02-04 17:19:20
ORD0000685,CUST001281,shipped,2023-04-25 15:44:17,2023-04-26 20:44:17,
ORD0000686,CUST001918,delivered,2023-12-11 23:21:22,2023-12-12 20:21:22,2023-12-17 20:21:22
ORD0000687,CUST000583,delivered,2024-07-02 14:19:31,2024-07-04 05:19:31,2024-07-20 05:19:31
ORD0000688,CUST001777,delivered,2023-01-14 04:05:12,2023-01-14 12:05:12,2023-01-17 12:05:12
ORD0000689,CUST001126,delivered,21/04/2023 02:27,2023-04-21 23:27:52,2023-05-05 23:27:52
ORD0000690,CUST000668,delivered,2023-09-09 13:38:22,2023-09-10 15:38:22,2023-09-17 15:38:22
ORD0000691,CUST000663,shipped,2024-05-14 21:57:52,2024-05-15 16:57:52,
ORD0000692,CUST001480,delivered,2024-11-17 01:09:09,2024-11-18 10:09:09,2024-11-21 10:09:09
ORD0000693,CUST000310,delivered,2023-02-19 14:46:13,2023-02-19 19:46:13,2023-02-25 19:46:13
ORD0000694,CUST001545,delivered,2024-07-08 11:11:57,2024-07-09 03:11:57,2024-07-13 03:11:57
ORD0000695,CUST001537,delivered,05/03/2023 00:54,2023-03-06 03:54:29,2023-03-18 03:54:29
ORD0000696,CUST001314,delivered,2023-02-18 06:34:06,2023-02-19 16:34:06,2023-03-06 16:34:06
ORD0000697,CUST000918,delivered,2024-03-01 17:16:41,2024-03-01 23:16:41,2024-03-09 23:16:41
ORD0000698,CUST000465,shipped,2024-11-05 17:05:25,2024-11-06 10:05:25,
ORD0000699,CUST001316,delivered,2024-03-09 03:59:38,2024-03-09 05:59:38,2024-03-12 05:59:38
ORD0000700,CUST001553,delivered,2023-02-02 22:17:49,2023-02-03 01:17:49,2023-02-12 01:17:49
ORD0000701,CUST000654,delivered,2024-11-07 02:58:54,2024-11-07 11:58:54,2024-11-25 11:58:54
ORD0000702,CUST000039,shipped,2024-06-04 14:36:28,2024-06-05 16:36:28,
ORD0000703,CUST001126,delivered,19/01/2023 06:18,2023-01-21 01:18:59,2023-02-05 01:18:59
ORD0000704,CUST001193,delivered,2023-01-28 23:11:34,2023-01-29 13:11:34,2023-02-07 13:11:34
ORD0000705,CUST001042,delivered,2023-03-04 15:00:15,2023-03-06 05:00:15,2023-03-19 05:00:15
ORD0000706,CUST000015,delivered,2023-06-15 06:28:32,2023-06-15 16:28:32,2023-07-04 16:28:32
ORD0000707,CUST001139,shipped,2023-08-07 13:59:45,2023-08-08 07:59:45,
ORD0000708,CUST000685,delivered,2024-10-10 10:12:59,2024-10-10 23:12:59,2024-10-20 23:12:59
ORD0000709,CUST001332,canceled,2023-11-01 23:11:57,2023-11-02 07:11:57,
ORD0000710,CUST001576,delivered,2024-04-13 15:35:31,2024-04-15 09:35:31,2024-05-03 09:35:31
ORD0000711,CUST001521,delivered,2023-02-02 08:36:01,2023-02-03 09:36:01,2023-02-08 09:36:01
ORD0000712,CUST001705,delivered,2024-08-13 02:56:22,2024-08-14 15:56:22,2024-08-25 15:56:22
ORD0000713,CUST000949,delivered,05/04/2024 19:08,2024-04-06 15:08:01,2024-04-19 15:08:01
ORD0000714,CUST001046,delivered,16/03/2024 06:47,2024-03-16 23:47:10,2024-03-24 23:47:10
ORD0000715,CUST000422,delivered,2024-10-06 08:37:34,2024-10-06 20:37:34,2024-10-18 20:37:34
ORD0000716,CUST000937,shipped,2024-07-13 05:12:00,2024-07-14 02:12:00,
ORD0000717,CUST001148,delivered,2023-05-09 08:37:08,2023-05-10 16:37:08,2023-05-27 16:37:08
ORD0000718,CUST000159,shipped,2024-06-02 02:14:03,2024-06-02 18:14:03,
ORD0000719,CUST001268,canceled,24/10/2024 07:08,2024-10-24 09:08:00,
ORD0000720,CUST000911,delivered,2023-08-02 00:02:32,2023-08-02 01:02:32,2023-08-13 01:02:32
ORD0000721,CUST000753,delivered,2023-05-04 21:03:24,2023-05-05 04:03:24,2023-05-08 04:03:24
ORD0000722,CUST000155,delivered,2023-11-25 16:22:46,2023-11-27 16:22:46,2023-12-10 16:22:46
ORD0000723,CUST000618,delivered,2023-08-20 01:14:28,2023-08-20 04:14:28,2023-08-25 04:14:28
ORD0000724,CUST001882,delivered,2024-12-25 02:19:05,2024-12-25 16:19:05,2024-12-30 16:19:05
ORD0000725,CUST001802,invoiced,2024-09-07 18:09:52,2024-09-07 20:09:52,
ORD0000726,CUST001484,delivered,2023-01-12 03:23:32,2023-01-12 11:23:32,2023-01-16 11:23:32
ORD0000727,CUST001141,processing,2024-03-26 07:49:36,2024-03-28 04:49:36,
ORD0000728,CUST001497,delivered,2024-03-13 11:22:49,2024-03-14 18:22:49,2024-03-18 18:22:49
ORD0000729,CUST000061,delivered,05/11/2023 18:39,2023-11-07 14:39:46,2023-11-21 14:39:46
ORD0000730,CUST001992,delivered,28/12/2023 17:18,2023-12-29 20:18:24,2024-01-05 20:18:24
ORD0000731,CUST001964,canceled,2024-05-25 00:05:53,2024-05-25 05:05:53,
ORD0000732,CUST000415,delivered,2023-08-07 16:49:09,2023-08-09 15:49:09,2023-08-26 15:49:09
ORD0000733,CUST001412,delivered,2023-07-31 05:44:50,2023-07-31 18:44:50,2023-08-09 18:44:50
ORD0000734,CUST001710,delivered,2024-05-20 00:16:30,2024-05-20 03:16:30,2024-06-09 03:16:30
ORD0000735,CUST001465,delivered,2024-06-29 23:52:50,2024-07-01 07:52:50,2024-07-10 07:52:50
ORD0000736,CUST000934,delivered,2023-10-10 18:06:01,2023-10-11 00:06:01,2023-10-24 00:06:01
ORD0000737,CUST001487,delivered,2023-10-17 22:12:35,2023-10-19 17:12:35,2023-11-01 17:12:35
ORD0000738,CUST000833,delivered,2024-07-25 01:01:38,2024-07-26 18:01:38,2024-08-08 18:01:38
ORD0000739,CUST000302,delivered,2023-12-30 02:32:11,2023-12-31 01:32:11,2024-01-11 01:32:11
ORD0000740,CUST001110,shipped,2024-01-20 02:20:49,2024-01-21 22:20:49,
ORD0000741,CUST000518,invoiced,2023-03-09 03:27:43,2023-03-10 18:27:43,
ORD0000742,CUST000923,delivered,2023-10-06 14:04:08,2023-10-08 08:04:08,2023-10-24 08:04:08
ORD0000743,CUST000703,processing,2023-05-08 14:19:45,2023-05-08 17:19:45,
ORD0000744,CUST001226,processing,2024-04-30 12:00:55,2024-04-30 22:00:55,
ORD0000745,CUST000285,delivered,2024-08-01 11:57:52,2024-08-01 22:57:52,2024-08-21 22:57:52
ORD0000746,CUST000811,shipped,2024-10-02 13:15:07,2024-10-04 10:15:07,
ORD0000747,CUST000085,delivered,2023-03-28 21:35:36,2023-03-30 06:35:36,2023-04-18 06:35:36
ORD0000748,CUST001514,delivered,2023-07-17 20:16:19,2023-07-19 08:16:19,2023-07-26 08:16:19
ORD0000749,CUST000239,shipped,2023-09-18 02:59:00,2023-09-19 10:59:00,
ORD0000750,CUST001918,processing,2023-10-17 23:13:43,2023-10-19 11:13:43,
ORD0000751,CUST000719,delivered,2023-11-02 02:19:03,2023-11-02 17:19:03,2023-11-22 17:19:03
ORD0000752,CUST000318,delivered,2023-03-24 15:56:10,2023-03-25 06:56:10,2023-04-10 06:56:10
ORD0000753,CUST000001,canceled,2023-05-27 06:44:48,2023-05-29 04:44:48,
ORD0000754,CUST001014,invoiced,2024-09-13 07:52:23,2024-09-13 14:52:23,
ORD0000755,CUST000620,delivered,2023-08-27 02:37:00,2023-08-27 18:37:00,2023-09-10 18:37:00
ORD0000756,CUST000033,delivered,17/03/2023 00:30,2023-03-17 13:30:58,2023-03-19 13:30:58
ORD0000757,CUST000137,delivered,2023-05-25 05:57:43,2023-05-27 01:57:43,2023-05-31 01:57:43
ORD0000758,CUST001354,invoiced,2023-11-24 17:06:45,2023-11-25 16:06:45,
ORD0000759,CUST000767,delivered,2023-08-22 04:25:19,2023-08-23 02:25:19,2023-09-06 02:25:19
ORD0000760,CUST000085,delivered,2024-04-03 00:37:59,2024-04-04 07:37:59,2024-04-24 07:37:59
ORD0000761,CUST000719,invoiced,24/01/2024 08:34,2024-01-25 05:34:46,
ORD0000762,CUST001541,shipped,2024-10-30 21:27:47,2024-10-31 22:27:47,
ORD0000763,CUST001943,delivered,2024-06-18 20:16:09,2024-06-20 10:16:09,2024-07-03 10:16:09
ORD0000764,CUST001971,delivered,2023-01-22 05:25:59,2023-01-23 06:25:59,2023-01-26 06:25:59
ORD0000765,CUST001113,canceled,2024-01-04 20:15:06,2024-01-05 13:15:06,
ORD0000766,CUST000931,delivered,2024-10-07 04:03:59,2024-10-09 02:03:59,2024-10-14 02:03:59
ORD0000767,CUST000661,delivered,2024-04-13 20:04:56,2024-04-15 03:04:56,2024-04-18 03:04:56
ORD0000768,CUST000443,shipped,2024-10-25 19:41:06,2024-10-27 00:41:06,
ORD0000769,CUST001766,delivered,2024-06-15 03:23:57,2024-06-15 12:23:57,2024-07-05 12:23:57
ORD0000770,CUST001028,delivered,2024-01-29 06:00:51,2024-01-30 11:00:51,2024-02-03 11:00:51
ORD0000771,CUST001338,delivered,2024-03-14 21:17:40,2024-03-15 22:17:40,2024-04-03 22:17:40
ORD0000772,CUST001005,delivered,2023-04-02 09:30:03,2023-04-04 06:30:03,2023-04-22 06:30:03
ORD0000773,CUST000594,delivered,2024-10-24 23:25:10,2024-10-25 10:25:10,2024-10-28 10:25:10
ORD0000774,CUST000407,delivered,2024-06-17 11:01:01,2024-06-17 21:01:01,2024-06-21 21:01:01
ORD0000775,CUST001582,delivered,2023-10-28 19:51:49,2023-10-30 19:51:49,2023-11-06 19:51:49
ORD0000776,CUST001731,delivered,2023-06-23 12:54:00,2023-06-24 10:54:00,2023-07-14 10:54:00
ORD0000777,CUST001941,shipped,2024-09-19 22:00:47,2024-09-21 19:00:47,
ORD0000778,CUST000048,delivered,2023-04-19 02:58:30,2023-04-19 11:58:30,2023-05-09 11:58:30
ORD0000779,CUST001450,delivered,2024-06-26 20:50:07,2024-06-28 00:50:07,2024-06-30 00:50:07
ORD0000780,CUST000857,delivered,2024-05-08 02:07:34,2024-05-09 13:07:34,2024-05-14 13:07:34
ORD0000781,CUST000137,delivered,08/03/2024 20:28,2024-03-10 17:28:52,2024-03-25 17:28:52
ORD0000782,CUST000821,delivered,2024-05-31 06:56:57,2024-06-01 05:56:57,2024-06-18 05:56:57
ORD0000783,CUST000049,delivered,2024-12-21 16:42:31,2024-12-22 01:42:31,2024-12-27 01:42:31
ORD0000784,CUST001351,delivered,2024-05-31 05:48:19,2024-05-31 18:48:19,2024-06-16 18:48:19
ORD0000785,CUST001988,delivered,2023-07-24 06:47:59,2023-07-25 13:47:59,2023-07-29 13:47:59
ORD0000786,CUST000081,delivered,2023-11-17 23:38:45,2023-11-18 07:38:45,2023-12-07 07:38:45
ORD0000787,CUST000022,delivered,2023-04-14 11:18:15,2023-04-16 11:18:15,2023-04-30 11:18:15
ORD0000788,CUST001363,delivered,2023-01-10 10:46:47,2023-01-10 18:46:47,2023-01-28 18:46:47
ORD0000789,CUST001885,delivered,2023-08-24 14:44:40,2023-08-24 23:44:40,2023-09-05 23:44:40
ORD0000790,CUST000979,delivered,2023-06-15 21:03:59,2023-06-16 10:03:59,2023-07-03 10:03:59
ORD0000791,CUST001758,delivered,2023-10-29 06:11:18,2023-10-30 18:11:18,2023-11-18 18:11:18
ORD0000792,CUST001763,delivered,2023-04-09 14:37:24,2023-04-10 23:37:24,2023-04-16 23:37:24
ORD0000793,CUST000505,delivered,2023-02-26 09:10:38,2023-02-27 22:10:38,2023-03-06 22:10:38
ORD0000794,CUST001695,delivered,2024-04-30 22:28:02,2024-05-01 22:28:02,2024-05-10 22:28:02
ORD0000795,CUST001598,delivered,2023-12-02 10:39:34,2023-12-02 13:39:34,2023-12-14 13:39:34
ORD0000796,CUST000921,delivered,2024-07-18 06:51:10,2024-07-19 06:51:10,2024-08-02 06:51:10
ORD0000797,CUST000981,processing,2024-08-04 11:04:26,2024-08-04 20:04:26,
ORD0000798,CUST001323,shipped,2024-11-21 07:23:29,2024-11-22 10:23:29,
ORD0000799,CUST000589,delivered,2023-07-07 10:54:53,2023-07-09 01:54:53,2023-07-27 01:54:53
ORD0000800,CUST000135,delivered,2024-04-10 21:29:18,2024-04-10 23:29:18,2024-04-25 23:29:18
ORD0000801,CUST001582,shipped,2024-08-26 13:13:29,2024-08-26 23:13:29,
ORD0000802,CUST001331,delivered,2023-11-02 11:02:04,2023-11-03 05:02:04,2023-11-19 05:02:04
ORD0000803,CUST001239,canceled,2023-08-24 17:35:31,2023-08-26 04:35:31,
ORD0000804,CUST000790,delivered,2023-12-31 23:47:32,2024-01-02 08:47:32,2024-01-19 08:47:32
ORD0000805,CUST001147,processing,2024-04-02 22:12:55,2024-04-04 19:12:55,
ORD0000806,CUST000961,delivered,2024-05-28 10:05:51,2024-05-29 23:05:51,2024-06-04 23:05:51
ORD0000807,CUST001262,delivered,2023-09-23 22:59:07,2023-09-25 09:59:07,2023-10-13 09:59:07
ORD0000808,CUST001217,delivered,2023-07-28 07:49:37,2023-07-29 01:49:37,2023-08-09 01:49:37
ORD0000809,CUST001159,delivered,2024-12-04 13:32:15,2024-12-05 10:32:15,2024-12-14 10:32:15
ORD0000810,CUST001060,invoiced,2023-05-30 00:16:43,2023-05-30 22:16:43,
ORD0000811,CUST001573,delivered,2024-04-09 07:03:48,2024-04-10 11:03:48,2024-04-18 11:03:48
ORD0000812,CUST000604,shipped,2024-09-15 02:55:11,2024-09-16 23:55:11,
ORD0000813,CUST000657,delivered,2024-07-07 12:13:08,2024-07-08 23:13:08,2024-07-27 23:13:08
ORD0000814,CUST001483,delivered,2024-02-08 23:36:11,2024-02-09 11:36:11,2024-02-14 11:36:11
ORD0000815,CUST000374,delivered,2023-07-11 20:55:10,2023-07-12 10:55:10,2023-07-24 10:55:10
ORD0000816,CUST000802,processing,2023-10-19 06:28:51,2023-10-19 22:28:51,
ORD0000817,CUST000699,delivered,2024-03-17 07:49:04,2024-03-18 13:49:04,2024-04-06 13:49:04
ORD0000818,CUST001665,delivered,2023-07-16 03:36:23,2023-07-16 11:36:23,2023-07-30 11:36:23
ORD0000819,CUST001900,delivered,2023-02-21 16:30:53,2023-02-22 05:30:53,2023-03-04 05:30:53
ORD0000820,CUST001681,canceled,2024-03-03 16:45:05,2024-03-05 06:45:05,
ORD0000821,CUST002010,delivered,2023-06-04 17:10:15,2023-06-05 11:10:15,2023-06-08 11:10:15
ORD0000822,CUST000975,invoiced,2024-04-07 08:40:12,2024-04-07 15:40:12,
ORD0000823,CUST000740,delivered,2023-04-19 12:42:24,2023-04-20 00:42:24,2023-04-25 00:42:24
ORD0000824,CUST000568,invoiced,2023-02-01 20:56:26,2023-02-02 01:56:26,
ORD0000825,CUST000419,delivered,09/04/2023 23:19,2023-04-10 06:19:13,2023-04-25 06:19:13
ORD0000826,CUST000691,delivered,2023-02-16 12:14:31,2023-02-16 13:14:31,2023-02-21 13:14:31
ORD0000827,CUST000492,shipped,2023-08-09 17:39:00,2023-08-10 21:39:00,
ORD0000828,CUST000724,delivered,2024-03-19 05:04:25,2024-03-19 23:04:25,2024-04-07 23:04:25
ORD0000829,CUST001561,delivered,2024-03-06 01:54:25,2024-03-07 15:54:25,2024-03-19 15:54:25
ORD0000830,CUST000416,processing,2024-10-02 21:20:23,2024-10-03 22:20:23,
ORD0000831,CUST001516,delivered,2023-05-05 13:59:38,2023-05-05 19:59:38,2023-05-25 19:59:38
ORD0000832,CUST000255,invoiced,2024-09-20 19:06:43,2024-09-22 03:06:43,
ORD0000833,CUST000941,processing,2023-06-21 15:14:39,2023-06-22 07:14:39,
ORD0000834,CUST000572,canceled,2024-12-13 17:46:47,2024-12-14 08:46:47,
ORD0000835,CUST001763,delivered,2023-08-28 14:44:57,2023-08-29 18:44:57,2023-09-18 18:44:57
ORD0000836,CUST001735,delivered,2023-06-15 17:50:13,2023-06-16 08:50:13,2023-06-21 08:50:13
ORD0000837,CUST001513,shipped,2023-12-10 17:18:41,2023-12-11 03:18:41,
ORD0000838,CUST000047,processing,2024-08-06 01:57:13,2024-08-07 02:57:13,
ORD0000839,CUST000894,delivered,2024-11-15 22:03:39,2024-11-17 18:03:39,2024-12-04 18:03:39
ORD0000840,CUST001039,delivered,2023-09-08 04:00:24,2023-09-08 06:00:24,2023-09-25 06:00:24
ORD0000841,CUST000763,processing,2024-04-16 02:59:05,2024-04-16 16:59:05,
ORD0000842,CUST000344,delivered,2024-10-12 01:41:15,2024-10-13 22:41:15,2024-10-27 22:41:15
ORD0000843,CUST000561,delivered,2023-09-02 01:19:55,2023-09-03 00:19:55,2023-09-17 00:19:55
ORD0000844,CUST001967,delivered,29/06/2023 08:12,2023-06-30 09:12:13,2023-07-17 09:12:13
ORD0000845,CUST001428,canceled,09/07/2023 13:50,2023-07-11 07:50:54,
ORD0000846,CUST001170,shipped,2023-01-17 23:51:35,2023-01-19 00:51:35,
ORD0000847,CUST001862,delivered,2024-01-17 08:06:38,2024-01-18 12:06:38,2024-02-03 12:06:38
ORD0000848,CUST000750,delivered,2023-09-28 11:28:43,2023-09-29 02:28:43,2023-10-09 02:28:43
ORD0000849,CUST001748,delivered,2023-05-03 19:09:50,2023-05-04 06:09:50,2023-05-13 06:09:50
ORD0000850,CUST002005,delivered,2024-02-17 09:22:29,2024-02-17 22:22:29,2024-02-20 22:22:29
ORD0000851,CUST000189,delivered,2023-06-27 13:02:36,2023-06-27 19:02:36,2023-07-04 19:02:36
ORD0000852,CUST001908,delivered,2023-07-14 11:37:43,2023-07-14 17:37:43,2023-08-01 17:37:43
ORD0000853,CUST001783,delivered,2023-04-21 00:14:59,2023-04-22 04:14:59,2023-05-02 04:14:59
ORD0000854,CUST000136,delivered,2023-08-31 00:36:51,2023-08-31 11:36:51,2023-09-18 11:36:51
ORD0000855,CUST000590,delivered,2023-02-10 12:04:54,2023-02-12 01:04:54,2023-02-19 01:04:54
ORD0000856,CUST000483,canceled,26/11/2024 02:33,2024-11-26 13:33:19,
ORD0000857,CUST000157,invoiced,13/04/2024 01:55,2024-04-14 23:55:05,
ORD0000858,CUST000254,delivered,2024-09-26 19:23:07,2024-09-27 07:23:07,2024-10-16 07:23:07
ORD0000859,CUST000312,delivered,2023-10-14 13:21:52,2023-10-16 12:21:52,2023-10-23 12:21:52
ORD0000860,CUST001751,delivered,2024-09-03 05:02:06,2024-09-03 06:02:06,2024-09-15 06:02:06
ORD0000861,CUST001033,delivered,2024-09-23 17:07:06,2024-09-23 19:07:06,2024-10-11 19:07:06
ORD0000862,CUST000319,delivered,2023-05-10 17:07:45,2023-05-10 21:07:45,2023-05-27 21:07:45
ORD0000863,CUST001603,delivered,2024-04-18 00:00:24,2024-04-19 00:00:24,2024-05-09 00:00:24
ORD0000864,CUST001461,delivered,2023-05-17 00:56:22,2023-05-18 22:56:22,2023-05-23 22:56:22
ORD0000865,CUST002012,delivered,2024-08-09 01:09:11,2024-08-09 04:09:11,2024-08-13 04:09:11
ORD0000866,CUST001387,delivered,2023-12-24 21:25:32,2023-12-26 07:25:32,2024-01-12 07:25:32
ORD0000867,CUST000955,delivered,2024-07-18 02:00:01,2024-07-19 04:00:01,2024-08-06 04:00:01
ORD0000868,CUST001182,canceled,2023-10-02 21:50:08,2023-10-04 12:50:08,
ORD0000869,CUST001072,shipped,2024-08-06 19:25:20,2024-08-07 12:25:20,
ORD0000870,CUST001648,delivered,28/10/2024 08:54,2024-10-29 16:54:55,2024-11-04 16:54:55
ORD0000871,CUST001237,delivered,2023-10-13 10:43:12,2023-10-14 06:43:12,2023-10-19 06:43:12
ORD0000872,CUST000644,delivered,2023-08-21 15:25:10,2023-08-22 15:25:10,2023-08-24 15:25:10
ORD0000873,CUST001587,shipped,2023-06-17 10:31:26,2023-06-18 14:31:26,
ORD0000874,CUST001329,delivered,2024-11-03 00:26:39,2024-11-04 14:26:39,2024-11-10 14:26:39
ORD0000875,CUST001850,delivered,2023-04-21 12:57:00,2023-04-21 14:57:00,2023-04-30 14:57:00
ORD0000876,CUST000760,delivered,2023-12-29 05:22:34,2023-12-31 03:22:34,2024-01-16 03:22:34
ORD0000877,CUST001940,delivered,2023-11-19 23:04:27,2023-11-20 03:04:27,2023-11-29 03:04:27
ORD0000878,CUST000108,delivered,2023-03-20 16:05:10,2023-03-21 11:05:10,2023-04-03 11:05:10
ORD0000879,CUST001786,canceled,2024-11-19 23:44:44,2024-11-21 17:44:44,
ORD0000880,CUST000977,delivered,03/10/2023 13:28,2023-10-04 22:28:25,2023-10-23 22:28:25
ORD0000881,CUST000138,invoiced,2024-10-20 00:28:42,2024-10-21 07:28:42,
ORD0000882,CUST000022,delivered,2024-12-17 03:03:05,2024-12-18 12:03:05,2024-12-25 12:03:05
ORD0000883,CUST000122,delivered,06/07/2024 07:57,2024-07-07 19:57:30,2024-07-17 19:57:30
ORD0000884,CUST000918,delivered,2024-02-09 17:50:27,2024-02-10 17:50:27,2024-02-12 17:50:27
ORD0000885,CUST001273,shipped,2023-12-24 12:26:44,2023-12-25 11:26:44,
ORD0000886,CUST000252,delivered,2024-09-14 07:53:49,2024-09-15 17:53:49,2024-10-05 17:53:49
ORD0000887,CUST000074,shipped,2023-12-03 15:18:50,2023-12-05 00:18:50,
ORD0000888,CUST000137,delivered,2024-08-04 17:12:12,2024-08-06 06:12:12,2024-08-24 06:12:12
ORD0000889,CUST001352,delivered,2024-10-02 13:45:50,2024-10-03 14:45:50,2024-10-15 14:45:50
ORD0000890,CUST000294,shipped,2024-05-08 09:04:25,2024-05-09 03:04:25,
ORD0000891,CUST000786,canceled,2023-03-14 09:10:48,2023-03-16 01:10:48,
ORD0000892,CUST001952,delivered,2023-02-04 04:28:10,2023-02-05 00:28:10,2023-02-07 00:28:10
ORD0000893,CUST000874,delivered,2023-05-31 10:09:48,2023-06-01 13:09:48,2023-06-07 13:09:48
ORD0000894,CUST002029,delivered,12/12/2024 12:48,2024-12-13 02:48:21,2024-12-15 02:48:21
ORD0000895,CUST000988,processing,2023-07-26 05:25:19,2023-07-28 04:25:19,
ORD0000896,CUST000233,delivered,11/12/2024 19:20,2024-12-12 06:20:04,2024-12-29 06:20:04
ORD0000897,CUST001742,delivered,2024-11-29 14:07:48,2024-11-30 12:07:48,2024-12-13 12:07:48
ORD0000898,CUST001122,invoiced,2024-03-24 04:52:10,2024-03-25 16:52:10,
ORD0000899,CUST001361,processing,2023-09-14 18:49:41,2023-09-16 11:49:41,
ORD0000900,CUST001065,delivered,2024-06-13 16:36:18,2024-06-15 14:36:18,2024-07-05 14:36:18
ORD0000901,CUST000463,processing,2024-08-27 12:29:27,2024-08-28 04:29:27,
ORD0000902,CUST000615,delivered,2023-07-31 09:57:43,2023-08-01 07:57:43,2023-08-19 07:57:43
ORD0000903,CUST001949,shipped,2023-11-11 08:19:27,2023-11-11 12:19:27,
ORD0000904,CUST001687,processing,2023-07-20 02:48:00,2023-07-20 09:48:00,
ORD0000905,CUST000950,delivered,2024-08-31 13:03:34,2024-09-01 04:03:34,2024-09-10 04:03:34
ORD0000906,CUST001035,canceled,2024-06-25 16:08:15,2024-06-27 03:08:15,
ORD0000907,CUST000678,shipped,2023-11-22 16:09:38,2023-11-24 05:09:38,
ORD0000908,CUST001587,delivered,2024-04-28 22:38:44,2024-04-30 05:38:44,2024-05-04 05:38:44
ORD0000909,CUST001669,canceled,2023-12-05 08:36:33,2023-12-06 10:36:33,
ORD0000910,CUST000242,delivered,2023-01-24 18:20:30,2023-01-25 16:20:30,2023-02-07 16:20:30
ORD0000911,CUST000438,delivered,2024-01-18 00:56:57,2024-01-19 02:56:57,2024-02-08 02:56:57
ORD0000912,CUST001250,processing,2023-08-11 12:08:34,2023-08-12 04:08:34,
ORD0000913,CUST000771,delivered,2024-04-09 11:11:43,2024-04-10 08:11:43,2024-04-30 08:11:43
ORD0000914,CUST000307,delivered,2023-03-05 22:22:27,2023-03-07 22:22:27,2023-03-09 22:22:27
ORD0000915,CUST002031,delivered,13/03/2023 16:52,2023-03-15 13:52:37,2023-03-21 13:52:37
ORD0000916,CUST002014,delivered,2023-01-26 09:17:08,2023-01-26 18:17:08,2023-02-06 18:17:08
ORD0000917,CUST001364,delivered,2024-12-14 02:19:05,2024-12-15 23:19:05,2024-12-28 23:19:05
ORD0000918,CUST000204,delivered,24/11/2024 12:29,2024-11-25 08:29:04,2024-12-07 08:29:04
ORD0000919,CUST001682,delivered,2023-01-31 16:35:20,2023-02-02 08:35:20,2023-02-04 08:35:20
ORD0000920,CUST001687,shipped,2024-11-27 18:20:18,2024-11-28 20:20:18,
ORD0000921,CUST000146,delivered,2024-04-05 21:13:17,2024-04-06 16:13:17,2024-04-24 16:13:17
ORD0000922,CUST000322,delivered,2023-02-20 10:36:58,2023-02-21 16:36:58,2023-03-03 16:36:58
ORD0000923,CUST001411,delivered,2023-03-16 15:48:36,2023-03-17 23:48:36,2023-03-26 23:48:36
ORD0000924,CUST001423,delivered,2023-09-21 01:02:07,2023-09-22 20:02:07,2023-09-29 20:02:07
ORD0000925,CUST001338,delivered,2024-01-31 06:08:02,2024-02-01 02:08:02,2024-02-12 02:08:02
ORD0000926,CUST001364,delivered,2024-09-18 18:56:02,2024-09-19 10:56:02,2024-09-30 10:56:02
ORD0000927,CUST000075,delivered,26/04/2023 12:21,2023-04-28 10:21:31,2023-05-04 10:21:31
ORD0000928,CUST000919,delivered,2023-04-02 10:25:30,2023-04-02 20:25:30,2023-04-07 20:25:30
ORD0000929,CUST001408,shipped,2023-08-08 09:43:13,2023-08-09 07:43:13,
ORD0000930,CUST000251,delivered,2024-01-10 01:36:51,2024-01-11 05:36:51,2024-01-26 05:36:51
ORD0000931,CUST000619,delivered,2024-06-05 16:17:23,2024-06-07 04:17:23,2024-06-27 04:17:23
ORD0000932,CUST000745,delivered,2024-01-03 13:36:52,2024-01-05 07:36:52,2024-01-08 07:36:52
ORD0000933,CUST001722,delivered,2023-02-21 07:21:39,2023-02-21 11:21:39,2023-02-24 11:21:39
ORD0000934,CUST001348,delivered,2023-05-25 21:46:36,2023-05-27 05:46:36,2023-06-12 05:46:36
ORD0000935,CUST000920,shipped,2024-10-31 23:33:08,2024-11-01 20:33:08,
ORD0000936,CUST001962,delivered,2024-07-03 10:36:12,2024-07-04 14:36:12,2024-07-16 14:36:12
ORD0000937,CUST001780,delivered,2024-06-27 14:14:50,2024-06-28 02:14:50,2024-06-30 02:14:50
ORD0000938,CUST000997,invoiced,2023-11-19 23:05:35,2023-11-20 05:05:35,
ORD0000939,CUST001050,delivered,2023-02-02 15:24:41,2023-02-03 00:24:41,2023-02-12 00:24:41
ORD0000940,CUST001476,invoiced,2024-12-05 17:25:35,2024-12-06 06:25:35,
ORD0000941,CUST001456,delivered,2023-01-08 03:58:08,2023-01-09 20:58:08,2023-01-22 20:58:08
ORD0000942,CUST000988,delivered,2023-09-19 21:29:14,2023-09-19 22:29:14,2023-09-24 22:29:14
ORD0000943,CUST000302,invoiced,2023-06-06 16:12:25,2023-06-07 06:12:25,
ORD0000944,CUST000560,delivered,2024-07-26 02:12:09,2024-07-28 02:12:09,2024-08-15 02:12:09
ORD0000945,CUST001897,canceled,2024-04-03 15:29:25,2024-04-05 07:29:25,
ORD0000946,CUST001974,delivered,2024-07-21 23:52:51,2024-07-22 02:52:51,2024-08-07 02:52:51
ORD0000947,CUST000582,delivered,2024-02-23 11:48:55,2024-02-24 17:48:55,2024-02-27 17:48:55
ORD0000948,CUST001698,delivered,2024-05-02 00:55:25,2024-05-02 05:55:25,2024-05-19 05:55:25
ORD0000949,CUST001171,canceled,2024-12-11 00:09:21,2024-12-12 15:09:21,
ORD0000950,CUST000542,delivered,2024-04-03 23:03:22,2024-04-04 14:03:22,2024-04-20 14:03:22
ORD0000951,CUST000520,delivered,2023-01-31 01:36:55,2023-01-31 16:36:55,2023-02-20 16:36:55
ORD0000952,CUST001949,delivered,2023-06-28 00:59:10,2023-06-28 03:59:10,2023-07-07 03:59:10
ORD0000953,CUST001963,delivered,02/01/2023 17:57,2023-01-03 21:57:02,2023-01-06 21:57:02
ORD0000954,CUST001924,processing,2024-02-20 17:55:31,2024-02-22 04:55:31,
ORD0000955,CUST001574,delivered,2024-07-23 03:27:06,2024-07-24 20:27:06,2024-08-04 20:27:06
ORD0000956,CUST001354,delivered,2024-03-26 15:16:08,2024-03-27 05:16:08,2024-04-15 05:16:08
ORD0000957,CUST001895,shipped,2024-10-26 06:42:54,2024-10-26 22:42:54,
ORD0000958,CUST001343,delivered,2023-09-13 05:18:46,2023-09-13 17:18:46,2023-10-02 17:18:46
ORD0000959,CUST001938,delivered,2023-03-03 21:17:05,2023-03-04 19:17:05,2023-03-13 19:17:05
ORD0000960,CUST000346,delivered,2024-12-24 04:37:33,2024-12-26 04:37:33,2025-01-05 04:37:33
ORD0000961,CUST000417,delivered,2023-11-19 18:53:29,2023-11-20 05:53:29,2023-12-05 05:53:29
ORD0000962,CUST001110,delivered,2024-08-17 06:21:41,2024-08-18 01:21:41,2024-08-29 01:21:41
ORD0000963,CUST001747,delivered,2023-03-01 04:57:04,2023-03-01 14:57:04,2023-03-06 14:57:04
ORD0000964,CUST001976,invoiced,2023-02-21 05:59:55,2023-02-21 23:59:55,
ORD0000965,CUST001024,shipped,2023-09-20 04:00:44,2023-09-20 12:00:44,
ORD0000966,CUST000250,shipped,2023-12-28 09:46:08,2023-12-29 18:46:08,
ORD0000967,CUST001615,delivered,2024-09-02 02:43:31,2024-09-02 08:43:31,2024-09-15 08:43:31
ORD0000968,CUST001935,delivered,2024-09-18 12:08:57,2024-09-19 01:08:57,2024-10-08 01:08:57
ORD0000969,CUST002031,delivered,10/12/2024 19:57,2024-12-12 11:57:19,2024-12-16 11:57:19
ORD0000970,CUST000397,delivered,2023-05-05 12:57:03,2023-05-06 22:57:03,2023-05-25 22:57:03
ORD0000971,CUST000061,canceled,2024-05-05 13:19:22,2024-05-06 12:19:22,
ORD0000972,CUST001653,delivered,2024-08-10 18:57:36,2024-08-11 22:57:36,2024-08-16 22:57:36
ORD0000973,CUST000389,processing,2023-06-14 22:40:37,2023-06-15 09:40:37,
ORD0000974,CUST001999,delivered,2024-03-31 10:26:22,2024-04-02 10:26:22,2024-04-06 10:26:22
ORD0000975,CUST001578,delivered,2024-05-25 07:50:49,2024-05-26 15:50:49,2024-06-14 15:50:49
ORD0000976,CUST000074,delivered,2023-10-14 12:15:00,2023-10-15 01:15:00,2023-10-18 01:15:00
ORD0000977,CUST001328,delivered,2023-10-04 01:32:10,2023-10-04 03:32:10,2023-10-17 03:32:10
ORD0000978,CUST001765,shipped,2023-01-06 18:39:02,2023-01-07 15:39:02,
ORD0000979,CUST001149,delivered,2023-03-16 13:08:51,2023-03-18 04:08:51,2023-04-05 04:08:51
ORD0000980,CUST001129,delivered,2024-01-03 17:22:16,2024-01-05 01:22:16,2024-01-24 01:22:16
ORD0000981,CUST000503,delivered,2024-04-30 09:50:52,2024-04-30 12:50:52,2024-05-12 12:50:52
ORD0000982,CUST001758,processing,2023-08-16 22:19:44,2023-08-17 01:19:44,
ORD0000983,CUST001425,canceled,2024-05-31 09:12:40,2024-05-31 18:12:40,
ORD0000984,CUST001740,delivered,2023-04-29 20:48:43,2023-04-30 14:48:43,2023-05-12 14:48:43
ORD0000985,CUST001020,delivered,2024-02-17 09:51:18,2024-02-18 09:51:18,2024-02-22 09:51:18
ORD0000986,CUST000671,delivered,2023-01-18 15:45:34,2023-01-18 17:45:34,2023-01-29 17:45:34
ORD0000987,CUST000742,delivered,2023-04-17 17:46:57,2023-04-19 03:46:57,2023-04-24 03:46:57
ORD0000988,CUST000651,invoiced,2024-08-19 12:32:05,2024-08-20 10:32:05,
ORD0000989,CUST000474,delivered,14/06/2023 21:45,2023-06-16 11:45:14,2023-06-20 11:45:14
ORD0000990,CUST001869,delivered,2024-08-13 19:15:11,2024-08-15 07:15:11,2024-09-03 07:15:11
ORD0000991,CUST001782,processing,2024-03-02 08:55:04,2024-03-03 21:55:04,
ORD0000992,CUST000205,delivered,2024-03-05 00:51:44,2024-03-06 19:51:44,2024-03-17 19:51:44
ORD0000993,CUST001881,shipped,2023-02-01 15:24:02,2023-02-02 11:24:02,
ORD0000994,CUST000280,delivered,16/09/2023 20:32,2023-09-17 14:32:19,2023-09-20 14:32:19
ORD0000995,CUST000218,canceled,2024-04-01 22:47:10,2024-04-01 23:47:10,
ORD0000996,CUST001109,delivered,2024-09-20 18:11:04,2024-09-21 18:11:04,2024-10-05 18:11:04
ORD0000997,CUST000167,delivered,2024-12-30 20:28:45,2025-01-01 08:28:45,2025-01-10 08:28:45
ORD0000998,CUST001291,delivered,2024-12-14 03:48:05,2024-12-15 16:48:05,2024-12-20 16:48:05
ORD0000999,CUST000346,delivered,2024-07-20 00:51:34,2024-07-21 22:51:34,2024-07-27 22:51:34
ORD0001000,CUST000488,processing,2024-06-14 01:45:18,2024-06-15 10:45:18,
ORD0001001,CUST001627,delivered,2024-02-11 04:57:46,2024-02-11 22:57:46,2024-03-02 22:57:46
ORD0001002,CUST000487,processing,18/01/2024 15:42,2024-01-20 03:42:50,
ORD0001003,CUST001689,delivered,2024-06-01 23:35:12,2024-06-03 00:35:12,2024-06-11 00:35:12
ORD0001004,CUST001865,delivered,2023-11-11 04:48:37,2023-11-12 18:48:37,2023-11-27 18:48:37
ORD0001005,CUST000522,delivered,2024-04-23 18:14:46,2024-04-24 02:14:46,2024-05-09 02:14:46
ORD0001006,CUST000391,delivered,2023-03-31 00:29:55,2023-04-01 02:29:55,2023-04-21 02:29:55
ORD0001007,CUST000245,delivered,2024-03-23 20:54:05,2024-03-24 08:54:05,2024-04-13 08:54:05
ORD0001008,CUST000511,delivered,2024-07-06 07:16:18,2024-07-06 10:16:18,2024-07-15 10:16:18
ORD0001009,CUST000272,shipped,2024-06-15 07:57:17,2024-06-16 09:57:17,
ORD0001010,CUST001334,delivered,2023-03-29 11:16:07,2023-03-31 00:16:07,2023-04-02 00:16:07
ORD0001011,CUST000219,delivered,2024-06-24 18:33:30,2024-06-24 19:33:30,2024-07-09 19:33:30
ORD0001012,CUST001779,delivered,2023-04-25 04:02:47,2023-04-27 03:02:47,2023-05-02 03:02:47
ORD0001013,CUST001062,invoiced,2023-10-22 03:56:20,2023-10-23 22:56:20,
ORD0001014,CUST000423,delivered,2023-06-06 13:08:40,2023-06-08 06:08:40,2023-06-14 06:08:40
ORD0001015,CUST001003,delivered,2024-06-01 04:28:26,2024-06-02 23:28:26,2024-06-11 23:28:26
ORD0001016,CUST000887,delivered,2023-02-08 00:11:06,2023-02-08 17:11:06,2023-02-10 17:11:06
ORD0001017,CUST001073,delivered,2024-11-21 10:58:51,2024-11-21 14:58:51,2024-12-07 14:58:51
ORD0001018,CUST000580,delivered,2024-11-15 12:44:44,2024-11-16 07:44:44,2024-11-22 07:44:44
ORD0001019,CUST000133,delivered,2023-01-11 16:38:49,2023-01-12 23:38:49,2023-01-30 23:38:49
ORD0001020,CUST000411,delivered,2024-05-15 09:41:26,2024-05-16 00:41:26,2024-06-01 00:41:26
ORD0001021,CUST000328,delivered,2024-01-06 08:51:09,2024-01-07 09:51:09,2024-01-17 09:51:09
ORD0001022,CUST001321,delivered,2023-04-14 16:22:23,2023-04-14 18:22:23,2023-04-23 18:22:23
ORD0001023,CUST000224,delivered,2024-03-04 13:18:04,2024-03-05 22:18:04,2024-03-11 22:18:04
ORD0001024,CUST000556,delivered,2023-07-17 22:01:28,2023-07-19 19:01:28,2023-07-24 19:01:28
ORD0001025,CUST000041,delivered,29/08/2023 22:52,2023-08-31 22:52:02,2023-09-14 22:52:02
ORD0001026,CUST001840,invoiced,2023-03-25 04:50:44,2023-03-25 20:50:44,
ORD0001027,CUST001907,processing,2024-08-11 13:14:23,2024-08-13 08:14:23,
ORD0001028,CUST001285,delivered,2024-09-12 14:20:23,2024-09-14 00:20:23,2024-09-21 00:20:23
ORD0001029,CUST001573,delivered,2023-04-26 19:21:23,2023-04-26 21:21:23,2023-05-08 21:21:23
ORD0001030,CUST000985,delivered,2024-03-17 03:22:30,2024-03-18 01:22:30,2024-03-20 01:22:30
ORD0001031,CUST000514,delivered,2023-08-26 22:33:18,2023-08-28 21:33:18,2023-09-12 21:33:18
ORD0001032,CUST001371,delivered,2023-06-04 22:19:44,2023-06-06 15:19:44,2023-06-20 15:19:44
ORD0001033,CUST000778,delivered,2024-03-14 02:07:56,2024-03-15 01:07:56,2024-03-20 01:07:56
ORD0001034,CUST001756,delivered,2023-07-10 04:58:11,2023-07-11 01:58:11,2023-07-14 01:58:11
ORD0001035,CUST001009,delivered,2023-07-07 07:40:52,2023-07-08 18:40:52,2023-07-20 18:40:52
ORD0001036,CUST000156,invoiced,2023-01-13 18:18:10,2023-01-15 15:18:10,
ORD0001037,CUST001774,canceled,29/06/2023 15:49,2023-06-30 18:49:37,
ORD0001038,CUST000210,delivered,2024-02-20 12:45:47,2024-02-22 12:45:47,2024-02-26 12:45:47
ORD0001039,CUST000277,invoiced,2023-12-09 18:04:38,2023-12-11 16:04:38,
ORD0001040,CUST000525,delivered,16/10/2023 01:38,2023-10-16 08:38:53,2023-10-19 08:38:53
ORD0001041,CUST001822,delivered,2023-04-04 10:08:03,2023-04-05 04:08:03,2023-04-25 04:08:03
ORD0001042,CUST000191,delivered,2023-09-22 17:14:19,2023-09-23 09:14:19,2023-09-28 09:14:19
ORD0001043,CUST001288,shipped,2024-02-22 00:22:30,2024-02-24 00:22:30,
ORD0001044,CUST001108,delivered,2024-01-05 17:30:55,2024-01-07 14:30:55,2024-01-17 14:30:55
ORD0001045,CUST001896,shipped,2024-07-19 23:17:33,2024-07-20 00:17:33,
ORD0001046,CUST001817,processing,2023-06-18 01:12:56,2023-06-19 04:12:56,
ORD0001047,CUST000568,delivered,28/03/2024 17:39,2024-03-29 08:39:21,2024-04-18 08:39:21
ORD0001048,CUST001139,delivered,2024-12-26 23:13:43,2024-12-27 22:13:43,2025-01-12 22:13:43
ORD0001049,CUST000043,delivered,2023-03-17 17:44:24,2023-03-19 10:44:24,2023-04-08 10:44:24
ORD0001050,CUST001510,delivered,30/09/2024 17:02,2024-10-01 04:02:40,2024-10-10 04:02:40
ORD0001051,CUST000271,delivered,2024-10-04 13:34:10,2024-10-05 03:34:10,2024-10-13 03:34:10
ORD0001052,CUST000064,delivered,2023-12-16 02:40:20,2023-12-16 17:40:20,2023-12-22 17:40:20
ORD0001053,CUST001284,canceled,2023-06-08 13:53:07,2023-06-09 13:53:07,
ORD0001054,CUST000884,shipped,2024-10-10 08:48:02,2024-10-12 04:48:02,
ORD0001055,CUST000774,delivered,30/11/2024 22:46,2024-12-01 09:46:28,2024-12-18 09:46:28
ORD0001056,CUST000222,delivered,2024-02-19 00:23:35,2024-02-19 12:23:35,2024-03-05 12:23:35
ORD0001057,CUST000222,delivered,2023-02-26 20:47:23,2023-02-27 06:47:23,2023-03-14 06:47:23
ORD0001058,CUST001461,delivered,2023-05-10 01:59:27,2023-05-10 19:59:27,2023-05-28 19:59:27
ORD0001059,CUST002016,delivered,2024-11-30 18:15:05,2024-12-02 08:15:05,2024-12-22 08:15:05
ORD0001060,CUST001352,delivered,2024-10-05 17:29:44,2024-10-07 08:29:44,2024-10-26 08:29:44
ORD0001061,CUST001251,invoiced,2023-11-27 00:27:18,2023-11-27 12:27:18,
ORD0001062,CUST001896,delivered,2023-09-03 05:38:15,2023-09-03 22:38:15,2023-09-11 22:38:15
ORD0001063,CUST000831,shipped,2023-01-16 13:20:39,2023-01-17 02:20:39,
ORD0001064,CUST001791,shipped,2023-12-28 01:46:29,2023-12-28 07:46:29,
ORD0001065,CUST000470,shipped,2023-04-09 11:19:50,2023-04-09 15:19:50,
ORD0001066,CUST000981,delivered,2024-10-27 18:54:54,2024-10-28 02:54:54,2024-11-16 02:54:54
ORD0001067,CUST000108,delivered,2024-07-07 09:00:41,2024-07-09 09:00:41,2024-07-15 09:00:41
ORD0001068,CUST001859,delivered,30/06/2023 01:04,2023-06-30 10:04:23,2023-07-09 10:04:23
ORD0001069,CUST000494,processing,2024-02-27 06:45:10,2024-02-27 11:45:10,
ORD0001070,CUST000531,delivered,2024-02-12 20:07:25,2024-02-14 07:07:25,2024-02-18 07:07:25
ORD0001071,CUST000875,delivered,2024-10-05 05:05:28,2024-10-05 17:05:28,2024-10-08 17:05:28
ORD0001072,CUST001431,processing,2023-04-19 12:25:42,2023-04-20 03:25:42,
ORD0001073,CUST000864,delivered,2024-04-30 07:51:45,2024-05-01 12:51:45,2024-05-05 12:51:45
ORD0001074,CUST000337,delivered,2024-07-27 00:29:27,2024-07-27 21:29:27,2024-08-12 21:29:27
ORD0001075,CUST000067,invoiced,2023-09-20 06:50:21,2023-09-20 08:50:21,
ORD0001076,CUST001414,shipped,25/08/2024 04:43,2024-08-26 23:43:07,
ORD0001077,CUST000660,processing,2023-01-24 13:43:00,2023-01-24 19:43:00,
ORD0001078,CUST000166,shipped,2024-05-09 19:16:16,2024-05-11 09:16:16,
ORD0001079,CUST001604,delivered,2024-09-17 13:14:45,2024-09-17 20:14:45,2024-10-03 20:14:45
ORD0001080,CUST001472,delivered,2023-02-14 11:10:19,2023-02-16 04:10:19,2023-02-18 04:10:19
ORD0001081,CUST001627,delivered,2023-10-22 09:54:43,2023-10-24 05:54:43,2023-10-29 05:54:43
ORD0001082,CUST000326,delivered,2024-08-07 12:09:48,2024-08-08 07:09:48,2024-08-18 07:09:48
ORD0001083,CUST001180,processing,2024-04-11 07:18:11,2024-04-13 02:18:11,
ORD0001084,CUST000359,delivered,2024-02-10 14:55:35,2024-02-10 19:55:35,2024-02-16 19:55:35
ORD0001085,CUST000777,delivered,2024-04-27 20:29:18,2024-04-27 23:29:18,2024-05-09 23:29:18
ORD0001086,CUST001227,delivered,29/12/2023 23:20,2023-12-30 01:20:29,2024-01-02 01:20:29
ORD0001087,CUST000707,delivered,2024-11-19 00:22:26,2024-11-19 16:22:26,2024-12-03 16:22:26
ORD0001088,CUST001085,delivered,2024-07-16 06:27:34,2024-07-17 16:27:34,2024-07-27 16:27:34
ORD0001089,CUST000305,delivered,2023-04-06 11:48:40,2023-04-07 03:48:40,2023-04-22 03:48:40
ORD0001090,CUST000749,delivered,2023-09-07 19:48:43,2023-09-08 19:48:43,2023-09-11 19:48:43
ORD0001091,CUST001131,delivered,2024-03-24 00:48:03,2024-03-25 01:48:03,2024-03-28 01:48:03
ORD0001092,CUST000492,delivered,2023-02-11 04:40:34,2023-02-12 07:40:34,2023-02-20 07:40:34
ORD0001093,CUST001265,processing,2024-03-09 14:45:53,2024-03-10 20:45:53,
ORD0001094,CUST001594,invoiced,2024-08-22 21:57:16,2024-08-24 13:57:16,
ORD0001095,CUST000378,canceled,2024-12-19 04:34:58,2024-12-20 14:34:58,
ORD0001096,CUST001772,delivered,2024-09-14 22:14:47,2024-09-15 02:14:47,2024-09-20 02:14:47
ORD0001097,CUST001874,processing,2023-04-07 12:27:26,2023-04-09 00:27:26,
ORD0001098,CUST001970,delivered,2024-04-30 21:37:36,2024-05-02 20:37:36,2024-05-12 20:37:36
ORD0001099,CUST001056,delivered,2024-01-03 21:19:21,2024-01-05 05:19:21,2024-01-14 05:19:21
ORD0001100,CUST001326,shipped,26/05/2023 18:41,2023-05-28 04:41:00,
ORD0001101,CUST000289,delivered,2023-05-01 06:49:01,2023-05-03 02:49:01,2023-05-07 02:49:01
ORD0001102,CUST001068,delivered,2023-08-18 06:00:55,2023-08-20 05:00:55,2023-08-27 05:00:55
ORD0001103,CUST000609,delivered,2024-07-21 10:28:19,2024-07-22 06:28:19,2024-08-06 06:28:19
ORD0001104,CUST000754,delivered,2023-11-23 01:38:01,2023-11-24 23:38:01,2023-11-30 23:38:01
ORD0001105,CUST000213,processing,2023-12-01 16:21:14,2023-12-02 06:21:14,
ORD0001106,CUST001788,shipped,05/03/2023 19:43,2023-03-07 01:43:39,
ORD0001107,CUST000726,delivered,2024-05-05 14:28:47,2024-05-06 15:28:47,2024-05-13 15:28:47
ORD0001108,CUST000825,delivered,2023-08-14 17:23:53,2023-08-14 20:23:53,2023-08-21 20:23:53
ORD0001109,CUST001113,shipped,2023-10-14 15:32:46,2023-10-15 13:32:46,
ORD0001110,CUST001369,delivered,2024-11-03 05:29:36,2024-11-05 04:29:36,2024-11-07 04:29:36
ORD0001111,CUST001050,delivered,2023-11-16 09:10:02,2023-11-17 03:10:02,2023-11-28 03:10:02
ORD0001112,CUST001581,processing,2024-01-28 09:54:54,2024-01-28 11:54:54,
ORD0001113,CUST001062,delivered,2023-07-07 12:49:51,2023-07-09 00:49:51,2023-07-27 00:49:51
ORD0001114,CUST001991,invoiced,2023-09-15 12:33:46,2023-09-17 11:33:46,
ORD0001115,CUST000076,delivered,2024-06-25 12:34:27,2024-06-25 16:34:27,2024-07-07 16:34:27
ORD0001116,CUST000419,delivered,2024-10-24 12:25:38,2024-10-25 07:25:38,2024-11-03 07:25:38
ORD0001117,CUST001696,delivered,2024-08-17 05:29:56,2024-08-18 04:29:56,2024-08-26 04:29:56
ORD0001118,CUST000808,delivered,2024-11-17 05:15:55,2024-11-19 03:15:55,2024-11-24 03:15:55
ORD0001119,CUST000184,processing,2024-09-17 23:57:34,2024-09-18 06:57:34,
ORD0001120,CUST001114,delivered,13/02/2024 17:17,2024-02-14 23:17:30,2024-02-19 23:17:30
ORD0001121,CUST000187,invoiced,2023-07-07 06:21:40,2023-07-08 20:21:40,
ORD0001122,CUST001318,delivered,2023-06-18 09:06:51,2023-06-18 18:06:51,2023-07-02 18:06:51
ORD0001123,CUST001481,delivered,16/11/2024 08:48,2024-11-17 11:48:25,2024-11-20 11:48:25
ORD0001124,CUST001017,delivered,2024-08-05 13:48:15,2024-08-07 05:48:15,2024-08-25 05:48:15
ORD0001125,CUST001967,delivered,2023-10-30 09:50:10,2023-10-30 16:50:10,2023-11-15 16:50:10
ORD0001126,CUST001826,delivered,05/03/2024 04:16,2024-03-07 03:16:30,2024-03-25 03:16:30
ORD0001127,CUST001660,canceled,12/06/2023 02:30,2023-06-12 04:30:58,
ORD0001128,CUST001125,delivered,2024-08-27 18:46:17,2024-08-28 21:46:17,2024-09-02 21:46:17
ORD0001129,CUST001409,delivered,2024-12-18 22:41:40,2024-12-18 23:41:40,2024-12-27 23:41:40
ORD0001130,CUST001493,delivered,2024-06-29 21:51:40,2024-07-01 05:51:40,2024-07-11 05:51:40
ORD0001131,CUST001859,invoiced,2023-04-03 23:23:14,2023-04-05 22:23:14,
ORD0001132,CUST000802,delivered,2024-04-27 09:21:43,2024-04-29 05:21:43,2024-05-07 05:21:43
ORD0001133,CUST000156,shipped,2023-04-15 00:34:01,2023-04-15 04:34:01,
ORD0001134,CUST000587,delivered,2023-04-06 16:07:23,2023-04-08 02:07:23,2023-04-28 02:07:23
ORD0001135,CUST000977,delivered,2023-06-29 16:40:02,2023-06-30 18:40:02,2023-07-18 18:40:02
ORD0001136,CUST000349,delivered,2023-04-19 04:37:18,2023-04-20 07:37:18,2023-04-28 07:37:18
ORD0001137,CUST000302,delivered,17/06/2023 10:48,2023-06-19 01:48:24,2023-07-07 01:48:24
ORD0001138,CUST000157,delivered,2023-09-18 08:25:05,2023-09-19 06:25:05,2023-10-04 06:25:05
ORD0001139,CUST001755,canceled,2024-06-24 03:30:50,2024-06-26 03:30:50,
ORD0001140,CUST001698,delivered,2024-02-21 09:43:19,2024-02-22 12:43:19,2024-02-25 12:43:19
ORD0001141,CUST001008,delivered,2024-09-07 04:33:00,2024-09-08 02:33:00,2024-09-17 02:33:00
ORD0001142,CUST001063,delivered,2024-09-06 04:18:40,2024-09-08 04:18:40,2024-09-11 04:18:40
ORD0001143,CUST001922,delivered,11/04/2023 00:45,2023-04-12 04:45:12,2023-04-14 04:45:12
ORD0001144,CUST000739,delivered,2023-02-13 00:29:49,2023-02-14 10:29:49,2023-02-22 10:29:49
ORD0001145,CUST000791,canceled,2023-03-10 15:31:04,2023-03-10 17:31:04,
ORD0001146,CUST000204,delivered,2023-09-06 20:16:57,2023-09-08 20:16:57,2023-09-16 20:16:57
ORD0001147,CUST000728,shipped,17/07/2023 07:24,2023-07-18 05:24:17,
ORD0001148,CUST001171,delivered,2024-03-03 10:10:30,2024-03-03 22:10:30,2024-03-18 22:10:30
ORD0001149,CUST001319,delivered,2024-01-12 22:05:28,2024-01-14 02:05:28,2024-02-02 02:05:28
ORD0001150,CUST001535,delivered,2024-02-12 09:14:31,2024-02-13 02:14:31,2024-02-24 02:14:31
ORD0001151,CUST001625,delivered,2023-08-25 03:05:10,2023-08-26 15:05:10,2023-08-28 15:05:10
ORD0001152,CUST000486,delivered,2023-05-31 17:42:42,2023-06-01 15:42:42,2023-06-12 15:42:42
ORD0001153,CUST000279,delivered,2024-03-03 10:06:56,2024-03-05 10:06:56,2024-03-23 10:06:56
ORD0001154,CUST000109,delivered,2024-05-16 02:11:55,2024-05-17 02:11:55,2024-05-22 02:11:55
ORD0001155,CUST001240,delivered,2024-06-20 19:10:57,2024-06-22 16:10:57,2024-06-24 16:10:57
ORD0001156,CUST001645,delivered,2024-03-14 10:19:48,2024-03-16 00:19:48,2024-03-20 00:19:48
ORD0001157,CUST002031,delivered,2024-12-27 04:56:50,2024-12-27 06:56:50,2025-01-12 06:56:50
ORD0001158,CUST001446,processing,2023-11-09 21:45:45,2023-11-11 12:45:45,
ORD0001159,CUST001172,canceled,2023-11-23 19:07:23,2023-11-25 11:07:23,
ORD0001160,CUST001700,processing,2024-05-25 03:06:09,2024-05-25 22:06:09,
ORD0001161,CUST000183,delivered,2024-04-11 06:36:08,2024-04-13 06:36:08,2024-04-29 06:36:08
ORD0001162,CUST000786,delivered,2024-02-20 18:03:19,2024-02-21 18:03:19,2024-03-12 18:03:19
ORD0001163,CUST000210,delivered,2023-04-25 03:00:29,2023-04-26 01:00:29,2023-05-16 01:00:29
ORD0001164,CUST001166,shipped,2024-11-20 05:11:12,2024-11-21 01:11:12,
ORD0001165,CUST001823,invoiced,2023-06-01 00:49:44,2023-06-01 12:49:44,
ORD0001166,CUST001598,delivered,2024-08-29 02:29:53,2024-08-29 17:29:53,2024-09-09 17:29:53
ORD0001167,CUST001146,invoiced,2023-11-10 23:03:39,2023-11-12 12:03:39,
ORD0001168,CUST002027,delivered,2024-04-28 06:58:54,2024-04-30 03:58:54,2024-05-02 03:58:54
ORD0001169,CUST001564,delivered,2024-05-12 06:55:43,2024-05-12 14:55:43,2024-05-28 14:55:43
ORD0001170,CUST000356,canceled,2024-05-13 14:33:12,2024-05-14 19:33:12,
ORD0001171,CUST001242,delivered,2024-07-16 15:49:06,2024-07-17 06:49:06,2024-08-04 06:49:06
ORD0001172,CUST001840,delivered,2024-04-12 21:33:06,2024-04-13 21:33:06,2024-04-22 21:33:06
ORD0001173,CUST001712,delivered,2024-11-27 18:31:04,2024-11-29 06:31:04,2024-12-01 06:31:04
ORD0001174,CUST001817,delivered,2023-01-03 09:16:14,2023-01-04 08:16:14,2023-01-19 08:16:14
ORD0001175,CUST001159,invoiced,2024-12-01 19:07:52,2024-12-03 16:07:52,
ORD0001176,CUST001209,delivered,2024-03-02 14:48:10,2024-03-03 00:48:10,2024-03-17 00:48:10
ORD0001177,CUST000191,delivered,2023-04-24 21:03:02,2023-04-26 01:03:02,2023-05-06 01:03:02
ORD0001178,CUST001290,delivered,21/10/2023 19:57,2023-10-22 18:57:02,2023-11-06 18:57:02
ORD0001179,CUST000986,processing,2023-01-12 14:22:23,2023-01-14 02:22:23,
ORD0001180,CUST001569,delivered,2024-10-07 03:46:14,2024-10-08 23:46:14,2024-10-14 23:46:14
ORD0001181,CUST000515,delivered,2024-03-19 21:39:46,2024-03-20 19:39:46,2024-03-25 19:39:46
ORD0001182,CUST000305,shipped,2023-11-06 15:45:23,2023-11-08 02:45:23,
ORD0001183,CUST000556,shipped,2023-08-30 08:39:49,2023-08-31 17:39:49,
ORD0001184,CUST001540,delivered,2023-01-23 21:03:51,2023-01-24 08:03:51,2023-02-10 08:03:51
ORD0001185,CUST001229,delivered,2024-10-23 22:18:14,2024-10-25 07:18:14,2024-11-09 07:18:14
ORD0001186,CUST000239,canceled,2023-02-18 15:02:27,2023-02-18 19:02:27,
ORD0001187,CUST000153,shipped,2024-01-27 09:21:51,2024-01-27 22:21:51,
ORD0001188,CUST000098,delivered,2024-04-20 06:27:13,2024-04-21 04:27:13,2024-04-23 04:27:13
ORD0001189,CUST000164,delivered,2023-02-13 11:39:33,2023-02-15 03:39:33,2023-02-25 03:39:33
ORD0001190,CUST000111,delivered,2024-10-28 07:14:14,2024-10-30 07:14:14,2024-11-11 07:14:14
ORD0001191,CUST001068,shipped,2024-11-01 05:35:37,2024-11-02 22:35:37,
ORD0001192,CUST001284,delivered,2023-12-11 07:57:53,2023-12-13 01:57:53,2023-12-28 01:57:53
ORD0001193,CUST000573,shipped,2023-06-21 06:37:07,2023-06-22 23:37:07,
ORD0001194,CUST001226,canceled,2023-12-09 06:18:10,2023-12-10 11:18:10,
ORD0001195,CUST001486,delivered,2024-07-08 19:48:12,2024-07-10 00:48:12,2024-07-16 00:48:12
ORD0001196,CUST001221,processing,2024-06-05 11:40:50,2024-06-05 20:40:50,
ORD0001197,CUST001484,delivered,2024-09-12 08:13:55,2024-09-12 14:13:55,2024-09-29 14:13:55
ORD0001198,CUST001157,delivered,2023-10-26 15:05:58,2023-10-26 19:05:58,2023-11-02 19:05:58
ORD0001199,CUST000813,delivered,2024-08-20 09:18:28,2024-08-21 02:18:28,2024-08-23 02:18:28
ORD0001200,CUST000406,delivered,2023-07-24 02:55:47,2023-07-24 07:55:47,2023-08-01 07:55:47
ORD0001201,CUST000732,delivered,2024-12-28 23:27:05,2024-12-29 08:27:05,2025-01-10 08:27:05
ORD0001202,CUST000956,delivered,2023-09-25 18:26:24,2023-09-26 20:26:24,2023-10-01 20:26:24
ORD0001203,CUST001388,delivered,2023-01-09 06:22:11,2023-01-09 20:22:11,2023-01-16 20:22:11
ORD0001204,CUST000448,delivered,2023-01-01 08:39:28,2023-01-02 09:39:28,2023-01-07 09:39:28
ORD0001205,CUST000271,delivered,2024-02-03 16:30:05,2024-02-05 11:30:05,2024-02-17 11:30:05
ORD0001206,CUST000389,delivered,2023-09-25 22:37:04,2023-09-26 23:37:04,2023-10-01 23:37:04
ORD0001207,CUST000628,delivered,2024-06-02 18:06:48,2024-06-04 05:06:48,2024-06-15 05:06:48
ORD0001208,CUST000097,delivered,2023-05-12 00:40:34,2023-05-13 14:40:34,2023-05-25 14:40:34
ORD0001209,CUST000883,delivered,2024-02-01 08:05:47,2024-02-01 11:05:47,2024-02-06 11:05:47
ORD0001210,CUST000419,invoiced,2023-07-03 16:49:10,2023-07-04 21:49:10,
ORD0001211,CUST001094,processing,2023-11-06 09:57:38,2023-11-07 16:57:38,
ORD0001212,CUST001366,delivered,2023-12-26 18:46:06,2023-12-28 18:46:06,2024-01-14 18:46:06
ORD0001213,CUST001707,canceled,2023-02-28 09:25:48,2023-02-28 10:25:48,
ORD0001214,CUST001694,delivered,2024-01-17 19:37:41,2024-01-19 09:37:41,2024-02-07 09:37:41
ORD0001215,CUST000351,delivered,2023-07-22 19:13:34,2023-07-24 05:13:34,2023-08-08 05:13:34
ORD0001216,CUST000478,delivered,2024-10-06 11:36:45,2024-10-07 19:36:45,2024-10-23 19:36:45
ORD0001217,CUST000497,processing,2023-06-29 21:52:25,2023-07-01 08:52:25,
ORD0001218,CUST001395,processing,2023-05-18 15:33:25,2023-05-20 02:33:25,
ORD0001219,CUST001536,delivered,2023-09-20 21:33:42,2023-09-21 12:33:42,2023-10-11 12:33:42
ORD0001220,CUST001205,shipped,2024-01-18 18:56:38,2024-01-20 15:56:38,
ORD0001221,CUST000928,delivered,2023-11-09 20:23:21,2023-11-11 16:23:21,2023-11-16 16:23:21
ORD0001222,CUST001843,delivered,2024-10-30 16:24:51,2024-11-01 00:24:51,2024-11-10 00:24:51
ORD0001223,CUST000747,shipped,2023-04-24 19:46:52,2023-04-24 20:46:52,
ORD0001224,CUST000369,delivered,2023-04-22 13:26:51,2023-04-22 19:26:51,2023-04-29 19:26:51
ORD0001225,CUST002031,delivered,2024-06-07 10:05:25,2024-06-07 21:05:25,2024-06-11 21:05:25
ORD0001226,CUST001591,processing,2023-10-12 07:29:22,2023-10-12 08:29:22,
ORD0001227,CUST001406,invoiced,2024-12-28 20:02:29,2024-12-29 03:02:29,
ORD0001228,CUST001333,delivered,2024-07-22 22:35:48,2024-07-23 03:35:48,2024-08-10 03:35:48
ORD0001229,CUST001162,delivered,2024-03-19 05:05:43,2024-03-19 14:05:43,2024-03-31 14:05:43
ORD0001230,CUST001209,delivered,2024-04-06 12:09:11,2024-04-06 15:09:11,2024-04-25 15:09:11
ORD0001231,CUST000591,delivered,2023-07-02 16:48:12,2023-07-03 20:48:12,2023-07-22 20:48:12
ORD0001232,CUST001827,processing,2023-05-03 23:36:53,2023-05-04 08:36:53,
ORD0001233,CUST001948,processing,2024-09-12 02:58:37,2024-09-12 05:58:37,
ORD0001234,CUST000887,shipped,2024-05-29 10:25:11,2024-05-30 21:25:11,
ORD0001235,CUST001984,delivered,2024-06-21 00:45:00,2024-06-21 17:45:00,2024-07-09 17:45:00
ORD0001236,CUST001732,delivered,2024-11-16 10:49:39,2024-11-18 01:49:39,2024-11-30 01:49:39
ORD0001237,CUST000580,delivered,2024-05-03 23:01:45,2024-05-04 04:01:45,2024-05-08 04:01:45
ORD0001238,CUST001423,delivered,2024-01-30 05:08:10,2024-01-31 11:08:10,2024-02-03 11:08:10
ORD0001239,CUST001833,delivered,2024-12-18 10:04:19,2024-12-18 22:04:19,2024-12-27 22:04:19
ORD0001240,CUST001575,delivered,2024-01-06 23:08:09,2024-01-07 12:08:09,2024-01-26 12:08:09
ORD0001241,CUST000562,delivered,2024-12-26 09:14:20,2024-12-28 01:14:20,2025-01-13 01:14:20
ORD0001242,CUST001013,delivered,2024-04-21 22:14:27,2024-04-22 03:14:27,2024-05-08 03:14:27
ORD0001243,CUST001874,delivered,2024-02-25 23:10:46,2024-02-26 09:10:46,2024-03-17 09:10:46
ORD0001244,CUST000655,delivered,2024-10-18 17:28:21,2024-10-19 03:28:21,2024-10-25 03:28:21
ORD0001245,CUST000651,delivered,2024-08-05 08:37:22,2024-08-05 11:37:22,2024-08-24 11:37:22
ORD0001246,CUST000755,delivered,14/05/2024 20:37,2024-05-15 08:37:53,2024-05-24 08:37:53
ORD0001247,CUST001547,delivered,2023-01-24 05:20:04,2023-01-26 00:20:04,2023-02-08 00:20:04
ORD0001248,CUST001165,delivered,26/04/2024 05:02,2024-04-27 03:02:49,2024-05-13 03:02:49
ORD0001249,CUST000360,delivered,2023-05-11 10:14:57,2023-05-12 04:14:57,2023-05-31 04:14:57
ORD0001250,CUST000373,delivered,2023-10-18 21:43:56,2023-10-19 15:43:56,2023-10-29 15:43:56
ORD0001251,CUST000287,delivered,2024-04-06 01:24:40,2024-04-07 03:24:40,2024-04-15 03:24:40
ORD0001252,CUST001307,processing,2023-08-17 11:36:43,2023-08-17 23:36:43,
ORD0001253,CUST001514,invoiced,2024-06-14 21:50:25,2024-06-16 08:50:25,
ORD0001254,CUST001118,delivered,2023-10-31 23:57:06,2023-11-01 14:57:06,2023-11-09 14:57:06
ORD0001255,CUST000696,canceled,2024-12-26 21:01:10,2024-12-27 04:01:10,
ORD0001256,CUST000382,delivered,2024-06-15 15:25:54,2024-06-17 11:25:54,2024-06-29 11:25:54
ORD0001257,CUST001871,delivered,2024-12-25 00:44:33,2024-12-26 07:44:33,2025-01-02 07:44:33
ORD0001258,CUST001937,delivered,2024-03-22 23:02:51,2024-03-23 10:02:51,2024-04-06 10:02:51
ORD0001259,CUST001084,processing,2023-06-22 15:25:16,2023-06-23 13:25:16,
ORD0001260,CUST000217,delivered,2023-03-21 09:31:56,2023-03-22 00:31:56,2023-04-09 00:31:56
ORD0001261,CUST001062,delivered,2023-10-12 03:05:05,2023-10-12 05:05:05,2023-10-29 05:05:05
ORD0001262,CUST000032,delivered,2024-10-22 07:25:38,2024-10-23 19:25:38,2024-11-04 19:25:38
ORD0001263,CUST000588,shipped,2024-08-23 09:49:29,2024-08-25 05:49:29,
ORD0001264,CUST001797,delivered,2023-05-31 19:23:46,2023-06-01 15:23:46,2023-06-06 15:23:46
ORD0001265,CUST001871,delivered,2024-03-24 03:23:57,2024-03-24 08:23:57,2024-03-29 08:23:57
ORD0001266,CUST001706,delivered,2023-02-06 10:05:23,2023-02-06 23:05:23,2023-02-24 23:05:23
ORD0001267,CUST001717,delivered,2023-07-29 01:01:02,2023-07-29 04:01:02,2023-08-02 04:01:02
ORD0001268,CUST000929,delivered,2023-03-10 12:18:08,2023-03-11 09:18:08,2023-03-22 09:18:08
ORD0001269,CUST000443,processing,2023-06-07 03:05:34,2023-06-07 10:05:34,
ORD0001270,CUST000974,delivered,2024-11-19 06:04:49,2024-11-19 20:04:49,2024-12-04 20:04:49
ORD0001271,CUST001635,invoiced,2023-03-17 15:15:19,2023-03-18 07:15:19,
ORD0001272,CUST001965,processing,2023-02-05 13:37:40,2023-02-05 15:37:40,
ORD0001273,CUST001770,invoiced,2023-04-27 06:21:30,2023-04-29 03:21:30,
ORD0001274,CUST001589,delivered,2024-08-20 21:21:17,2024-08-21 03:21:17,2024-08-24 03:21:17
ORD0001275,CUST001425,delivered,2024-04-23 05:49:46,2024-04-24 15:49:46,2024-04-29 15:49:46
ORD0001276,CUST001551,delivered,2023-02-16 17:08:03,2023-02-18 08:08:03,2023-02-24 08:08:03
ORD0001277,CUST001078,delivered,2023-04-11 19:11:52,2023-04-12 11:11:52,2023-04-30 11:11:52
ORD0001278,CUST001823,shipped,2023-11-09 09:25:56,2023-11-09 20:25:56,
ORD0001279,CUST000119,delivered,2024-09-20 10:40:39,2024-09-21 14:40:39,2024-10-06 14:40:39
ORD0001280,CUST000850,processing,2024-03-29 06:28:46,2024-03-30 15:28:46,
ORD0001281,CUST001766,delivered,2023-12-10 11:13:59,2023-12-11 05:13:59,2023-12-22 05:13:59
ORD0001282,CUST002013,delivered,2023-09-20 10:44:09,2023-09-21 19:44:09,2023-10-03 19:44:09
ORD0001283,CUST001500,delivered,2024-02-25 11:29:07,2024-02-27 04:29:07,2024-03-10 04:29:07
ORD0001284,CUST001613,invoiced,2024-09-10 17:44:45,2024-09-11 14:44:45,
ORD0001285,CUST000623,delivered,2023-05-19 01:58:05,2023-05-20 10:58:05,2023-05-26 10:58:05
ORD0001286,CUST000876,canceled,2023-03-06 10:49:10,2023-03-08 07:49:10,
ORD0001287,CUST000087,delivered,2024-12-25 08:26:56,2024-12-25 09:26:56,2024-12-28 09:26:56
ORD0001288,CUST001325,delivered,2024-05-11 10:53:59,2024-05-12 01:53:59,2024-06-01 01:53:59
ORD0001289,CUST001636,delivered,2023-07-03 15:12:41,2023-07-04 00:12:41,2023-07-09 00:12:41
ORD0001290,CUST000696,delivered,2023-06-11 19:48:44,2023-06-11 20:48:44,2023-06-23 20:48:44
ORD0001291,CUST001137,delivered,2024-05-06 23:45:52,2024-05-08 16:45:52,2024-05-23 16:45:52
ORD0001292,CUST001743,delivered,2023-08-09 12:27:22,2023-08-10 08:27:22,2023-08-21 08:27:22
ORD0001293,CUST000295,delivered,2023-10-27 16:18:40,2023-10-29 06:18:40,2023-11-15 06:18:40
ORD0001294,CUST000866,processing,2024-12-28 12:28:47,2024-12-29 03:28:47,
ORD0001295,CUST001317,delivered,2023-12-09 14:01:32,2023-12-11 13:01:32,2023-12-22 13:01:32
ORD0001296,CUST001732,shipped,2023-04-11 18:27:53,2023-04-12 18:27:53,
ORD0001297,CUST000589,shipped,2023-05-11 06:19:16,2023-05-12 06:19:16,
ORD0001298,CUST001649,invoiced,2024-02-13 10:08:17,2024-02-14 00:08:17,
ORD0001299,CUST001509,shipped,2024-09-19 09:09:45,2024-09-19 16:09:45,
ORD0001300,CUST001242,processing,2023-04-09 02:19:02,2023-04-09 15:19:02,
ORD0001301,CUST000624,processing,2023-01-06 12:03:38,2023-01-08 05:03:38,
ORD0001302,CUST001064,delivered,2024-07-27 10:50:36,2024-07-27 11:50:36,2024-07-31 11:50:36
ORD0001303,CUST000948,delivered,2023-05-05 09:25:38,2023-05-05 23:25:38,2023-05-24 23:25:38
ORD0001304,CUST001062,delivered,2024-08-18 16:42:17,2024-08-19 23:42:17,2024-09-02 23:42:17
ORD0001305,CUST000983,delivered,2023-05-18 10:25:20,2023-05-18 22:25:20,2023-05-31 22:25:20
ORD0001306,CUST000990,delivered,2023-10-10 02:18:13,2023-10-11 14:18:13,2023-10-21 14:18:13
ORD0001307,CUST000291,delivered,2024-03-19 16:17:25,2024-03-19 19:17:25,2024-03-31 19:17:25
ORD0001308,CUST000783,delivered,2024-08-25 08:42:14,2024-08-27 03:42:14,2024-09-12 03:42:14
ORD0001309,CUST000108,delivered,2024-07-20 15:54:51,2024-07-20 22:54:51,2024-08-03 22:54:51
ORD0001310,CUST000359,delivered,08/12/2023 09:33,2023-12-08 17:33:16,2023-12-25 17:33:16
ORD0001311,CUST001896,delivered,2023-06-04 00:58:29,2023-06-05 05:58:29,2023-06-13 05:58:29
ORD0001312,CUST000372,delivered,2023-05-25 14:03:30,2023-05-25 16:03:30,2023-06-06 16:03:30
ORD0001313,CUST001517,delivered,2024-03-16 07:18:31,2024-03-17 23:18:31,2024-03-25 23:18:31
ORD0001314,CUST001637,delivered,2023-03-20 07:14:07,2023-03-22 06:14:07,2023-04-06 06:14:07
ORD0001315,CUST000620,processing,2023-02-28 12:51:56,2023-03-02 05:51:56,
ORD0001316,CUST001337,delivered,2023-07-03 15:50:07,2023-07-04 02:50:07,2023-07-16 02:50:07
ORD0001317,CUST001752,invoiced,2024-09-05 02:34:55,2024-09-06 15:34:55,
ORD0001318,CUST000855,delivered,2024-03-07 19:32:59,2024-03-08 15:32:59,2024-03-18 15:32:59
ORD0001319,CUST001523,shipped,2023-12-26 15:27:25,2023-12-28 15:27:25,
ORD0001320,CUST000506,delivered,2024-09-19 18:43:11,2024-09-20 20:43:11,2024-10-01 20:43:11
ORD0001321,CUST001660,delivered,2023-07-22 18:05:58,2023-07-23 11:05:58,2023-08-12 11:05:58
ORD0001322,CUST000369,delivered,2024-07-09 17:43:00,2024-07-11 16:43:00,2024-07-16 16:43:00
ORD0001323,CUST000005,delivered,2024-10-20 14:49:09,2024-10-22 04:49:09,2024-11-07 04:49:09
ORD0001324,CUST000678,delivered,2023-02-24 06:42:13,2023-02-24 17:42:13,2023-02-27 17:42:13
ORD0001325,CUST001865,canceled,2023-12-30 21:40:41,2024-01-01 07:40:41,
ORD0001326,CUST000283,delivered,2024-01-16 20:22:01,2024-01-18 18:22:01,2024-01-30 18:22:01
ORD0001327,CUST000267,delivered,2024-12-11 16:28:39,2024-12-13 02:28:39,2024-12-22 02:28:39
ORD0001328,CUST000275,processing,2024-08-07 16:15:28,2024-08-07 23:15:28,
ORD0001329,CUST001122,delivered,2024-09-06 01:35:11,2024-09-08 00:35:11,2024-09-11 00:35:11
ORD0001330,CUST001001,delivered,2023-02-04 12:53:56,2023-02-05 05:53:56,2023-02-24 05:53:56
ORD0001331,CUST001062,canceled,2024-11-18 06:20:28,2024-11-19 12:20:28,
ORD0001332,CUST001400,processing,2023-12-07 11:48:29,2023-12-08 10:48:29,
ORD0001333,CUST001366,shipped,2024-07-01 13:16:27,2024-07-02 13:16:27,
ORD0001334,CUST001892,delivered,10/05/2024 02:30,2024-05-11 13:30:10,2024-05-25 13:30:10
ORD0001335,CUST000413,processing,06/08/2024 00:19,2024-08-06 03:19:32,
ORD0001336,CUST001321,invoiced,2023-07-03 12:42:54,2023-07-04 13:42:54,
ORD0001337,CUST000224,delivered,2024-09-08 21:52:06,2024-09-10 10:52:06,2024-09-22 10:52:06
ORD0001338,CUST001785,delivered,2024-11-08 04:00:00,2024-11-08 15:00:00,2024-11-16 15:00:00
ORD0001339,CUST000046,canceled,2024-11-04 21:05:46,2024-11-05 03:05:46,
ORD0001340,CUST001534,delivered,2023-05-11 02:03:17,2023-05-13 01:03:17,2023-06-02 01:03:17
ORD0001341,CUST000567,delivered,2023-08-24 04:25:37,2023-08-24 17:25:37,2023-09-10 17:25:37
ORD0001342,CUST001253,shipped,2023-05-30 19:00:30,2023-05-30 23:00:30,
ORD0001343,CUST002031,canceled,2024-03-23 19:39:20,2024-03-24 22:39:20,
ORD0001344,CUST001246,delivered,2024-04-05 23:21:41,2024-04-07 07:21:41,2024-04-11 07:21:41
ORD0001345,CUST001498,delivered,2023-02-07 14:32:53,2023-02-09 07:32:53,2023-02-15 07:32:53
ORD0001346,CUST000839,delivered,2023-04-02 17:09:21,2023-04-04 13:09:21,2023-04-20 13:09:21
ORD0001347,CUST000237,delivered,2023-02-11 13:22:36,2023-02-11 21:22:36,2023-02-15 21:22:36
ORD0001348,CUST000247,delivered,2023-04-11 14:06:04,2023-04-12 02:06:04,2023-04-15 02:06:04
ORD0001349,CUST001355,delivered,2023-04-16 14:58:37,2023-04-18 13:58:37,2023-04-30 13:58:37
ORD0001350,CUST001895,delivered,2023-12-06 22:08:39,2023-12-07 14:08:39,2023-12-15 14:08:39
ORD0001351,CUST001171,shipped,2023-01-29 18:09:33,2023-01-30 13:09:33,
ORD0001352,CUST001352,delivered,2023-06-11 20:53:35,2023-06-13 07:53:35,2023-06-15 07:53:35
ORD0001353,CUST000212,delivered,2024-05-31 15:10:44,2024-06-01 11:10:44,2024-06-19 11:10:44
ORD0001354,CUST000184,shipped,2023-05-17 19:26:05,2023-05-18 02:26:05,
ORD0001355,CUST001280,shipped,2024-06-14 12:49:13,2024-06-15 14:49:13,
ORD0001356,CUST001180,canceled,2024-10-29 20:39:03,2024-10-29 21:39:03,
ORD0001357,CUST000587,invoiced,2023-04-27 14:35:24,2023-04-29 05:35:24,
ORD0001358,CUST001434,delivered,2024-10-01 10:16:19,2024-10-03 00:16:19,2024-10-11 00:16:19
ORD0001359,CUST000779,invoiced,2023-09-29 20:00:46,2023-10-01 19:00:46,
ORD0001360,CUST001649,delivered,2024-07-30 09:58:16,2024-08-01 09:58:16,2024-08-03 09:58:16
ORD0001361,CUST000707,shipped,2024-03-17 20:30:25,2024-03-19 11:30:25,
ORD0001362,CUST000468,delivered,2024-01-21 16:30:47,2024-01-21 18:30:47,2024-01-26 18:30:47
ORD0001363,CUST001915,delivered,2023-08-02 22:58:57,2023-08-03 11:58:57,2023-08-18 11:58:57
ORD0001364,CUST001561,delivered,2023-10-12 19:36:30,2023-10-13 20:36:30,2023-10-24 20:36:30
ORD0001365,CUST001818,delivered,2023-01-22 00:06:08,2023-01-22 17:06:08,2023-01-26 17:06:08
ORD0001366,CUST000865,delivered,2023-04-20 09:33:23,2023-04-21 16:33:23,2023-04-24 16:33:23
ORD0001367,CUST001013,delivered,2024-01-08 06:59:43,2024-01-08 21:59:43,2024-01-27 21:59:43
ORD0001368,CUST001472,delivered,2024-04-26 02:54:53,2024-04-26 06:54:53,2024-05-12 06:54:53
ORD0001369,CUST000844,delivered,2023-11-28 00:55:22,2023-11-29 14:55:22,2023-12-01 14:55:22
ORD0001370,CUST000701,delivered,2023-08-07 13:39:12,2023-08-08 23:39:12,2023-08-13 23:39:12
ORD0001371,CUST001293,invoiced,2023-05-04 04:29:21,2023-05-06 00:29:21,
ORD0001372,CUST000511,delivered,05/07/2024 17:32,2024-07-06 12:32:34,2024-07-09 12:32:34
ORD0001373,CUST001155,delivered,2023-10-10 02:17:31,2023-10-11 04:17:31,2023-10-28 04:17:31
ORD0001374,CUST001275,delivered,14/10/2023 06:34,2023-10-15 10:34:12,2023-10-26 10:34:12
ORD0001375,CUST000583,delivered,2024-06-09 21:28:15,2024-06-10 20:28:15,2024-06-23 20:28:15
ORD0001376,CUST001723,delivered,2023-07-11 03:35:26,2023-07-11 20:35:26,2023-07-28 20:35:26
ORD0001377,CUST000889,processing,15/07/2023 00:50,2023-07-16 06:50:05,
ORD0001378,CUST000251,delivered,16/02/2023 03:16,2023-02-16 11:16:04,2023-03-06 11:16:04
ORD0001379,CUST001134,delivered,2024-12-08 22:59:34,2024-12-10 22:59:34,2024-12-25 22:59:34
ORD0001380,CUST000331,delivered,2023-08-03 12:10:54,2023-08-03 18:10:54,2023-08-20 18:10:54
ORD0001381,CUST001663,delivered,2023-01-11 04:44:33,2023-01-12 14:44:33,2023-01-17 14:44:33
ORD0001382,CUST000062,delivered,2023-03-25 10:07:16,2023-03-25 20:07:16,2023-04-14 20:07:16
ORD0001383,CUST000949,delivered,2023-09-24 04:44:42,2023-09-26 02:44:42,2023-09-29 02:44:42
ORD0001384,CUST000504,delivered,14/11/2023 08:36,2023-11-15 13:36:38,2023-11-20 13:36:38
ORD0001385,CUST001984,shipped,15/09/2023 23:31,2023-09-16 05:31:30,
ORD0001386,CUST001953,processing,2023-10-08 11:47:08,2023-10-09 21:47:08,
ORD0001387,CUST000233,delivered,2024-09-14 04:13:08,2024-09-15 06:13:08,2024-09-22 06:13:08
ORD0001388,CUST000714,delivered,2024-03-14 22:48:33,2024-03-16 02:48:33,2024-03-23 02:48:33
ORD0001389,CUST001440,delivered,2023-10-03 23:53:48,2023-10-05 04:53:48,2023-10-20 04:53:48
ORD0001390,CUST001149,delivered,24/01/2023 01:21,2023-01-24 15:21:02,2023-01-29 15:21:02
ORD0001391,CUST000320,delivered,2024-06-05 05:17:34,2024-06-05 18:17:34,2024-06-19 18:17:34
ORD0001392,CUST001716,canceled,2023-12-08 08:25:50,2023-12-09 01:25:50,
ORD0001393,CUST000723,delivered,2024-10-01 09:25:52,2024-10-01 19:25:52,2024-10-05 19:25:52
ORD0001394,CUST000038,delivered,07/10/2024 05:14,2024-10-07 14:14:26,2024-10-24 14:14:26
ORD0001395,CUST000871,invoiced,2023-11-10 00:10:21,2023-11-11 03:10:21,
ORD0001396,CUST000051,invoiced,2024-05-01 21:06:02,2024-05-03 11:06:02,
ORD0001397,CUST001205,shipped,2023-02-09 06:50:02,2023-02-10 11:50:02,
ORD0001398,CUST000040,delivered,2024-12-10 20:52:43,2024-12-11 13:52:43,2024-12-14 13:52:43
ORD0001399,CUST000139,delivered,2023-07-03 06:27:48,2023-07-04 17:27:48,2023-07-23 17:27:48
ORD0001400,CUST001175,delivered,27/06/2024 15:42,2024-06-29 13:42:47,2024-07-09 13:42:47
ORD0001401,CUST001606,delivered,2024-07-03 17:01:23,2024-07-03 22:01:23,2024-07-15 22:01:23
ORD0001402,CUST001654,delivered,2024-04-17 21:46:19,2024-04-19 06:46:19,2024-04-22 06:46:19
ORD0001403,CUST001604,delivered,2024-04-09 10:17:06,2024-04-10 18:17:06,2024-04-24 18:17:06
ORD0001404,CUST001327,invoiced,11/05/2024 05:36,2024-05-11 20:36:58,
ORD0001405,CUST001666,delivered,2023-12-07 23:52:35,2023-12-09 19:52:35,2023-12-14 19:52:35
ORD0001406,CUST000841,delivered,2024-08-05 11:16:30,2024-08-06 06:16:30,2024-08-11 06:16:30
ORD0001407,CUST000993,invoiced,2023-04-26 07:07:10,2023-04-26 21:07:10,
ORD0001408,CUST000508,delivered,2024-01-08 17:49:58,2024-01-10 06:49:58,2024-01-20 06:49:58
ORD0001409,CUST000431,delivered,2023-09-08 08:28:18,2023-09-09 12:28:18,2023-09-16 12:28:18
ORD0001410,CUST001218,invoiced,2024-06-04 04:42:00,2024-06-05 18:42:00,
ORD0001411,CUST001652,delivered,30/03/2023 11:57,2023-04-01 03:57:59,2023-04-17 03:57:59
ORD0001412,CUST000338,shipped,2024-12-08 15:35:29,2024-12-09 08:35:29,
ORD0001413,CUST000053,processing,2024-05-27 21:17:59,2024-05-28 06:17:59,
ORD0001414,CUST000216,delivered,2023-12-24 20:50:58,2023-12-26 07:50:58,2024-01-02 07:50:58
ORD0001415,CUST001291,delivered,2023-05-04 00:00:57,2023-05-05 19:00:57,2023-05-07 19:00:57
ORD0001416,CUST000481,delivered,2023-03-15 20:22:59,2023-03-17 07:22:59,2023-03-21 07:22:59
ORD0001417,CUST001050,shipped,2024-04-22 20:20:09,2024-04-24 09:20:09,
ORD0001418,CUST000918,canceled,2024-08-28 20:59:19,2024-08-30 10:59:19,
ORD0001419,CUST001971,canceled,06/03/2023 20:34,2023-03-08 01:34:03,
ORD0001420,CUST001203,processing,2024-01-27 04:42:27,2024-01-28 21:42:27,
ORD0001421,CUST001669,canceled,2024-01-30 17:51:39,2024-01-30 19:51:39,
ORD0001422,CUST000622,delivered,2024-02-29 13:42:03,2024-03-01 15:42:03,2024-03-11 15:42:03
ORD0001423,CUST001068,delivered,2023-04-04 09:29:23,2023-04-05 14:29:23,2023-04-18 14:29:23
ORD0001424,CUST001991,canceled,2024-03-19 13:50:41,2024-03-20 18:50:41,
ORD0001425,CUST000126,delivered,2023-01-09 23:00:35,2023-01-11 10:00:35,2023-01-18 10:00:35
ORD0001426,CUST000655,delivered,2023-02-06 08:49:53,2023-02-07 11:49:53,2023-02-24 11:49:53
ORD0001427,CUST000778,delivered,2024-10-16 11:03:53,2024-10-16 23:03:53,2024-10-24 23:03:53
ORD0001428,CUST001913,delivered,2023-11-10 04:44:34,2023-11-10 10:44:34,2023-11-14 10:44:34
ORD0001429,CUST000553,canceled,2024-06-07 18:37:02,2024-06-09 08:37:02,
ORD0001430,CUST000308,delivered,2023-11-25 22:08:13,2023-11-27 10:08:13,2023-12-15 10:08:13
ORD0001431,CUST001905,shipped,2024-03-25 09:48:39,2024-03-27 04:48:39,
ORD0001432,CUST001205,delivered,2023-02-08 20:32:26,2023-02-09 14:32:26,2023-02-12 14:32:26
ORD0001433,CUST001618,shipped,2023-07-20 21:36:44,2023-07-21 03:36:44,
ORD0001434,CUST001842,delivered,2023-11-28 18:38:48,2023-11-28 21:38:48,2023-12-15 21:38:48
ORD0001435,CUST001143,delivered,2024-01-14 15:47:06,2024-01-15 10:47:06,2024-02-03 10:47:06
ORD0001436,CUST001595,shipped,2023-10-02 23:49:55,2023-10-03 06:49:55,
ORD0001437,CUST000372,delivered,2024-10-29 04:47:45,2024-10-30 23:47:45,2024-11-13 23:47:45
ORD0001438,CUST001710,delivered,2024-04-14 17:17:51,2024-04-15 20:17:51,2024-04-26 20:17:51
ORD0001439,CUST001916,delivered,2023-07-13 03:15:49,2023-07-15 02:15:49,2023-07-25 02:15:49
ORD0001440,CUST000310,delivered,18/12/2023 21:38,2023-12-20 06:38:46,2023-12-31 06:38:46
ORD0001441,CUST000790,delivered,2024-03-11 14:41:15,2024-03-12 12:41:15,2024-03-17 12:41:15
ORD0001442,CUST001556,invoiced,2023-10-04 04:19:50,2023-10-05 18:19:50,
ORD0001443,CUST000256,delivered,02/08/2023 18:25,2023-08-04 05:25:15,2023-08-23 05:25:15
ORD0001444,CUST000544,invoiced,2024-09-05 02:26:29,2024-09-05 17:26:29,
ORD0001445,CUST001802,delivered,2024-01-25 18:23:37,2024-01-26 09:23:37,2024-01-29 09:23:37
ORD0001446,CUST000309,invoiced,2023-11-03 22:50:52,2023-11-05 05:50:52,
ORD0001447,CUST001179,shipped,12/12/2023 18:39,2023-12-14 09:39:02,
ORD0001448,CUST000614,delivered,09/10/2024 00:37,2024-10-09 05:37:47,2024-10-13 05:37:47
ORD0001449,CUST001835,invoiced,2023-03-29 17:28:11,2023-03-31 07:28:11,
ORD0001450,CUST001547,shipped,2023-10-05 20:53:22,2023-10-07 15:53:22,
ORD0001451,CUST000221,delivered,2023-05-07 19:06:33,2023-05-08 09:06:33,2023-05-23 09:06:33
ORD0001452,CUST000382,delivered,2023-11-13 14:49:13,2023-11-13 15:49:13,2023-11-25 15:49:13
ORD0001453,CUST001046,delivered,2023-07-17 16:27:26,2023-07-18 13:27:26,2023-08-06 13:27:26
ORD0001454,CUST001863,delivered,2024-10-06 17:25:02,2024-10-08 14:25:02,2024-10-10 14:25:02
ORD0001455,CUST001014,canceled,2023-08-05 06:03:45,2023-08-06 02:03:45,
ORD0001456,CUST001331,delivered,17/03/2023 14:56,2023-03-18 18:56:56,2023-03-30 18:56:56
ORD0001457,CUST001613,delivered,2023-08-13 14:11:13,2023-08-14 08:11:13,2023-08-16 08:11:13
ORD0001458,CUST001836,delivered,2023-02-19 01:45:10,2023-02-20 08:45:10,2023-03-09 08:45:10
ORD0001459,CUST000259,shipped,2024-08-22 22:34:37,2024-08-24 08:34:37,
ORD0001460,CUST001119,delivered,2024-03-21 05:52:01,2024-03-22 16:52:01,2024-03-25 16:52:01
ORD0001461,CUST000945,canceled,2023-01-03 05:09:24,2023-01-04 07:09:24,
ORD0001462,CUST000554,delivered,2023-07-30 21:06:02,2023-07-31 03:06:02,2023-08-16 03:06:02
ORD0001463,CUST001719,processing,2023-03-23 05:37:45,2023-03-23 20:37:45,
ORD0001464,CUST001939,delivered,2023-11-03 10:22:45,2023-11-05 03:22:45,2023-11-19 03:22:45
ORD0001465,CUST001431,delivered,2024-05-30 02:20:47,2024-05-31 13:20:47,2024-06-09 13:20:47
ORD0001466,CUST000638,delivered,2024-04-25 10:30:58,2024-04-26 22:30:58,2024-05-12 22:30:58
ORD0001467,CUST000670,delivered,2023-08-31 14:37:54,2023-09-02 11:37:54,2023-09-06 11:37:54
ORD0001468,CUST000226,delivered,2023-09-01 13:06:04,2023-09-03 08:06:04,2023-09-06 08:06:04
ORD0001469,CUST000119,delivered,2024-04-10 08:11:06,2024-04-12 04:11:06,2024-04-19 04:11:06
ORD0001470,CUST001427,shipped,2023-10-08 15:25:11,2023-10-09 07:25:11,
ORD0001471,CUST000232,canceled,04/02/2023 13:19,2023-02-05 12:19:28,
ORD0001472,CUST000465,delivered,2024-06-14 07:40:54,2024-06-16 06:40:54,2024-06-19 06:40:54
ORD0001473,CUST000424,delivered,2024-08-22 01:55:56,2024-08-23 13:55:56,2024-09-06 13:55:56
ORD0001474,CUST000204,delivered,2024-07-04 23:21:57,2024-07-06 17:21:57,2024-07-12 17:21:57
ORD0001475,CUST000776,delivered,2023-10-17 05:49:20,2023-10-18 20:49:20,2023-10-21 20:49:20
ORD0001476,CUST000616,delivered,2024-04-06 11:09:03,2024-04-08 05:09:03,2024-04-28 05:09:03
ORD0001477,CUST000096,delivered,2024-03-26 18:46:01,2024-03-27 11:46:01,2024-04-03 11:46:01
ORD0001478,CUST001608,delivered,2023-10-19 07:20:21,2023-10-21 03:20:21,2023-10-31 03:20:21
ORD0001479,CUST000883,processing,2024-04-21 10:25:37,2024-04-22 14:25:37,
ORD0001480,CUST000331,delivered,04/09/2024 23:20,2024-09-06 03:20:33,2024-09-16 03:20:33
ORD0001481,CUST000867,shipped,2023-08-30 08:39:08,2023-08-31 05:39:08,
ORD0001482,CUST001827,delivered,11/12/2023 03:54,2023-12-12 01:54:33,2023-12-31 01:54:33
ORD0001483,CUST000393,delivered,2023-08-28 15:15:20,2023-08-29 12:15:20,2023-09-07 12:15:20
ORD0001484,CUST000267,processing,2023-01-23 10:34:24,2023-01-24 14:34:24,
ORD0001485,CUST001793,shipped,2023-07-20 11:07:08,2023-07-21 13:07:08,
ORD0001486,CUST000689,delivered,2024-05-07 01:55:02,2024-05-07 13:55:02,2024-05-22 13:55:02
ORD0001487,CUST001236,delivered,2023-11-04 23:06:59,2023-11-06 16:06:59,2023-11-18 16:06:59
ORD0001488,CUST000328,delivered,2023-02-11 17:01:23,2023-02-11 18:01:23,2023-02-26 18:01:23
ORD0001489,CUST001972,delivered,2023-04-29 04:23:24,2023-04-29 23:23:24,2023-05-06 23:23:24
ORD0001490,CUST000636,delivered,2024-11-15 13:37:59,2024-11-16 20:37:59,2024-12-03 20:37:59
ORD0001491,CUST000799,shipped,21/04/2024 08:14,2024-04-21 13:14:23,
ORD0001492,CUST000189,delivered,2023-08-07 04:55:33,2023-08-09 02:55:33,2023-08-14 02:55:33
ORD0001493,CUST001092,invoiced,2024-01-26 23:19:10,2024-01-27 16:19:10,
ORD0001494,CUST000030,delivered,2023-02-16 13:53:45,2023-02-16 14:53:45,2023-03-07 14:53:45
ORD0001495,CUST002030,delivered,2023-11-04 15:29:03,2023-11-05 22:29:03,2023-11-22 22:29:03
ORD0001496,CUST001219,delivered,2023-03-03 11:07:48,2023-03-03 23:07:48,2023-03-23 23:07:48
ORD0001497,CUST000913,delivered,2024-12-23 21:58:31,2024-12-23 22:58:31,2025-01-02 22:58:31
ORD0001498,CUST001746,shipped,2024-09-07 13:47:55,2024-09-08 06:47:55,
ORD0001499,CUST001495,processing,2023-03-01 03:20:48,2023-03-01 13:20:48,
ORD0001500,CUST000468,delivered,2023-06-08 08:48:09,2023-06-09 18:48:09,2023-06-19 18:48:09
ORD0001501,CUST000880,canceled,2023-09-23 18:08:39,2023-09-24 09:08:39,
ORD0001502,CUST000944,delivered,2023-10-27 17:07:40,2023-10-29 04:07:40,2023-11-01 04:07:40
ORD0001503,CUST000754,invoiced,2024-05-08 15:39:36,2024-05-09 02:39:36,
ORD0001504,CUST000261,canceled,2023-05-16 19:02:17,2023-05-17 15:02:17,
ORD0001505,CUST000664,delivered,2024-08-06 10:58:59,2024-08-07 01:58:59,2024-08-25 01:58:59
ORD0001506,CUST000064,delivered,2024-08-07 10:09:08,2024-08-08 04:09:08,2024-08-11 04:09:08
ORD0001507,CUST000584,delivered,2023-08-26 06:59:24,2023-08-28 00:59:24,2023-09-10 00:59:24
ORD0001508,CUST000228,delivered,2023-04-24 02:57:48,2023-04-24 15:57:48,2023-04-28 15:57:48
ORD0001509,CUST000584,delivered,2024-12-26 23:13:39,2024-12-28 21:13:39,2025-01-13 21:13:39
ORD0001510,CUST001397,delivered,2024-07-26 00:57:47,2024-07-27 23:57:47,2024-08-13 23:57:47
ORD0001511,CUST000897,shipped,2023-03-07 22:01:53,2023-03-09 03:01:53,
ORD0001512,CUST001321,delivered,2023-06-10 05:20:12,2023-06-10 21:20:12,2023-06-21 21:20:12
ORD0001513,CUST000062,shipped,2024-01-16 00:56:14,2024-01-16 11:56:14,
ORD0001514,CUST001403,processing,2024-02-23 13:44:55,2024-02-24 14:44:55,
ORD0001515,CUST001341,delivered,2024-01-04 17:39:39,2024-01-05 16:39:39,2024-01-07 16:39:39
ORD0001516,CUST001605,processing,2023-02-22 06:01:57,2023-02-23 21:01:57,
ORD0001517,CUST001463,delivered,2023-02-02 09:23:30,2023-02-03 02:23:30,2023-02-15 02:23:30
ORD0001518,CUST001472,delivered,2024-04-17 22:21:37,2024-04-18 13:21:37,2024-04-30 13:21:37
ORD0001519,CUST001830,processing,2023-07-27 04:51:58,2023-07-28 20:51:58,
ORD0001520,CUST000024,processing,15/11/2024 08:49,2024-11-16 04:49:50,
ORD0001521,CUST001516,canceled,2024-06-27 17:01:57,2024-06-29 10:01:57,
ORD0001522,CUST000971,delivered,2024-11-08 18:11:59,2024-11-09 20:11:59,2024-11-25 20:11:59
ORD0001523,CUST002025,delivered,2023-02-22 00:14:27,2023-02-23 04:14:27,2023-03-08 04:14:27
ORD0001524,CUST000535,delivered,2024-12-13 02:11:59,2024-12-14 21:11:59,2024-12-27 21:11:59
ORD0001525,CUST001800,delivered,2024-02-18 00:17:44,2024-02-18 14:17:44,2024-03-08 14:17:44
ORD0001526,CUST000922,delivered,2024-04-13 04:23:55,2024-04-14 20:23:55,2024-04-22 20:23:55
ORD0001527,CUST000493,delivered,2023-01-13 02:14:17,2023-01-14 20:14:17,2023-01-26 20:14:17
ORD0001528,CUST001049,delivered,2024-02-21 19:31:28,2024-02-23 01:31:28,2024-03-12 01:31:28
ORD0001529,CUST001646,processing,2024-07-25 03:45:08,2024-07-26 04:45:08,
ORD0001530,CUST001590,delivered,2024-03-31 09:54:21,2024-04-01 19:54:21,2024-04-19 19:54:21
ORD0001531,CUST000124,canceled,2024-06-20 09:42:55,2024-06-22 00:42:55,
ORD0001532,CUST001439,invoiced,2024-01-09 18:58:47,2024-01-11 08:58:47,
ORD0001533,CUST000519,delivered,2023-08-02 00:13:11,2023-08-03 05:13:11,2023-08-09 05:13:11
ORD0001534,CUST001531,delivered,2023-03-11 13:10:42,2023-03-13 12:10:42,2023-04-01 12:10:42
ORD0001535,CUST000270,shipped,2023-05-16 22:47:14,2023-05-17 16:47:14,
ORD0001536,CUST001213,processing,2024-05-18 20:35:51,2024-05-19 11:35:51,
ORD0001537,CUST000309,delivered,2023-07-05 01:37:18,2023-07-06 14:37:18,2023-07-11 14:37:18
ORD0001538,CUST001023,invoiced,27/05/2024 06:32,2024-05-28 18:32:54,
ORD0001539,CUST000430,canceled,2023-05-03 00:51:40,2023-05-04 13:51:40,
ORD0001540,CUST001140,delivered,2024-02-04 18:24:14,2024-02-04 22:24:14,2024-02-24 22:24:14
ORD0001541,CUST000030,delivered,2023-04-05 01:57:47,2023-04-05 04:57:47,2023-04-10 04:57:47
ORD0001542,CUST001416,delivered,2023-01-02 15:22:54,2023-01-02 17:22:54,2023-01-06 17:22:54
ORD0001543,CUST001863,delivered,22/10/2023 16:34,2023-10-23 00:34:25,2023-10-26 00:34:25
ORD0001544,CUST001777,processing,2024-04-08 14:23:52,2024-04-10 09:23:52,
ORD0001545,CUST000791,processing,2024-01-09 11:37:38,2024-01-11 09:37:38,
ORD0001546,CUST000763,delivered,2024-09-27 05:27:13,2024-09-28 00:27:13,2024-10-06 00:27:13
ORD0001547,CUST001838,delivered,2023-02-17 22:23:30,2023-02-19 21:23:30,2023-02-28 21:23:30
ORD0001548,CUST001313,canceled,2024-05-19 18:33:36,2024-05-20 10:33:36,
ORD0001549,CUST000565,delivered,2024-08-09 12:24:14,2024-08-09 16:24:14,2024-08-26 16:24:14
ORD0001550,CUST001313,shipped,2024-10-27 00:59:45,2024-10-28 12:59:45,
ORD0001551,CUST001704,delivered,2023-11-14 10:07:27,2023-11-16 00:07:27,2023-11-28 00:07:27
ORD0001552,CUST000936,delivered,2023-01-03 20:02:21,2023-01-04 09:02:21,2023-01-06 09:02:21
ORD0001553,CUST001673,delivered,2023-05-22 15:47:56,2023-05-22 16:47:56,2023-06-04 16:47:56
ORD0001554,CUST000776,canceled,2024-07-30 11:30:29,2024-08-01 01:30:29,
ORD0001555,CUST000892,delivered,2023-01-16 04:20:53,2023-01-18 01:20:53,2023-01-21 01:20:53
ORD0001556,CUST000550,canceled,2023-10-30 20:53:51,2023-11-01 00:53:51,
ORD0001557,CUST000612,delivered,2024-05-17 18:38:12,2024-05-18 20:38:12,2024-05-31 20:38:12
ORD0001558,CUST002020,shipped,2024-06-30 20:59:45,2024-07-01 11:59:45,
ORD0001559,CUST000205,processing,2024-02-25 17:09:34,2024-02-26 14:09:34,
ORD0001560,CUST000550,processing,2024-12-12 17:12:59,2024-12-14 07:12:59,
ORD0001561,CUST000752,delivered,2024-02-11 01:33:47,2024-02-12 17:33:47,2024-02-14 17:33:47
ORD0001562,CUST001122,shipped,2023-11-30 21:51:06,2023-12-02 00:51:06,
ORD0001563,CUST001156,delivered,2023-10-21 12:57:05,2023-10-22 23:57:05,2023-11-11 23:57:05
ORD0001564,CUST001081,delivered,2024-04-16 10:03:20,2024-04-17 16:03:20,2024-04-19 16:03:20
ORD0001565,CUST000242,delivered,2024-03-07 09:47:38,2024-03-08 19:47:38,2024-03-28 19:47:38
ORD0001566,CUST000993,invoiced,2024-05-27 22:58:08,2024-05-29 16:58:08,
ORD0001567,CUST000878,delivered,2023-01-24 19:04:31,2023-01-25 19:04:31,2023-02-14 19:04:31
ORD0001568,CUST001836,delivered,2023-03-02 05:20:43,2023-03-03 18:20:43,2023-03-19 18:20:43
ORD0001569,CUST001931,delivered,2023-07-03 21:17:39,2023-07-04 06:17:39,2023-07-06 06:17:39
ORD0001570,CUST001739,delivered,2024-06-28 21:41:39,2024-06-29 20:41:39,2024-07-15 20:41:39
ORD0001571,CUST000030,delivered,2024-03-10 05:46:45,2024-03-10 17:46:45,2024-03-24 17:46:45
ORD0001572,CUST000754,delivered,2024-10-25 22:15:53,2024-10-25 23:15:53,2024-11-14 23:15:53
ORD0001573,CUST000739,canceled,2024-08-31 22:10:06,2024-09-02 04:10:06,
ORD0001574,CUST000935,delivered,2023-04-02 11:33:04,2023-04-03 17:33:04,2023-04-20 17:33:04
ORD0001575,CUST000607,delivered,2024-08-03 22:51:30,2024-08-04 07:51:30,2024-08-21 07:51:30
ORD0001576,CUST001378,delivered,2023-02-27 23:10:19,2023-02-28 06:10:19,2023-03-19 06:10:19
ORD0001577,CUST001246,delivered,2023-04-23 08:32:07,2023-04-24 02:32:07,2023-04-28 02:32:07
ORD0001578,CUST000362,delivered,2023-04-18 00:14:00,2023-04-19 04:14:00,2023-04-29 04:14:00
ORD0001579,CUST001203,delivered,06/01/2024 21:45,2024-01-07 19:45:57,2024-01-25 19:45:57
ORD0001580,CUST000545,delivered,2024-07-03 05:54:48,2024-07-03 22:54:48,2024-07-16 22:54:48
ORD0001581,CUST000763,delivered,2024-03-05 22:57:33,2024-03-06 21:57:33,2024-03-17 21:57:33
ORD0001582,CUST001596,processing,2023-09-05 17:51:13,2023-09-06 21:51:13,
ORD0001583,CUST001729,delivered,2024-03-24 22:17:17,2024-03-25 08:17:17,2024-03-31 08:17:17
ORD0001584,CUST000036,delivered,2023-01-01 01:08:04,2023-01-02 23:08:04,2023-01-22 23:08:04
ORD0001585,CUST001895,delivered,2024-05-05 23:32:18,2024-05-07 01:32:18,2024-05-16 01:32:18
ORD0001586,CUST000351,delivered,2023-08-02 16:24:11,2023-08-02 20:24:11,2023-08-18 20:24:11
ORD0001587,CUST001030,delivered,2024-10-20 08:45:02,2024-10-21 15:45:02,2024-10-28 15:45:02
ORD0001588,CUST000010,delivered,12/09/2023 20:11,2023-09-14 19:11:47,2023-09-24 19:11:47
ORD0001589,CUST000329,delivered,2024-05-21 09:13:20,2024-05-22 19:13:20,2024-05-29 19:13:20
ORD0001590,CUST000279,shipped,2023-07-06 16:49:49,2023-07-06 22:49:49,
ORD0001591,CUST000012,delivered,2024-12-26 10:17:00,2024-12-27 21:17:00,2025-01-09 21:17:00
ORD0001592,CUST000187,delivered,2023-09-30 23:10:20,2023-10-02 11:10:20,2023-10-05 11:10:20
ORD0001593,CUST001728,delivered,2023-01-01 19:07:13,2023-01-03 11:07:13,2023-01-10 11:07:13
ORD0001594,CUST000176,processing,2024-09-26 00:35:31,2024-09-27 19:35:31,
ORD0001595,CUST000465,delivered,2024-08-03 14:59:51,2024-08-03 17:59:51,2024-08-16 17:59:51
ORD0001596,CUST001681,processing,2023-12-09 05:10:21,2023-12-09 09:10:21,
ORD0001597,CUST001658,delivered,2023-01-26 11:57:32,2023-01-27 17:57:32,2023-01-31 17:57:32
ORD0001598,CUST000525,delivered,2023-01-12 10:08:12,2023-01-12 11:08:12,2023-01-29 11:08:12
ORD0001599,CUST001796,processing,2024-05-22 16:50:27,2024-05-22 22:50:27,
ORD0001600,CUST000670,shipped,2024-03-12 08:14:00,2024-03-14 06:14:00,
ORD0001601,CUST001068,delivered,2024-05-16 15:41:52,2024-05-17 01:41:52,2024-06-06 01:41:52
ORD0001602,CUST000705,delivered,2024-03-21 03:03:59,2024-03-21 17:03:59,2024-04-05 17:03:59
ORD0001603,CUST001712,delivered,2024-01-02 18:46:12,2024-01-03 02:46:12,2024-01-18 02:46:12
ORD0001604,CUST001054,invoiced,2024-09-07 23:10:45,2024-09-09 22:10:45,
ORD0001605,CUST001660,invoiced,2023-06-07 00:59:37,2023-06-07 20:59:37,
ORD0001606,CUST000072,delivered,2024-08-21 11:23:27,2024-08-23 10:23:27,2024-08-27 10:23:27
ORD0001607,CUST000454,delivered,2023-10-01 05:56:03,2023-10-02 17:56:03,2023-10-16 17:56:03
ORD0001608,CUST001988,delivered,2024-11-24 03:34:35,2024-11-24 22:34:35,2024-12-02 22:34:35
ORD0001609,CUST000524,shipped,2023-10-07 13:49:29,2023-10-08 18:49:29,
ORD0001610,CUST001784,canceled,2023-07-07 22:23:51,2023-07-08 20:23:51,
ORD0001611,CUST002005,delivered,2023-02-16 23:20:41,2023-02-18 01:20:41,2023-02-28 01:20:41
ORD0001612,CUST001204,delivered,2023-11-30 10:06:55,2023-12-01 15:06:55,2023-12-09 15:06:55
ORD0001613,CUST001906,invoiced,2023-07-15 05:53:37,2023-07-16 01:53:37,
ORD0001614,CUST001638,delivered,2023-08-24 20:15:17,2023-08-25 08:15:17,2023-09-06 08:15:17
ORD0001615,CUST001984,canceled,2024-09-11 15:57:03,2024-09-13 08:57:03,
ORD0001616,CUST000677,delivered,2023-04-18 02:38:15,2023-04-19 13:38:15,2023-04-22 13:38:15
ORD0001617,CUST000805,delivered,2023-12-12 02:58:36,2023-12-12 20:58:36,2023-12-15 20:58:36
ORD0001618,CUST001967,delivered,2023-10-01 17:56:35,2023-10-01 23:56:35,2023-10-14 23:56:35
ORD0001619,CUST001216,delivered,22/05/2023 23:07,2023-05-24 22:07:18,2023-05-26 22:07:18
ORD0001620,CUST000219,canceled,01/12/2024 20:20,2024-12-02 17:20:23,
ORD0001621,CUST001364,delivered,2023-08-29 09:00:01,2023-08-31 08:00:01,2023-09-02 08:00:01
ORD0001622,CUST000205,delivered,2023-07-01 10:04:44,2023-07-01 17:04:44,2023-07-05 17:04:44
ORD0001623,CUST000291,delivered,2023-10-29 06:59:04,2023-10-29 13:59:04,2023-10-31 13:59:04
ORD0001624,CUST000110,delivered,2023-12-12 18:51:13,2023-12-14 14:51:13,2023-12-28 14:51:13
ORD0001625,CUST001468,delivered,2024-05-07 07:44:38,2024-05-07 09:44:38,2024-05-21 09:44:38
ORD0001626,CUST001430,canceled,2023-09-02 18:23:37,2023-09-03 12:23:37,
ORD0001627,CUST000373,delivered,2023-01-01 12:07:02,2023-01-01 18:07:02,2023-01-07 18:07:02
ORD0001628,CUST001785,delivered,2024-09-08 15:06:44,2024-09-10 04:06:44,2024-09-23 04:06:44
ORD0001629,CUST000161,delivered,2024-10-29 22:17:12,2024-10-31 01:17:12,2024-11-03 01:17:12
ORD0001630,CUST001856,delivered,2024-11-01 04:11:55,2024-11-03 03:11:55,2024-11-10 03:11:55
ORD0001631,CUST001405,invoiced,2024-05-23 12:03:06,2024-05-25 08:03:06,
ORD0001632,CUST000065,delivered,2024-11-22 17:55:37,2024-11-24 09:55:37,2024-12-06 09:55:37
ORD0001633,CUST001566,delivered,2024-10-10 08:56:01,2024-10-11 16:56:01,2024-10-16 16:56:01
ORD0001634,CUST000101,delivered,2023-04-11 07:15:12,2023-04-12 13:15:12,2023-05-01 13:15:12
ORD0001635,CUST000749,shipped,2024-04-03 04:17:39,2024-04-05 00:17:39,
ORD0001636,CUST000098,canceled,01/06/2024 15:06,2024-06-01 20:06:03,
ORD0001637,CUST001986,delivered,2024-06-10 06:13:53,2024-06-11 22:13:53,2024-06-19 22:13:53
ORD0001638,CUST001837,shipped,2023-06-07 21:06:18,2023-06-09 18:06:18,
ORD0001639,CUST001798,delivered,2023-09-28 11:06:04,2023-09-28 20:06:04,2023-10-01 20:06:04
ORD0001640,CUST000131,delivered,20/04/2024 00:34,2024-04-21 21:34:40,2024-05-02 21:34:40
ORD0001641,CUST002028,delivered,2024-04-21 11:10:52,2024-04-21 18:10:52,2024-04-30 18:10:52
ORD0001642,CUST001965,canceled,2024-04-23 22:14:49,2024-04-24 10:14:49,
ORD0001643,CUST001404,delivered,2024-08-05 13:48:37,2024-08-06 05:48:37,2024-08-19 05:48:37
ORD0001644,CUST000068,delivered,08/10/2023 15:58,2023-10-09 16:58:38,2023-10-13 16:58:38
ORD0001645,CUST000026,invoiced,2024-03-18 06:16:56,2024-03-19 19:16:56,
ORD0001646,CUST000150,delivered,2023-11-29 19:19:07,2023-12-01 07:19:07,2023-12-04 07:19:07
ORD0001647,CUST000090,shipped,2024-01-06 21:15:26,2024-01-07 14:15:26,
ORD0001648,CUST000546,canceled,2024-01-08 00:52:16,2024-01-09 09:52:16,
ORD0001649,CUST001167,delivered,2024-11-22 02:23:33,2024-11-22 16:23:33,2024-11-30 16:23:33
ORD0001650,CUST000042,delivered,26/06/2024 20:14,2024-06-27 20:14:25,2024-07-06 20:14:25
ORD0001651,CUST000671,delivered,20/10/2023 19:21,2023-10-21 06:21:34,2023-11-02 06:21:34
ORD0001652,CUST001010,delivered,2023-09-28 06:03:00,2023-09-28 07:03:00,2023-10-02 07:03:00
ORD0001653,CUST000376,delivered,2023-07-18 03:28:51,2023-07-18 12:28:51,2023-08-01 12:28:51
ORD0001654,CUST000125,delivered,2023-07-17 21:16:43,2023-07-18 09:16:43,2023-08-07 09:16:43
ORD0001655,CUST000448,delivered,2024-03-20 19:34:09,2024-03-22 16:34:09,2024-03-28 16:34:09
ORD0001656,CUST000031,delivered,2024-10-26 21:12:37,2024-10-27 04:12:37,2024-10-31 04:12:37
ORD0001657,CUST001718,delivered,2023-01-31 22:33:22,2023-02-02 16:33:22,2023-02-17 16:33:22
ORD0001658,CUST001138,delivered,2023-01-05 08:44:17,2023-01-07 01:44:17,2023-01-26 01:44:17
ORD0001659,CUST001815,delivered,2023-07-08 17:23:44,2023-07-08 18:23:44,2023-07-14 18:23:44
ORD0001660,CUST001627,delivered,2023-11-01 22:15:37,2023-11-03 03:15:37,2023-11-12 03:15:37
ORD0001661,CUST000685,canceled,2023-08-07 17:12:57,2023-08-09 13:12:57,
ORD0001662,CUST001544,canceled,2023-12-21 14:29:43,2023-12-22 12:29:43,
ORD0001663,CUST000662,delivered,2024-09-05 13:49:01,2024-09-07 00:49:01,2024-09-23 00:49:01
ORD0001664,CUST001215,processing,2023-03-10 03:20:48,2023-03-10 14:20:48,
ORD0001665,CUST000809,shipped,31/08/2023 02:13,2023-08-31 13:13:37,
ORD0001666,CUST001374,invoiced,2023-07-06 14:56:45,2023-07-07 17:56:45,
ORD0001667,CUST000937,delivered,2023-01-07 13:55:05,2023-01-09 10:55:05,2023-01-15 10:55:05
ORD0001668,CUST002013,delivered,2023-03-02 09:08:07,2023-03-03 02:08:07,2023-03-19 02:08:07
ORD0001669,CUST001858,delivered,2024-04-07 19:13:13,2024-04-08 04:13:13,2024-04-10 04:13:13
ORD0001670,CUST001461,delivered,2023-09-25 09:19:37,2023-09-25 20:19:37,2023-10-04 20:19:37
ORD0001671,CUST000202,delivered,2023-05-27 20:03:23,2023-05-29 00:03:23,2023-06-05 00:03:23
ORD0001672,CUST000722,delivered,2024-05-27 20:00:45,2024-05-28 07:00:45,2024-06-01 07:00:45
ORD0001673,CUST001863,delivered,2023-04-07 16:42:59,2023-04-09 02:42:59,2023-04-29 02:42:59
ORD0001674,CUST000888,delivered,2023-10-12 07:31:07,2023-10-13 20:31:07,2023-10-18 20:31:07
ORD0001675,CUST000760,delivered,2023-12-06 01:31:04,2023-12-06 15:31:04,2023-12-25 15:31:04
ORD0001676,CUST001165,delivered,2024-07-21 06:20:18,2024-07-22 20:20:18,2024-08-03 20:20:18
ORD0001677,CUST000781,delivered,2024-01-01 09:44:01,2024-01-01 20:44:01,2024-01-06 20:44:01
ORD0001678,CUST000980,delivered,2023-02-09 02:28:43,2023-02-10 00:28:43,2023-02-19 00:28:43
ORD0001679,CUST000137,processing,2024-04-14 01:01:30,2024-04-14 15:01:30,
ORD0001680,CUST000982,delivered,2023-05-01 01:27:12,2023-05-02 10:27:12,2023-05-22 10:27:12
ORD0001681,CUST001969,processing,2023-08-03 11:04:53,2023-08-04 09:04:53,
ORD0001682,CUST002038,processing,2024-05-25 14:00:50,2024-05-25 21:00:50,
ORD0001683,CUST000002,delivered,08/08/2024 15:26,2024-08-09 22:26:37,2024-08-16 22:26:37
ORD0001684,CUST000261,delivered,2024-04-22 17:12:43,2024-04-23 12:12:43,2024-05-12 12:12:43
ORD0001685,CUST001356,processing,2023-06-27 14:07:47,2023-06-27 23:07:47,
ORD0001686,CUST000997,delivered,2023-03-10 21:07:29,2023-03-11 15:07:29,2023-03-21 15:07:29
ORD0001687,CUST001531,delivered,2024-07-21 21:28:47,2024-07-22 06:28:47,2024-08-09 06:28:47
ORD0001688,CUST001435,delivered,07/10/2023 13:03,2023-10-09 02:03:03,2023-10-17 02:03:03
ORD0001689,CUST000261,delivered,02/05/2024 05:46,2024-05-04 05:46:16,2024-05-06 05:46:16
ORD0001690,CUST000448,delivered,2023-02-09 09:15:34,2023-02-10 03:15:34,2023-02-16 03:15:34
ORD0001691,CUST001741,delivered,2023-12-07 21:48:49,2023-12-09 05:48:49,2023-12-22 05:48:49
ORD0001692,CUST001470,delivered,2023-03-22 04:26:51,2023-03-22 20:26:51,2023-04-04 20:26:51
ORD0001693,CUST001030,canceled,2024-08-12 18:27:12,2024-08-13 03:27:12,
ORD0001694,CUST000810,delivered,2023-02-06 12:47:34,2023-02-07 15:47:34,2023-02-17 15:47:34
ORD0001695,CUST001464,delivered,2024-10-02 16:50:56,2024-10-02 20:50:56,2024-10-15 20:50:56
ORD0001696,CUST000941,delivered,2024-10-05 06:20:04,2024-10-06 11:20:04,2024-10-22 11:20:04
ORD0001697,CUST001100,canceled,2023-03-16 12:42:30,2023-03-18 04:42:30,
ORD0001698,CUST001334,shipped,2024-06-15 02:42:48,2024-06-15 04:42:48,
ORD0001699,CUST000961,delivered,2023-11-19 21:24:24,2023-11-21 17:24:24,2023-11-25 17:24:24
ORD0001700,CUST001192,processing,2023-02-01 17:59:44,2023-02-02 04:59:44,
ORD0001701,CUST000507,delivered,2023-04-03 16:30:10,2023-04-03 18:30:10,2023-04-13 18:30:10
ORD0001702,CUST000136,shipped,2024-09-29 19:52:00,2024-09-30 13:52:00,
ORD0001703,CUST001641,delivered,2023-04-28 03:46:56,2023-04-29 16:46:56,2023-05-03 16:46:56
ORD0001704,CUST000028,canceled,2023-11-23 01:37:51,2023-11-24 09:37:51,
ORD0001705,CUST001723,delivered,2024-03-08 18:35:19,2024-03-09 18:35:19,2024-03-24 18:35:19
ORD0001706,CUST000478,delivered,2024-08-07 23:36:05,2024-08-08 02:36:05,2024-08-22 02:36:05
ORD0001707,CUST001048,canceled,2023-03-07 07:58:25,2023-03-08 20:58:25,
ORD0001708,CUST000587,delivered,2023-02-16 22:46:05,2023-02-17 18:46:05,2023-03-09 18:46:05
ORD0001709,CUST000074,shipped,2023-08-22 09:47:01,2023-08-24 03:47:01,
ORD0001710,CUST001238,delivered,2023-06-02 12:10:35,2023-06-04 08:10:35,2023-06-15 08:10:35
ORD0001711,CUST000704,shipped,16/03/2024 19:57,2024-03-17 22:57:09,
ORD0001712,CUST000388,delivered,2023-10-20 18:27:44,2023-10-21 05:27:44,2023-11-06 05:27:44
ORD0001713,CUST000181,delivered,2023-04-15 14:47:48,2023-04-16 18:47:48,2023-04-21 18:47:48
ORD0001714,CUST001883,delivered,2023-06-18 02:46:26,2023-06-19 05:46:26,2023-06-25 05:46:26
ORD0001715,CUST000545,delivered,2024-05-23 09:37:20,2024-05-24 21:37:20,2024-06-05 21:37:20
ORD0001716,CUST001093,delivered,2024-02-04 18:27:45,2024-02-06 03:27:45,2024-02-09 03:27:45
ORD0001717,CUST001265,canceled,2024-04-06 11:10:20,2024-04-08 07:10:20,
ORD0001718,CUST001483,delivered,2023-11-13 13:32:30,2023-11-13 23:32:30,2023-11-22 23:32:30
ORD0001719,CUST001230,processing,2023-03-07 17:43:04,2023-03-09 12:43:04,
ORD0001720,CUST000693,delivered,2023-06-21 08:20:26,2023-06-21 21:20:26,2023-07-10 21:20:26
ORD0001721,CUST001939,canceled,2024-07-13 08:51:23,2024-07-14 03:51:23,
ORD0001722,CUST001365,invoiced,21/11/2024 11:28,2024-11-22 11:28:45,
ORD0001723,CUST001944,delivered,2023-06-24 16:40:45,2023-06-25 08:40:45,2023-07-05 08:40:45
ORD0001724,CUST000493,processing,20/09/2024 07:18,2024-09-22 04:18:08,
ORD0001725,CUST001083,shipped,2023-10-12 03:49:58,2023-10-13 22:49:58,
ORD0001726,CUST001768,delivered,2024-07-12 06:48:22,2024-07-13 00:48:22,2024-07-26 00:48:22
ORD0001727,CUST001154,shipped,2024-12-12 14:02:33,2024-12-14 11:02:33,
ORD0001728,CUST001201,delivered,2024-09-10 07:44:47,2024-09-11 13:44:47,2024-09-25 13:44:47
ORD0001729,CUST001581,shipped,2023-07-28 08:33:50,2023-07-30 07:33:50,
ORD0001730,CUST000738,canceled,2023-09-18 14:14:22,2023-09-19 03:14:22,
ORD0001731,CUST000804,delivered,2024-03-14 07:38:37,2024-03-15 14:38:37,2024-03-25 14:38:37
ORD0001732,CUST000782,shipped,2024-08-26 10:51:08,2024-08-27 19:51:08,
ORD0001733,CUST000161,delivered,2023-06-12 00:59:27,2023-06-12 18:59:27,2023-06-18 18:59:27
ORD0001734,CUST001172,delivered,2023-01-18 04:27:31,2023-01-19 15:27:31,2023-01-21 15:27:31
ORD0001735,CUST001040,processing,2024-04-25 06:25:13,2024-04-26 02:25:13,
ORD0001736,CUST000661,delivered,2024-08-13 15:12:56,2024-08-14 17:12:56,2024-08-20 17:12:56
ORD0001737,CUST001729,delivered,2023-10-24 03:42:07,2023-10-25 05:42:07,2023-11-05 05:42:07
ORD0001738,CUST000928,delivered,2024-12-17 15:13:05,2024-12-18 07:13:05,2024-12-20 07:13:05
ORD0001739,CUST002021,delivered,2023-07-06 02:25:04,2023-07-07 02:25:04,2023-07-27 02:25:04
ORD0001740,CUST001367,delivered,2023-04-06 04:18:27,2023-04-06 23:18:27,2023-04-09 23:18:27
ORD0001741,CUST001623,delivered,2024-03-29 05:37:25,2024-03-29 18:37:25,2024-04-07 18:37:25
ORD0001742,CUST000616,canceled,2024-09-26 06:07:03,2024-09-26 14:07:03,
ORD0001743,CUST001658,canceled,15/06/2023 19:45,2023-06-17 17:45:36,
ORD0001744,CUST000462,delivered,2023-06-20 21:17:49,2023-06-22 16:17:49,2023-07-08 16:17:49
ORD0001745,CUST000061,canceled,2024-12-02 21:34:20,2024-12-02 23:34:20,
ORD0001746,CUST001683,delivered,2023-04-05 17:54:28,2023-04-07 01:54:28,2023-04-25 01:54:28
ORD0001747,CUST000754,delivered,2024-12-24 20:16:12,2024-12-25 04:16:12,2024-12-29 04:16:12
ORD0001748,CUST000651,delivered,2024-12-12 14:16:41,2024-12-14 02:16:41,2024-12-24 02:16:41
ORD0001749,CUST000886,delivered,2024-05-26 00:55:07,2024-05-26 18:55:07,2024-06-02 18:55:07
ORD0001750,CUST001728,delivered,2023-12-24 19:13:31,2023-12-25 12:13:31,2024-01-04 12:13:31
ORD0001751,CUST000230,canceled,2024-01-22 20:25:26,2024-01-23 00:25:26,
ORD0001752,CUST001416,delivered,2023-05-08 01:44:13,2023-05-09 19:44:13,2023-05-11 19:44:13
ORD0001753,CUST001680,shipped,2024-11-10 20:59:59,2024-11-12 20:59:59,
ORD0001754,CUST000270,canceled,2023-12-26 11:12:01,2023-12-27 16:12:01,
ORD0001755,CUST000399,delivered,2023-09-09 14:11:27,2023-09-10 17:11:27,2023-09-18 17:11:27
ORD0001756,CUST001894,delivered,2024-12-08 14:46:09,2024-12-08 18:46:09,2024-12-11 18:46:09
ORD0001757,CUST001666,shipped,2024-09-25 06:07:39,2024-09-25 16:07:39,
ORD0001758,CUST001329,delivered,2023-01-20 02:19:39,2023-01-21 02:19:39,2023-02-02 02:19:39
ORD0001759,CUST001885,invoiced,2023-01-29 05:55:17,2023-01-29 07:55:17,
ORD0001760,CUST000262,processing,19/05/2023 09:32,2023-05-21 08:32:31,
ORD0001761,CUST000245,delivered,2023-12-26 17:05:01,2023-12-28 12:05:01,2024-01-05 12:05:01
ORD0001762,CUST001575,delivered,2023-06-26 02:09:54,2023-06-27 15:09:54,2023-07-02 15:09:54
ORD0001763,CUST001421,shipped,2024-02-15 22:53:20,2024-02-17 15:53:20,
ORD0001764,CUST000406,invoiced,2024-12-06 14:25:14,2024-12-06 17:25:14,
ORD0001765,CUST001061,delivered,2023-09-26 15:21:27,2023-09-27 14:21:27,2023-10-03 14:21:27
ORD0001766,CUST001178,delivered,2024-07-13 21:32:25,2024-07-13 23:32:25,2024-07-20 23:32:25
ORD0001767,CUST000704,processing,2024-09-01 00:33:12,2024-09-01 16:33:12,
ORD0001768,CUST001862,delivered,2024-04-22 23:19:58,2024-04-23 22:19:58,2024-05-01 22:19:58
ORD0001769,CUST000464,delivered,2024-05-12 01:17:00,2024-05-13 22:17:00,2024-05-29 22:17:00
ORD0001770,CUST000002,delivered,2024-02-10 14:44:45,2024-02-12 05:44:45,2024-02-19 05:44:45
ORD0001771,CUST001696,processing,2024-06-20 20:42:48,2024-06-22 17:42:48,
ORD0001772,CUST000461,processing,2024-08-30 06:54:09,2024-08-31 05:54:09,
ORD0001773,CUST001990,delivered,09/03/2023 15:48,2023-03-11 00:48:12,2023-03-24 00:48:12
ORD0001774,CUST001999,delivered,2024-12-05 19:07:29,2024-12-05 23:07:29,2024-12-24 23:07:29
ORD0001775,CUST001613,delivered,2023-10-30 05:09:45,2023-10-31 20:09:45,2023-11-17 20:09:45
ORD0001776,CUST001699,shipped,2024-09-18 18:11:12,2024-09-19 05:11:12,
ORD0001777,CUST000255,delivered,2023-03-18 15:20:51,2023-03-18 16:20:51,2023-04-04 16:20:51
ORD0001778,CUST001828,delivered,2024-05-15 20:03:28,2024-05-17 08:03:28,2024-05-26 08:03:28
ORD0001779,CUST001973,delivered,2024-05-05 23:34:15,2024-05-06 11:34:15,2024-05-10 11:34:15
ORD0001780,CUST001890,delivered,2024-10-15 20:33:35,2024-10-17 13:33:35,2024-11-01 13:33:35
ORD0001781,CUST000979,delivered,2024-10-29 14:47:14,2024-10-30 07:47:14,2024-11-13 07:47:14
ORD0001782,CUST000429,delivered,2023-07-24 00:15:19,2023-07-24 09:15:19,2023-07-30 09:15:19
ORD0001783,CUST000290,invoiced,2024-06-20 14:24:30,2024-06-21 00:24:30,
ORD0001784,CUST001299,canceled,2024-01-30 20:29:06,2024-01-30 22:29:06,
ORD0001785,CUST001147,delivered,2023-07-17 02:21:37,2023-07-17 12:21:37,2023-07-30 12:21:37
ORD0001786,CUST001469,processing,2024-03-15 16:22:31,2024-03-16 02:22:31,
ORD0001787,CUST000365,invoiced,2024-05-05 08:56:33,2024-05-05 20:56:33,
ORD0001788,CUST001681,delivered,2023-02-14 09:32:16,2023-02-15 10:32:16,2023-02-22 10:32:16
ORD0001789,CUST000761,invoiced,2023-09-20 04:05:12,2023-09-20 18:05:12,
ORD0001790,CUST001618,canceled,2023-07-08 03:44:23,2023-07-09 20:44:23,
ORD0001791,CUST001751,processing,2023-07-10 00:27:33,2023-07-10 05:27:33,
ORD0001792,CUST000564,delivered,2023-07-30 22:10:16,2023-08-01 00:10:16,2023-08-18 00:10:16
ORD0001793,CUST000469,delivered,2024-01-13 03:37:18,2024-01-14 22:37:18,2024-01-26 22:37:18
ORD0001794,CUST001337,canceled,2024-08-22 18:17:45,2024-08-23 02:17:45,
ORD0001795,CUST000450,delivered,2024-11-21 02:26:31,2024-11-22 21:26:31,2024-11-26 21:26:31
ORD0001796,CUST001606,delivered,2024-05-28 11:46:06,2024-05-28 15:46:06,2024-06-15 15:46:06
ORD0001797,CUST001345,delivered,2024-03-19 10:32:39,2024-03-21 09:32:39,2024-04-07 09:32:39
ORD0001798,CUST000092,delivered,2024-07-21 09:27:42,2024-07-22 03:27:42,2024-08-08 03:27:42
ORD0001799,CUST000754,delivered,2023-02-26 11:37:35,2023-02-26 23:37:35,2023-03-02 23:37:35
ORD0001800,CUST000158,invoiced,2023-07-27 21:41:44,2023-07-28 02:41:44,
ORD0001801,CUST000877,canceled,2023-09-23 19:27:36,2023-09-24 17:27:36,
ORD0001802,CUST001476,delivered,2024-06-04 19:29:49,2024-06-05 01:29:49,2024-06-25 01:29:49
ORD0001803,CUST000923,invoiced,2024-04-03 23:49:10,2024-04-04 20:49:10,
ORD0001804,CUST001645,delivered,24/05/2023 14:05,2023-05-24 18:05:30,2023-06-10 18:05:30
ORD0001805,CUST001999,delivered,2023-07-16 23:50:13,2023-07-17 10:50:13,2023-08-01 10:50:13
ORD0001806,CUST000196,delivered,2024-04-28 16:53:21,2024-04-30 10:53:21,2024-05-17 10:53:21
ORD0001807,CUST001926,delivered,2023-04-27 06:04:20,2023-04-28 02:04:20,2023-05-02 02:04:20
ORD0001808,CUST000947,delivered,2024-07-10 11:38:32,2024-07-11 15:38:32,2024-07-25 15:38:32
ORD0001809,CUST001955,delivered,2023-11-12 08:04:47,2023-11-12 11:04:47,2023-12-02 11:04:47
ORD0001810,CUST001829,delivered,2023-05-09 03:19:56,2023-05-10 07:19:56,2023-05-27 07:19:56
ORD0001811,CUST000896,delivered,2024-04-12 13:00:51,2024-04-13 01:00:51,2024-04-19 01:00:51
ORD0001812,CUST001424,delivered,2023-01-22 23:53:33,2023-01-24 05:53:33,2023-02-05 05:53:33
ORD0001813,CUST000860,delivered,2024-04-27 20:09:42,2024-04-29 03:09:42,2024-05-18 03:09:42
ORD0001814,CUST001926,processing,2024-12-27 23:44:02,2024-12-28 13:44:02,
ORD0001815,CUST000415,delivered,2024-12-12 08:33:12,2024-12-14 05:33:12,2024-12-25 05:33:12
ORD0001816,CUST000632,delivered,2024-08-21 01:09:28,2024-08-22 02:09:28,2024-09-03 02:09:28
ORD0001817,CUST001608,invoiced,2024-06-06 01:06:12,2024-06-08 00:06:12,
ORD0001818,CUST000093,delivered,2023-07-01 02:41:40,2023-07-01 10:41:40,2023-07-07 10:41:40
ORD0001819,CUST000995,delivered,2023-10-01 09:14:57,2023-10-01 11:14:57,2023-10-14 11:14:57
ORD0001820,CUST001637,delivered,2023-08-08 15:33:20,2023-08-10 04:33:20,2023-08-26 04:33:20
ORD0001821,CUST000287,delivered,2024-07-06 05:22:30,2024-07-06 09:22:30,2024-07-08 09:22:30
ORD0001822,CUST001115,delivered,2023-11-04 07:19:27,2023-11-05 03:19:27,2023-11-16 03:19:27
ORD0001823,CUST000917,delivered,2023-11-08 09:34:22,2023-11-09 05:34:22,2023-11-29 05:34:22
ORD0001824,CUST000859,canceled,2024-11-18 06:07:09,2024-11-18 12:07:09,
ORD0001825,CUST000526,delivered,2023-09-27 22:57:51,2023-09-29 02:57:51,2023-10-02 02:57:51
ORD0001826,CUST000644,delivered,2023-11-12 21:33:00,2023-11-13 13:33:00,2023-11-26 13:33:00
ORD0001827,CUST001996,delivered,2023-01-30 05:34:05,2023-01-31 19:34:05,2023-02-14 19:34:05
ORD0001828,CUST000161,delivered,2023-05-25 20:04:48,2023-05-27 02:04:48,2023-06-12 02:04:48
ORD0001829,CUST001165,delivered,2024-05-19 22:15:18,2024-05-20 21:15:18,2024-05-26 21:15:18
ORD0001830,CUST001215,delivered,2023-06-09 22:02:33,2023-06-10 02:02:33,2023-06-23 02:02:33
ORD0001831,CUST000330,delivered,2023-10-13 20:08:41,2023-10-14 19:08:41,2023-10-19 19:08:41
ORD0001832,CUST000613,delivered,2024-06-07 20:07:17,2024-06-08 10:07:17,2024-06-23 10:07:17
ORD0001833,CUST001876,delivered,2023-09-01 21:38:13,2023-09-03 13:38:13,2023-09-14 13:38:13
ORD0001834,CUST001563,processing,2024-10-14 19:58:52,2024-10-16 08:58:52,
ORD0001835,CUST001346,delivered,2024-12-17 14:34:15,2024-12-18 09:34:15,2025-01-02 09:34:15
ORD0001836,CUST001526,delivered,2023-09-14 15:14:37,2023-09-15 08:14:37,2023-09-26 08:14:37
ORD0001837,CUST001621,shipped,2024-09-02 03:59:07,2024-09-02 08:59:07,
ORD0001838,CUST000500,delivered,2023-11-04 05:03:47,2023-11-05 18:03:47,2023-11-25 18:03:47
ORD0001839,CUST001184,delivered,2024-07-02 02:57:46,2024-07-02 19:57:46,2024-07-12 19:57:46
ORD0001840,CUST000540,delivered,15/11/2024 05:29,2024-11-15 23:29:34,2024-11-30 23:29:34
ORD0001841,CUST001432,shipped,2024-10-11 22:33:06,2024-10-13 17:33:06,
ORD0001842,CUST001025,delivered,2023-02-07 02:01:01,2023-02-08 16:01:01,2023-02-20 16:01:01
ORD0001843,CUST002024,delivered,2024-01-06 12:26:49,2024-01-08 11:26:49,2024-01-16 11:26:49
ORD0001844,CUST001193,processing,2024-05-14 01:54:41,2024-05-15 11:54:41,
ORD0001845,CUST001981,delivered,13/07/2023 13:00,2023-07-14 00:00:00,2023-07-19 00:00:00
ORD0001846,CUST000264,canceled,19/03/2024 12:20,2024-03-20 17:20:27,
ORD0001847,CUST000980,delivered,2024-10-30 07:24:53,2024-10-31 14:24:53,2024-11-03 14:24:53
ORD0001848,CUST000394,canceled,2024-02-07 18:53:05,2024-02-08 17:53:05,
ORD0001849,CUST000689,shipped,2023-11-17 15:07:21,2023-11-18 15:07:21,
ORD0001850,CUST000500,delivered,29/10/2024 07:35,2024-10-29 16:35:44,2024-11-01 16:35:44
ORD0001851,CUST000781,delivered,2024-03-16 03:46:26,2024-03-17 07:46:26,2024-03-28 07:46:26
ORD0001852,CUST000111,delivered,2024-04-19 12:43:03,2024-04-20 03:43:03,2024-05-10 03:43:03
ORD0001853,CUST000279,delivered,2024-07-26 16:12:24,2024-07-27 15:12:24,2024-08-01 15:12:24
ORD0001854,CUST001758,delivered,2024-11-01 21:55:21,2024-11-03 03:55:21,2024-11-15 03:55:21
ORD0001855,CUST000389,delivered,2024-07-03 03:02:23,2024-07-04 18:02:23,2024-07-18 18:02:23
ORD0001856,CUST001137,delivered,2024-06-10 06:16:34,2024-06-11 13:16:34,2024-06-13 13:16:34
ORD0001857,CUST001248,invoiced,2023-03-03 06:27:14,2023-03-04 19:27:14,
ORD0001858,CUST000611,delivered,2024-07-02 05:22:08,2024-07-03 05:22:08,2024-07-22 05:22:08
ORD0001859,CUST000173,delivered,05/11/2023 00:12,2023-11-06 01:12:17,2023-11-15 01:12:17
ORD0001860,CUST000098,canceled,2024-03-03 18:21:09,2024-03-04 18:21:09,
ORD0001861,CUST000322,delivered,2023-05-23 13:56:24,2023-05-24 02:56:24,2023-06-08 02:56:24
ORD0001862,CUST000399,shipped,2023-01-27 00:12:51,2023-01-27 16:12:51,
ORD0001863,CUST001343,delivered,2023-07-25 22:15:12,2023-07-27 01:15:12,2023-08-04 01:15:12
ORD0001864,CUST000851,delivered,2024-05-30 04:32:29,2024-05-31 09:32:29,2024-06-20 09:32:29
ORD0001865,CUST001600,delivered,2024-09-14 03:39:08,2024-09-15 22:39:08,2024-09-29 22:39:08
ORD0001866,CUST001620,processing,2023-01-26 09:00:15,2023-01-27 21:00:15,
ORD0001867,CUST001449,canceled,2023-09-01 17:31:02,2023-09-03 15:31:02,
ORD0001868,CUST001964,delivered,06/08/2023 22:23,2023-08-07 23:23:10,2023-08-27 23:23:10
ORD0001869,CUST001324,canceled,2024-05-22 20:03:43,2024-05-23 02:03:43,
ORD0001870,CUST000953,delivered,2024-11-21 17:10:03,2024-11-22 12:10:03,2024-11-26 12:10:03
ORD0001871,CUST001723,invoiced,2023-08-23 15:30:58,2023-08-24 05:30:58,
ORD0001872,CUST000334,delivered,2024-02-21 18:13:53,2024-02-22 18:13:53,2024-02-25 18:13:53
ORD0001873,CUST000692,delivered,2023-08-06 17:44:49,2023-08-07 21:44:49,2023-08-21 21:44:49
ORD0001874,CUST000407,shipped,2024-07-20 21:04:04,2024-07-21 08:04:04,
ORD0001875,CUST000019,delivered,2023-04-30 02:03:17,2023-05-01 18:03:17,2023-05-10 18:03:17
ORD0001876,CUST000441,delivered,2023-11-08 16:15:52,2023-11-10 05:15:52,2023-11-15 05:15:52
ORD0001877,CUST000519,delivered,2023-01-18 01:29:11,2023-01-18 16:29:11,2023-01-26 16:29:11
ORD0001878,CUST001372,delivered,2024-07-24 03:55:49,2024-07-26 00:55:49,2024-07-31 00:55:49
ORD0001879,CUST000896,shipped,2023-10-11 15:49:23,2023-10-11 16:49:23,
ORD0001880,CUST001537,delivered,2024-01-07 13:48:03,2024-01-09 05:48:03,2024-01-22 05:48:03
ORD0001881,CUST000569,delivered,2024-08-04 07:03:10,2024-08-04 11:03:10,2024-08-11 11:03:10
ORD0001882,CUST001504,delivered,2023-03-02 18:32:05,2023-03-03 06:32:05,2023-03-12 06:32:05
ORD0001883,CUST000349,shipped,2024-09-25 20:32:57,2024-09-27 04:32:57,
ORD0001884,CUST000260,delivered,2024-07-10 16:58:51,2024-07-11 01:58:51,2024-07-14 01:58:51
ORD0001885,CUST000186,delivered,2024-09-13 00:47:02,2024-09-14 14:47:02,2024-09-16 14:47:02
ORD0001886,CUST000599,delivered,07/05/2023 22:07,2023-05-09 17:07:10,2023-05-15 17:07:10
ORD0001887,CUST001876,delivered,2023-12-08 06:00:51,2023-12-10 05:00:51,2023-12-25 05:00:51
ORD0001888,CUST001703,delivered,2024-02-29 10:50:14,2024-03-01 16:50:14,2024-03-06 16:50:14
ORD0001889,CUST001689,delivered,2024-06-20 16:52:19,2024-06-22 00:52:19,2024-07-04 00:52:19
ORD0001890,CUST001895,delivered,2024-09-03 00:24:01,2024-09-04 15:24:01,2024-09-11 15:24:01
ORD0001891,CUST001099,delivered,2024-05-11 23:05:10,2024-05-13 10:05:10,2024-05-22 10:05:10
ORD0001892,CUST001288,delivered,2024-09-04 12:56:18,2024-09-06 08:56:18,2024-09-23 08:56:18
ORD0001893,CUST000318,delivered,2024-12-24 05:35:47,2024-12-24 10:35:47,2024-12-31 10:35:47
ORD0001894,CUST000789,delivered,2024-03-30 07:56:47,2024-04-01 04:56:47,2024-04-13 04:56:47
ORD0001895,CUST001484,delivered,2024-07-07 12:02:31,2024-07-08 05:02:31,2024-07-26 05:02:31
ORD0001896,CUST001284,canceled,2024-01-13 01:46:31,2024-01-13 17:46:31,
ORD0001897,CUST000266,delivered,2023-03-01 06:30:19,2023-03-01 18:30:19,2023-03-06 18:30:19
ORD0001898,CUST000937,invoiced,2023-04-03 14:31:48,2023-04-05 00:31:48,
ORD0001899,CUST000851,delivered,2024-06-25 06:57:14,2024-06-26 05:57:14,2024-07-15 05:57:14
ORD0001900,CUST001876,shipped,2023-02-08 20:00:16,2023-02-10 15:00:16,
ORD0001901,CUST001767,canceled,2023-12-19 22:54:07,2023-12-20 02:54:07,
ORD0001902,CUST001225,delivered,2023-01-29 00:05:20,2023-01-30 17:05:20,2023-02-08 17:05:20
ORD0001903,CUST001422,delivered,2024-04-26 02:56:39,2024-04-27 18:56:39,2024-05-07 18:56:39
ORD0001904,CUST000208,delivered,2024-07-25 01:28:08,2024-07-25 09:28:08,2024-08-11 09:28:08
ORD0001905,CUST000511,delivered,2024-01-18 07:49:55,2024-01-19 08:49:55,2024-01-29 08:49:55
ORD0001906,CUST001755,delivered,2023-05-08 00:47:19,2023-05-08 02:47:19,2023-05-21 02:47:19
ORD0001907,CUST001390,delivered,2023-10-19 19:11:30,2023-10-20 07:11:30,2023-11-03 07:11:30
ORD0001908,CUST000783,processing,2024-04-04 02:57:04,2024-04-05 20:57:04,
ORD0001909,CUST001417,delivered,2023-06-01 16:37:55,2023-06-03 16:37:55,2023-06-05 16:37:55
ORD0001910,CUST000906,delivered,2023-08-14 04:04:03,2023-08-14 23:04:03,2023-08-25 23:04:03
ORD0001911,CUST001721,processing,2023-08-25 16:38:22,2023-08-27 01:38:22,
ORD0001912,CUST000554,delivered,2024-03-26 14:02:43,2024-03-27 12:02:43,2024-03-29 12:02:43
ORD0001913,CUST001257,processing,2023-01-09 00:27:38,2023-01-10 00:27:38,
ORD0001914,CUST000146,shipped,2024-06-15 13:17:47,2024-06-16 12:17:47,
ORD0001915,CUST000917,processing,2023-05-28 03:54:40,2023-05-29 23:54:40,
ORD0001916,CUST000874,delivered,2024-12-02 23:33:49,2024-12-03 11:33:49,2024-12-17 11:33:49
ORD0001917,CUST000848,delivered,2024-11-12 16:32:50,2024-11-14 07:32:50,2024-11-26 07:32:50
ORD0001918,CUST000653,delivered,2024-12-16 13:56:21,2024-12-17 21:56:21,2025-01-03 21:56:21
ORD0001919,CUST000035,delivered,2023-10-06 14:31:01,2023-10-08 03:31:01,2023-10-14 03:31:01
ORD0001920,CUST000171,canceled,2023-09-29 07:13:53,2023-09-30 18:13:53,
ORD0001921,CUST001172,delivered,2023-01-22 13:48:00,2023-01-24 07:48:00,2023-02-06 07:48:00
ORD0001922,CUST000146,delivered,2024-04-05 05:32:39,2024-04-06 00:32:39,2024-04-11 00:32:39
ORD0001923,CUST000447,processing,22/12/2024 12:38,2024-12-23 15:38:30,
ORD0001924,CUST000823,delivered,2023-09-03 07:01:30,2023-09-05 02:01:30,2023-09-25 02:01:30
ORD0001925,CUST001322,delivered,2024-06-03 03:24:51,2024-06-05 02:24:51,2024-06-11 02:24:51
ORD0001926,CUST001360,processing,2024-07-15 08:28:29,2024-07-16 03:28:29,
ORD0001927,CUST000686,delivered,2023-12-02 03:04:49,2023-12-03 04:04:49,2023-12-07 04:04:49
ORD0001928,CUST000695,delivered,2023-01-22 00:34:52,2023-01-23 18:34:52,2023-02-11 18:34:52
ORD0001929,CUST001557,delivered,2023-03-25 02:02:58,2023-03-25 17:02:58,2023-04-13 17:02:58
ORD0001930,CUST001442,delivered,2024-03-21 18:12:30,2024-03-23 05:12:30,2024-04-01 05:12:30
ORD0001931,CUST001741,delivered,2024-05-13 22:34:26,2024-05-14 04:34:26,2024-05-21 04:34:26
ORD0001932,CUST000762,canceled,2023-05-15 07:00:38,2023-05-15 12:00:38,
ORD0001933,CUST001102,delivered,2024-12-09 03:15:17,2024-12-09 11:15:17,2024-12-22 11:15:17
ORD0001934,CUST002030,delivered,2023-11-21 00:21:30,2023-11-22 11:21:30,2023-12-09 11:21:30
ORD0001935,CUST000224,canceled,2023-03-22 18:20:59,2023-03-24 08:20:59,
ORD0001936,CUST000633,delivered,2024-02-22 06:45:45,2024-02-22 10:45:45,2024-03-07 10:45:45
ORD0001937,CUST000001,shipped,12/10/2024 06:00,2024-10-14 02:00:39,
ORD0001938,CUST000905,delivered,2024-03-18 17:53:30,2024-03-20 02:53:30,2024-04-06 02:53:30
ORD0001939,CUST000670,delivered,2024-10-08 03:53:41,2024-10-09 00:53:41,2024-10-27 00:53:41
ORD0001940,CUST000577,invoiced,2024-05-10 09:33:48,2024-05-11 11:33:48,
ORD0001941,CUST001220,delivered,2023-08-30 09:35:12,2023-09-01 09:35:12,2023-09-06 09:35:12
ORD0001942,CUST000228,delivered,2023-08-19 01:27:42,2023-08-20 20:27:42,2023-08-27 20:27:42
ORD0001943,CUST000366,shipped,05/12/2023 17:50,2023-12-06 03:50:31,
ORD0001944,CUST000093,delivered,2023-08-26 09:30:37,2023-08-28 06:30:37,2023-09-01 06:30:37
ORD0001945,CUST000576,delivered,2024-02-18 03:17:19,2024-02-18 17:17:19,2024-02-23 17:17:19
ORD0001946,CUST001582,canceled,2024-12-13 06:48:02,2024-12-14 19:48:02,
ORD0001947,CUST001766,processing,2023-03-11 22:36:32,2023-03-13 05:36:32,
ORD0001948,CUST001248,delivered,2024-08-13 13:58:39,2024-08-14 16:58:39,2024-09-03 16:58:39
ORD0001949,CUST000197,delivered,2024-03-22 21:37:26,2024-03-24 18:37:26,2024-04-11 18:37:26
ORD0001950,CUST000040,delivered,04/06/2023 16:39,2023-06-05 00:39:28,2023-06-24 00:39:28
ORD0001951,CUST000042,processing,2023-11-24 23:16:46,2023-11-26 02:16:46,
ORD0001952,CUST000127,shipped,02/07/2024 13:05,2024-07-02 14:05:18,
ORD0001953,CUST001104,canceled,2024-08-03 23:39:04,2024-08-04 10:39:04,
ORD0001954,CUST000658,delivered,2023-05-27 10:51:54,2023-05-27 17:51:54,2023-05-29 17:51:54
ORD0001955,CUST001815,delivered,2023-05-20 09:23:05,2023-05-21 03:23:05,2023-05-30 03:23:05
ORD0001956,CUST001132,delivered,2024-07-05 07:20:23,2024-07-05 08:20:23,2024-07-18 08:20:23
ORD0001957,CUST000350,canceled,2024-10-16 08:25:48,2024-10-18 00:25:48,
ORD0001958,CUST000923,delivered,2024-04-19 22:31:41,2024-04-20 02:31:41,2024-04-23 02:31:41
ORD0001959,CUST001911,delivered,2023-05-08 09:26:39,2023-05-09 15:26:39,2023-05-24 15:26:39
ORD0001960,CUST001806,delivered,2024-10-17 10:15:04,2024-10-18 22:15:04,2024-10-26 22:15:04
ORD0001961,CUST000439,delivered,2023-10-27 07:42:55,2023-10-29 03:42:55,2023-11-06 03:42:55
ORD0001962,CUST000688,delivered,2024-08-03 04:47:16,2024-08-03 10:47:16,2024-08-21 10:47:16
ORD0001963,CUST000362,canceled,2024-02-26 05:46:58,2024-02-27 07:46:58,
ORD0001964,CUST001976,delivered,2023-12-04 03:20:33,2023-12-05 15:20:33,2023-12-16 15:20:33
ORD0001965,CUST001359,delivered,2023-02-27 18:38:52,2023-02-28 07:38:52,2023-03-06 07:38:52
ORD0001966,CUST000203,delivered,2024-11-30 02:30:03,2024-11-30 17:30:03,2024-12-06 17:30:03
ORD0001967,CUST000715,processing,2024-07-21 20:30:06,2024-07-22 11:30:06,
ORD0001968,CUST001082,delivered,2024-04-11 02:25:31,2024-04-13 01:25:31,2024-04-17 01:25:31
ORD0001969,CUST001927,shipped,2024-08-16 14:43:27,2024-08-18 14:43:27,
ORD0001970,CUST000789,delivered,2024-11-26 16:10:58,2024-11-27 23:10:58,2024-12-14 23:10:58
ORD0001971,CUST001690,delivered,2024-08-09 19:52:11,2024-08-11 12:52:11,2024-08-24 12:52:11
ORD0001972,CUST000205,delivered,2024-11-29 03:51:07,2024-11-30 14:51:07,2024-12-18 14:51:07
ORD0001973,CUST001272,processing,2023-07-12 03:10:01,2023-07-12 08:10:01,
ORD0001974,CUST001880,delivered,2023-11-15 06:19:21,2023-11-15 14:19:21,2023-12-01 14:19:21
ORD0001975,CUST001747,delivered,2024-04-05 22:09:57,2024-04-07 01:09:57,2024-04-27 01:09:57
ORD0001976,CUST001353,delivered,2024-06-22 02:20:18,2024-06-22 22:20:18,2024-07-05 22:20:18
ORD0001977,CUST001683,shipped,2023-01-13 22:07:23,2023-01-15 20:07:23,
ORD0001978,CUST001425,shipped,2023-10-20 17:22:23,2023-10-21 17:22:23,
ORD0001979,CUST001177,delivered,2023-10-26 15:04:53,2023-10-27 02:04:53,2023-11-09 02:04:53
ORD0001980,CUST001263,delivered,2023-12-15 03:22:38,2023-12-15 17:22:38,2023-12-26 17:22:38
ORD0001981,CUST000457,delivered,2023-05-07 05:21:43,2023-05-08 03:21:43,2023-05-20 03:21:43
ORD0001982,CUST001564,delivered,2024-05-02 23:53:13,2024-05-04 16:53:13,2024-05-06 16:53:13
ORD0001983,CUST000911,delivered,2023-04-17 00:36:47,2023-04-18 14:36:47,2023-04-20 14:36:47
ORD0001984,CUST000866,delivered,2024-08-17 01:30:18,2024-08-18 17:30:18,2024-09-02 17:30:18
ORD0001985,CUST001175,invoiced,2023-02-18 21:05:02,2023-02-20 02:05:02,
ORD0001986,CUST001601,delivered,2024-03-12 20:33:52,2024-03-12 21:33:52,2024-03-31 21:33:52
ORD0001987,CUST001145,delivered,2024-06-11 22:49:06,2024-06-13 06:49:06,2024-06-23 06:49:06
ORD0001988,CUST000564,delivered,19/03/2024 11:48,2024-03-20 06:48:43,2024-04-03 06:48:43
ORD0001989,CUST001734,delivered,2024-09-15 11:55:44,2024-09-17 02:55:44,2024-10-05 02:55:44
ORD0001990,CUST001062,delivered,2023-07-08 09:07:18,2023-07-09 04:07:18,2023-07-25 04:07:18
ORD0001991,CUST001098,delivered,2023-11-06 15:42:36,2023-11-08 14:42:36,2023-11-28 14:42:36
ORD0001992,CUST001093,delivered,23/10/2023 19:00,2023-10-24 14:00:40,2023-11-13 14:00:40
ORD0001993,CUST001357,delivered,2023-01-08 16:06:28,2023-01-10 07:06:28,2023-01-17 07:06:28
ORD0001994,CUST000669,processing,2024-11-11 06:48:32,2024-11-11 07:48:32,
ORD0001995,CUST000816,delivered,2024-11-20 10:37:03,2024-11-20 13:37:03,2024-11-27 13:37:03
ORD0001996,CUST001132,delivered,2023-11-05 03:09:57,2023-11-06 05:09:57,2023-11-17 05:09:57
ORD0001997,CUST000554,delivered,2024-10-14 08:15:39,2024-10-15 19:15:39,2024-10-22 19:15:39
ORD0001998,CUST000001,delivered,2024-02-08 23:03:30,2024-02-09 06:03:30,2024-02-18 06:03:30
ORD0001999,CUST000675,delivered,2024-03-07 12:06:00,2024-03-08 01:06:00,2024-03-11 01:06:00
ORD0002000,CUST001267,delivered,2024-02-25 02:18:25,2024-02-26 14:18:25,2024-03-06 14:18:25
ORD0002001,CUST001133,delivered,2024-10-09 07:50:34,2024-10-11 07:50:34,2024-10-16 07:50:34
ORD0002002,CUST000305,invoiced,2023-07-03 17:50:34,2023-07-03 18:50:34,
ORD0002003,CUST000001,delivered,2023-10-15 19:42:06,2023-10-15 20:42:06,2023-10-18 20:42:06
ORD0002004,CUST000208,delivered,2024-07-13 09:34:22,2024-07-14 10:34:22,2024-07-28 10:34:22
ORD0002005,CUST001321,processing,2024-04-08 06:27:05,2024-04-09 05:27:05,
ORD0002006,CUST000599,canceled,2023-10-05 15:05:50,2023-10-06 16:05:50,
ORD0002007,CUST002004,delivered,2024-03-15 02:34:32,2024-03-15 15:34:32,2024-03-31 15:34:32
ORD0002008,CUST000919,processing,2023-08-17 12:05:37,2023-08-18 16:05:37,
ORD0002009,CUST001338,delivered,2024-01-08 17:05:47,2024-01-10 16:05:47,2024-01-12 16:05:47
ORD0002010,CUST000063,delivered,2023-11-18 21:49:19,2023-11-20 15:49:19,2023-11-23 15:49:19
ORD0002011,CUST001819,shipped,2023-11-29 05:24:19,2023-11-30 05:24:19,
ORD0002012,CUST001944,delivered,2023-07-30 18:57:06,2023-07-31 13:57:06,2023-08-11 13:57:06
ORD0002013,CUST000991,delivered,2024-04-07 09:18:29,2024-04-07 12:18:29,2024-04-21 12:18:29
ORD0002014,CUST001676,delivered,2023-11-24 17:31:18,2023-11-26 05:31:18,2023-12-10 05:31:18
ORD0002015,CUST001612,delivered,2023-01-30 23:55:01,2023-02-01 00:55:01,2023-02-07 00:55:01
ORD0002016,CUST001786,delivered,2024-12-07 22:38:03,2024-12-08 21:38:03,2024-12-23 21:38:03
ORD0002017,CUST001922,delivered,2023-11-27 11:20:22,2023-11-27 23:20:22,2023-12-04 23:20:22
ORD0002018,CUST000441,delivered,2023-01-07 03:32:06,2023-01-08 01:32:06,2023-01-17 01:32:06
ORD0002019,CUST000529,delivered,2023-08-18 01:14:42,2023-08-19 06:14:42,2023-08-21 06:14:42
ORD0002020,CUST000590,delivered,2023-10-29 23:42:47,2023-10-30 19:42:47,2023-11-18 19:42:47
ORD0002021,CUST000668,delivered,2024-04-08 22:15:00,2024-04-09 13:15:00,2024-04-24 13:15:00
ORD0002022,CUST001094,processing,2024-09-27 04:32:44,2024-09-27 19:32:44,
ORD0002023,CUST000588,delivered,2024-10-07 00:27:43,2024-10-07 06:27:43,2024-10-13 06:27:43
ORD0002024,CUST000006,delivered,2023-03-20 22:28:18,2023-03-21 09:28:18,2023-03-24 09:28:18
ORD0002025,CUST001905,delivered,2024-05-26 09:41:23,2024-05-26 21:41:23,2024-05-30 21:41:23
ORD0002026,CUST000485,canceled,2024-08-28 04:05:10,2024-08-29 11:05:10,
ORD0002027,CUST000321,delivered,2024-05-06 21:42:15,2024-05-08 03:42:15,2024-05-25 03:42:15
ORD0002028,CUST001264,delivered,2024-05-14 01:46:38,2024-05-15 12:46:38,2024-05-24 12:46:38
ORD0002029,CUST000665,delivered,2024-06-08 08:54:08,2024-06-09 05:54:08,2024-06-28 05:54:08
ORD0002030,CUST000286,delivered,2023-08-26 02:43:00,2023-08-26 13:43:00,2023-09-08 13:43:00
ORD0002031,CUST000671,delivered,2023-11-12 09:53:02,2023-11-12 17:53:02,2023-11-30 17:53:02
ORD0002032,CUST000688,delivered,2023-12-15 11:00:26,2023-12-15 16:00:26,2023-12-18 16:00:26
ORD0002033,CUST000631,delivered,2024-05-09 13:32:46,2024-05-09 17:32:46,2024-05-22 17:32:46
ORD0002034,CUST000965,delivered,2023-12-19 17:11:13,2023-12-20 13:11:13,2023-12-30 13:11:13
ORD0002035,CUST000609,delivered,2023-06-16 20:36:30,2023-06-17 19:36:30,2023-06-23 19:36:30
ORD0002036,CUST000229,delivered,2024-07-31 09:02:47,2024-08-02 08:02:47,2024-08-13 08:02:47
ORD0002037,CUST001189,processing,2023-04-03 11:51:30,2023-04-04 10:51:30,
ORD0002038,CUST000408,processing,2024-03-19 13:37:46,2024-03-20 19:37:46,
ORD0002039,CUST000075,processing,2024-04-13 09:22:45,2024-04-13 23:22:45,
ORD0002040,CUST000399,delivered,2024-02-20 00:21:52,2024-02-20 02:21:52,2024-02-29 02:21:52
ORD0002041,CUST000490,delivered,2023-03-06 13:57:05,2023-03-06 18:57:05,2023-03-14 18:57:05
ORD0002042,CUST001917,delivered,11/04/2024 17:07,2024-04-12 05:07:43,2024-04-27 05:07:43
ORD0002043,CUST000139,delivered,2024-02-20 12:09:05,2024-02-21 00:09:05,2024-03-11 00:09:05
ORD0002044,CUST000019,delivered,2024-02-26 23:56:25,2024-02-28 06:56:25,2024-03-07 06:56:25
ORD0002045,CUST000641,delivered,2023-05-23 21:09:36,2023-05-24 18:09:36,2023-05-28 18:09:36
ORD0002046,CUST001703,delivered,2023-08-26 11:12:43,2023-08-27 14:12:43,2023-09-08 14:12:43
ORD0002047,CUST000988,canceled,2024-07-20 04:23:57,2024-07-20 19:23:57,
ORD0002048,CUST001048,shipped,2023-02-08 20:06:53,2023-02-09 03:06:53,
ORD0002049,CUST000385,delivered,2023-11-26 23:53:08,2023-11-28 19:53:08,2023-12-15 19:53:08
ORD0002050,CUST001505,processing,2024-01-21 16:37:27,2024-01-21 22:37:27,
ORD0002051,CUST001213,shipped,2024-12-26 01:59:15,2024-12-26 12:59:15,
ORD0002052,CUST000429,delivered,2023-02-20 17:21:44,2023-02-21 13:21:44,2023-03-02 13:21:44
ORD0002053,CUST001819,delivered,2024-04-14 14:35:00,2024-04-16 03:35:00,2024-04-26 03:35:00
ORD0002054,CUST000107,shipped,2023-07-23 11:54:20,2023-07-24 09:54:20,
ORD0002055,CUST000229,delivered,05/09/2024 20:11,2024-09-05 22:11:48,2024-09-08 22:11:48
ORD0002056,CUST001182,delivered,22/09/2023 07:21,2023-09-23 14:21:34,2023-10-02 14:21:34
ORD0002057,CUST001451,canceled,2024-10-08 17:54:47,2024-10-10 13:54:47,
ORD0002058,CUST001358,delivered,2023-03-08 00:13:25,2023-03-09 11:13:25,2023-03-24 11:13:25
ORD0002059,CUST000603,canceled,2023-05-13 04:46:48,2023-05-14 22:46:48,
ORD0002060,CUST000609,shipped,2024-02-04 16:50:06,2024-02-06 02:50:06,
ORD0002061,CUST001259,canceled,2024-10-13 23:02:17,2024-10-15 18:02:17,
ORD0002062,CUST001865,delivered,2023-12-07 05:39:55,2023-12-07 16:39:55,2023-12-26 16:39:55
ORD0002063,CUST000672,processing,2024-11-22 03:41:17,2024-11-23 11:41:17,
ORD0002064,CUST001936,delivered,2024-08-08 19:56:08,2024-08-10 05:56:08,2024-08-16 05:56:08
ORD0002065,CUST000293,delivered,05/04/2024 01:56,2024-04-05 05:56:20,2024-04-12 05:56:20
ORD0002066,CUST001103,shipped,2023-12-26 10:29:09,2023-12-28 09:29:09,
ORD0002067,CUST001717,canceled,18/10/2024 21:31,2024-10-20 14:31:08,
ORD0002068,CUST001309,delivered,2024-02-15 17:50:59,2024-02-17 04:50:59,2024-02-25 04:50:59
ORD0002069,CUST000946,processing,29/11/2024 01:14,2024-11-29 07:14:14,
ORD0002070,CUST001875,delivered,2024-03-26 23:09:32,2024-03-28 09:09:32,2024-04-08 09:09:32
ORD0002071,CUST001617,canceled,2024-09-21 19:59:43,2024-09-22 02:59:43,
ORD0002072,CUST001557,canceled,2023-11-27 11:02:18,2023-11-28 19:02:18,
ORD0002073,CUST000169,delivered,2023-10-31 20:50:36,2023-11-02 06:50:36,2023-11-07 06:50:36
ORD0002074,CUST001029,delivered,2023-01-24 01:22:00,2023-01-24 15:22:00,2023-02-11 15:22:00
ORD0002075,CUST001183,delivered,2024-02-21 14:46:28,2024-02-21 22:46:28,2024-02-25 22:46:28
ORD0002076,CUST000163,invoiced,2024-01-17 21:39:21,2024-01-19 08:39:21,
ORD0002077,CUST001817,canceled,2024-03-23 17:34:42,2024-03-23 18:34:42,
ORD0002078,CUST001877,shipped,2024-04-24 09:21:04,2024-04-26 04:21:04,
ORD0002079,CUST001732,processing,2024-03-20 22:51:33,2024-03-22 15:51:33,
ORD0002080,CUST000758,delivered,2023-12-30 12:20:41,2024-01-01 01:20:41,2024-01-04 01:20:41
ORD0002081,CUST000425,delivered,2023-11-27 06:46:36,2023-11-28 10:46:36,2023-12-18 10:46:36
ORD0002082,CUST001697,shipped,2023-03-11 11:06:03,2023-03-13 04:06:03,
ORD0002083,CUST001545,shipped,2024-02-23 05:38:28,2024-02-23 07:38:28,
ORD0002084,CUST000652,invoiced,2023-01-10 05:37:19,2023-01-12 00:37:19,
ORD0002085,CUST000249,delivered,2023-01-16 12:21:52,2023-01-18 12:21:52,2023-01-23 12:21:52
ORD0002086,CUST000509,shipped,2023-03-03 23:57:24,2023-03-04 00:57:24,
ORD0002087,CUST000629,delivered,2024-10-24 09:55:38,2024-10-25 22:55:38,2024-11-11 22:55:38
ORD0002088,CUST000498,processing,2023-09-29 12:18:11,2023-09-29 20:18:11,
ORD0002089,CUST000671,delivered,2023-02-15 21:09:34,2023-02-17 18:09:34,2023-03-07 18:09:34
ORD0002090,CUST001468,shipped,2024-10-26 13:15:54,2024-10-27 22:15:54,
ORD0002091,CUST000434,delivered,2023-02-17 09:03:28,2023-02-17 18:03:28,2023-02-28 18:03:28
ORD0002092,CUST001016,delivered,2023-02-24 02:54:24,2023-02-25 00:54:24,2023-03-15 00:54:24
ORD0002093,CUST000161,shipped,2023-04-19 15:11:46,2023-04-20 20:11:46,
ORD0002094,CUST001163,delivered,2024-07-13 17:24:50,2024-07-15 08:24:50,2024-07-29 08:24:50
ORD0002095,CUST001442,delivered,12/09/2024 04:43,2024-09-13 20:43:48,2024-09-16 20:43:48
ORD0002096,CUST000751,delivered,2023-09-07 21:59:14,2023-09-09 01:59:14,2023-09-13 01:59:14
ORD0002097,CUST001332,delivered,2024-06-01 00:47:08,2024-06-01 16:47:08,2024-06-05 16:47:08
ORD0002098,CUST000998,delivered,2023-10-19 17:11:55,2023-10-20 09:11:55,2023-11-09 09:11:55
ORD0002099,CUST000777,delivered,2024-09-05 11:56:38,2024-09-05 19:56:38,2024-09-10 19:56:38
ORD0002100,CUST001351,delivered,2024-06-11 06:32:40,2024-06-12 22:32:40,2024-06-15 22:32:40
ORD0002101,CUST000372,delivered,2023-07-06 09:37:46,2023-07-07 16:37:46,2023-07-24 16:37:46
ORD0002102,CUST000863,processing,2024-02-28 01:59:10,2024-02-29 16:59:10,
ORD0002103,CUST001872,delivered,2023-11-15 08:19:47,2023-11-15 09:19:47,2023-11-27 09:19:47
ORD0002104,CUST000525,delivered,05/03/2023 20:26,2023-03-06 21:26:45,2023-03-16 21:26:45
ORD0002105,CUST000071,shipped,2023-11-17 04:07:35,2023-11-17 09:07:35,
ORD0002106,CUST001299,delivered,2024-06-25 00:57:57,2024-06-26 06:57:57,2024-07-08 06:57:57
ORD0002107,CUST000838,delivered,2024-11-08 10:50:40,2024-11-10 03:50:40,2024-11-21 03:50:40
ORD0002108,CUST000386,delivered,2023-10-17 22:54:32,2023-10-18 06:54:32,2023-10-21 06:54:32
ORD0002109,CUST000016,delivered,2023-04-16 03:27:34,2023-04-17 11:27:34,2023-04-25 11:27:34
ORD0002110,CUST001912,delivered,2023-06-11 23:17:33,2023-06-13 03:17:33,2023-06-19 03:17:33
ORD0002111,CUST000530,processing,2023-07-24 12:12:50,2023-07-26 05:12:50,
ORD0002112,CUST001212,delivered,2024-02-15 18:49:27,2024-02-17 08:49:27,2024-02-26 08:49:27
ORD0002113,CUST001177,delivered,2023-01-17 18:47:50,2023-01-19 07:47:50,2023-02-03 07:47:50
ORD0002114,CUST001166,delivered,2023-11-09 08:16:57,2023-11-10 01:16:57,2023-11-12 01:16:57
ORD0002115,CUST000930,delivered,2024-08-16 01:15:22,2024-08-16 19:15:22,2024-09-03 19:15:22
ORD0002116,CUST000229,processing,2024-08-08 23:00:46,2024-08-09 22:00:46,
ORD0002117,CUST001533,delivered,2024-10-07 19:01:40,2024-10-08 17:01:40,2024-10-27 17:01:40
ORD0002118,CUST000544,delivered,2024-01-17 08:09:26,2024-01-17 16:09:26,2024-02-02 16:09:26
ORD0002119,CUST002017,delivered,2023-11-26 23:11:09,2023-11-28 11:11:09,2023-12-17 11:11:09
ORD0002120,CUST000415,delivered,2023-10-26 01:34:15,2023-10-26 19:34:15,2023-10-29 19:34:15
ORD0002121,CUST001038,delivered,2024-01-27 08:56:39,2024-01-28 18:56:39,2024-02-01 18:56:39
ORD0002122,CUST001969,delivered,2023-12-11 05:36:47,2023-12-12 23:36:47,2023-12-25 23:36:47
ORD0002123,CUST000581,shipped,2023-06-16 13:37:12,2023-06-17 15:37:12,
ORD0002124,CUST000476,delivered,2024-10-06 05:08:18,2024-10-06 22:08:18,2024-10-11 22:08:18
ORD0002125,CUST000395,delivered,2024-04-28 15:45:28,2024-04-28 23:45:28,2024-05-11 23:45:28
ORD0002126,CUST001116,delivered,2023-11-22 13:10:14,2023-11-22 15:10:14,2023-11-29 15:10:14
ORD0002127,CUST001892,delivered,2023-07-25 10:46:29,2023-07-25 21:46:29,2023-07-28 21:46:29
ORD0002128,CUST001251,delivered,13/05/2023 08:13,2023-05-13 23:13:09,2023-05-17 23:13:09
ORD0002129,CUST000014,delivered,2023-12-16 16:31:38,2023-12-17 22:31:38,2023-12-23 22:31:38
ORD0002130,CUST001412,delivered,2023-01-16 06:52:00,2023-01-16 10:52:00,2023-02-02 10:52:00
ORD0002131,CUST000440,shipped,2023-03-19 10:37:54,2023-03-20 23:37:54,
ORD0002132,CUST001317,delivered,29/08/2024 10:51,2024-08-30 02:51:07,2024-09-18 02:51:07
ORD0002133,CUST000202,delivered,2024-07-09 00:52:01,2024-07-10 16:52:01,2024-07-21 16:52:01
ORD0002134,CUST001114,canceled,2023-04-23 00:03:09,2023-04-23 18:03:09,
ORD0002135,CUST000972,delivered,2024-07-21 03:43:26,2024-07-23 03:43:26,2024-08-11 03:43:26
ORD0002136,CUST000419,delivered,2023-07-18 15:41:57,2023-07-20 04:41:57,2023-08-04 04:41:57
ORD0002137,CUST000379,delivered,2024-01-21 06:16:34,2024-01-22 02:16:34,2024-01-28 02:16:34
ORD0002138,CUST000353,delivered,2024-11-22 08:10:48,2024-11-24 05:10:48,2024-12-02 05:10:48
ORD0002139,CUST000072,delivered,2024-10-05 11:11:20,2024-10-07 03:11:20,2024-10-10 03:11:20
ORD0002140,CUST000440,delivered,02/12/2023 06:00,2023-12-02 13:00:05,2023-12-16 13:00:05
ORD0002141,CUST001422,delivered,2024-02-29 05:04:24,2024-03-01 07:04:24,2024-03-17 07:04:24
ORD0002142,CUST000065,delivered,2024-12-23 07:50:33,2024-12-23 17:50:33,2024-12-26 17:50:33
ORD0002143,CUST001829,shipped,2023-07-03 15:40:02,2023-07-04 17:40:02,
ORD0002144,CUST000738,shipped,2023-02-24 10:21:24,2023-02-25 23:21:24,
ORD0002145,CUST000020,invoiced,2024-03-29 03:13:20,2024-03-29 05:13:20,
ORD0002146,CUST000196,delivered,2023-09-01 02:31:41,2023-09-01 04:31:41,2023-09-04 04:31:41
ORD0002147,CUST000053,delivered,2024-09-11 18:42:16,2024-09-13 07:42:16,2024-09-15 07:42:16
ORD0002148,CUST001541,delivered,2023-12-25 10:35:40,2023-12-25 16:35:40,2024-01-02 16:35:40
ORD0002149,CUST000223,delivered,2023-05-14 08:04:15,2023-05-14 19:04:15,2023-05-18 19:04:15
ORD0002150,CUST001522,processing,2024-03-15 21:55:56,2024-03-16 00:55:56,
ORD0002151,CUST001015,canceled,2024-05-23 19:41:15,2024-05-24 20:41:15,
ORD0002152,CUST001782,delivered,2024-09-16 16:35:08,2024-09-17 09:35:08,2024-09-29 09:35:08
ORD0002153,CUST001622,shipped,2024-07-31 11:29:59,2024-08-01 14:29:59,
ORD0002154,CUST001654,delivered,2024-03-18 07:51:57,2024-03-18 18:51:57,2024-04-06 18:51:57
ORD0002155,CUST000525,delivered,2024-10-09 23:15:35,2024-10-10 00:15:35,2024-10-26 00:15:35
ORD0002156,CUST000600,delivered,2023-04-23 09:23:55,2023-04-24 00:23:55,2023-05-05 00:23:55
ORD0002157,CUST000738,canceled,2023-04-13 07:53:52,2023-04-13 19:53:52,
ORD0002158,CUST000370,delivered,2023-01-12 23:00:58,2023-01-13 09:00:58,2023-01-25 09:00:58
ORD0002159,CUST001954,delivered,2024-08-09 16:20:58,2024-08-09 22:20:58,2024-08-15 22:20:58
ORD0002160,CUST001194,canceled,2024-07-21 08:06:56,2024-07-21 10:06:56,
ORD0002161,CUST001809,shipped,2023-12-13 11:29:21,2023-12-14 18:29:21,
ORD0002162,CUST000861,delivered,2023-06-11 17:57:06,2023-06-13 13:57:06,2023-06-20 13:57:06
ORD0002163,CUST000963,delivered,2023-03-15 07:14:50,2023-03-15 22:14:50,2023-03-21 22:14:50
ORD0002164,CUST000049,delivered,2024-04-13 02:43:48,2024-04-13 22:43:48,2024-05-02 22:43:48
ORD0002165,CUST001196,delivered,2023-07-29 23:39:33,2023-07-30 22:39:33,2023-08-12 22:39:33
ORD0002166,CUST000217,delivered,2023-01-29 18:45:44,2023-01-30 03:45:44,2023-02-04 03:45:44
ORD0002167,CUST001888,delivered,2024-12-23 11:04:55,2024-12-24 22:04:55,2025-01-13 22:04:55
ORD0002168,CUST002034,delivered,2023-11-30 21:18:09,2023-12-02 08:18:09,2023-12-16 08:18:09
ORD0002169,CUST000522,delivered,2024-04-16 04:46:52,2024-04-17 15:46:52,2024-05-02 15:46:52
ORD0002170,CUST000259,delivered,2024-11-13 14:10:18,2024-11-14 23:10:18,2024-11-29 23:10:18
ORD0002171,CUST001076,delivered,2023-02-15 15:52:37,2023-02-15 16:52:37,2023-03-05 16:52:37
ORD0002172,CUST000897,delivered,2023-01-19 08:35:58,2023-01-20 17:35:58,2023-01-29 17:35:58
ORD0002173,CUST001171,delivered,10/03/2023 19:04,2023-03-12 08:04:42,2023-03-17 08:04:42
ORD0002174,CUST000175,delivered,2024-10-19 09:29:41,2024-10-20 22:29:41,2024-10-26 22:29:41
ORD0002175,CUST001911,delivered,2023-11-10 12:50:27,2023-11-12 01:50:27,2023-11-30 01:50:27
ORD0002176,CUST001245,canceled,2023-06-06 14:05:47,2023-06-07 16:05:47,
ORD0002177,CUST002006,delivered,2024-10-09 11:32:13,2024-10-10 00:32:13,2024-10-22 00:32:13
ORD0002178,CUST000919,delivered,2024-02-01 00:30:26,2024-02-02 04:30:26,2024-02-12 04:30:26
ORD0002179,CUST001175,delivered,2023-05-03 12:07:12,2023-05-03 20:07:12,2023-05-12 20:07:12
ORD0002180,CUST000303,delivered,2023-08-02 01:42:54,2023-08-03 05:42:54,2023-08-10 05:42:54
ORD0002181,CUST001522,delivered,2023-02-21 04:48:06,2023-02-21 15:48:06,2023-03-01 15:48:06
ORD0002182,CUST000735,delivered,2024-07-30 18:00:59,2024-07-31 04:00:59,2024-08-02 04:00:59
ORD0002183,CUST000124,delivered,11/06/2023 15:57,2023-06-12 05:57:39,2023-06-14 05:57:39
ORD0002184,CUST001523,delivered,2023-10-20 17:59:16,2023-10-21 09:59:16,2023-11-01 09:59:16
ORD0002185,CUST001253,delivered,05/07/2023 20:21,2023-07-07 10:21:58,2023-07-12 10:21:58
ORD0002186,CUST000248,delivered,2024-03-20 01:57:19,2024-03-21 14:57:19,2024-03-25 14:57:19
ORD0002187,CUST001955,delivered,2023-01-03 01:24:06,2023-01-03 03:24:06,2023-01-23 03:24:06
ORD0002188,CUST001680,delivered,2024-03-16 23:01:10,2024-03-18 23:01:10,2024-03-24 23:01:10
ORD0002189,CUST001378,delivered,2023-06-06 13:00:22,2023-06-07 19:00:22,2023-06-27 19:00:22
ORD0002190,CUST001515,shipped,2024-07-18 11:42:28,2024-07-19 17:42:28,
ORD0002191,CUST000614,delivered,2023-01-07 22:01:37,2023-01-09 09:01:37,2023-01-21 09:01:37
ORD0002192,CUST000870,processing,2023-03-05 20:19:41,2023-03-07 08:19:41,
ORD0002193,CUST000047,delivered,2023-07-10 06:05:03,2023-07-10 09:05:03,2023-07-13 09:05:03
ORD0002194,CUST000567,processing,2024-04-02 20:49:26,2024-04-04 05:49:26,
ORD0002195,CUST001951,delivered,2023-04-03 05:29:13,2023-04-03 12:29:13,2023-04-12 12:29:13
ORD0002196,CUST000651,canceled,2024-02-11 12:43:20,2024-02-11 18:43:20,
ORD0002197,CUST000675,delivered,2024-05-16 13:52:19,2024-05-17 13:52:19,2024-05-27 13:52:19
ORD0002198,CUST000307,shipped,2024-09-17 03:36:02,2024-09-17 23:36:02,
ORD0002199,CUST000140,delivered,2023-07-21 18:32:33,2023-07-23 13:32:33,2023-07-25 13:32:33
ORD0002200,CUST000841,delivered,05/07/2023 18:31,2023-07-06 12:31:02,2023-07-21 12:31:02
ORD0002201,CUST000580,delivered,2024-03-22 10:11:37,2024-03-24 01:11:37,2024-04-03 01:11:37
ORD0002202,CUST000884,shipped,2024-11-01 11:46:37,2024-11-02 13:46:37,
ORD0002203,CUST001127,shipped,2023-03-16 04:04:21,2023-03-16 08:04:21,
ORD0002204,CUST001659,canceled,2024-07-14 00:44:41,2024-07-14 02:44:41,
ORD0002205,CUST001410,shipped,2024-12-08 00:17:12,2024-12-08 06:17:12,
ORD0002206,CUST001051,canceled,2024-05-21 21:41:10,2024-05-22 12:41:10,
ORD0002207,CUST000305,canceled,2023-08-13 11:05:19,2023-08-13 12:05:19,
ORD0002208,CUST001025,delivered,2023-01-27 03:51:13,2023-01-28 13:51:13,2023-02-10 13:51:13
ORD0002209,CUST000957,delivered,2024-06-19 00:40:09,2024-06-19 21:40:09,2024-06-25 21:40:09
ORD0002210,CUST000842,canceled,2024-05-09 21:46:28,2024-05-10 10:46:28,
ORD0002211,CUST002039,invoiced,2023-06-22 15:23:52,2023-06-23 14:23:52,
ORD0002212,CUST002032,delivered,2023-03-09 17:20:16,2023-03-10 04:20:16,2023-03-15 04:20:16
ORD0002213,CUST000679,invoiced,2024-03-04 11:41:47,2024-03-06 08:41:47,
ORD0002214,CUST001610,delivered,2023-11-22 04:37:42,2023-11-22 09:37:42,2023-11-29 09:37:42
ORD0002215,CUST001363,delivered,2024-03-14 10:18:44,2024-03-14 12:18:44,2024-03-25 12:18:44
ORD0002216,CUST000951,delivered,2024-11-17 03:12:06,2024-11-17 06:12:06,2024-11-20 06:12:06
ORD0002217,CUST000048,delivered,25/07/2023 10:40,2023-07-26 14:40:40,2023-08-10 14:40:40
ORD0002218,CUST000938,delivered,2023-07-08 04:51:15,2023-07-09 14:51:15,2023-07-15 14:51:15
ORD0002219,CUST000410,delivered,2024-11-13 17:21:01,2024-11-15 17:21:01,2024-11-22 17:21:01
ORD0002220,CUST000140,delivered,2024-07-24 21:32:38,2024-07-26 14:32:38,2024-08-10 14:32:38
ORD0002221,CUST001464,delivered,2024-05-23 15:32:56,2024-05-24 08:32:56,2024-06-12 08:32:56
ORD0002222,CUST000459,delivered,2023-11-30 12:17:00,2023-12-01 16:17:00,2023-12-13 16:17:00
ORD0002223,CUST000639,shipped,2024-07-21 09:45:08,2024-07-22 02:45:08,
ORD0002224,CUST001830,delivered,2024-11-10 21:08:01,2024-11-11 17:08:01,2024-11-18 17:08:01
ORD0002225,CUST000784,delivered,2023-06-19 22:02:17,2023-06-21 15:02:17,2023-07-02 15:02:17
ORD0002226,CUST000484,delivered,28/04/2024 03:39,2024-04-28 09:39:06,2024-05-10 09:39:06
ORD0002227,CUST001974,delivered,2024-07-31 12:14:55,2024-08-02 05:14:55,2024-08-10 05:14:55
ORD0002228,CUST000716,delivered,2023-04-26 15:42:41,2023-04-27 08:42:41,2023-05-06 08:42:41
ORD0002229,CUST000346,delivered,2024-01-17 12:03:15,2024-01-18 15:03:15,2024-02-06 15:03:15
ORD0002230,CUST001691,delivered,2023-03-20 21:09:20,2023-03-22 21:09:20,2023-03-28 21:09:20
ORD0002231,CUST002021,invoiced,03/11/2023 05:11,2023-11-04 10:11:11,
ORD0002232,CUST001914,delivered,2023-11-21 21:46:49,2023-11-23 19:46:49,2023-12-07 19:46:49
ORD0002233,CUST000565,delivered,2023-11-07 20:04:13,2023-11-08 06:04:13,2023-11-14 06:04:13
ORD0002234,CUST001810,invoiced,2024-04-27 15:45:25,2024-04-28 20:45:25,
ORD0002235,CUST001753,processing,2023-12-10 07:26:12,2023-12-11 16:26:12,
ORD0002236,CUST000956,shipped,2023-08-16 22:20:17,2023-08-18 05:20:17,
ORD0002237,CUST000740,delivered,25/03/2024 02:04,2024-03-25 06:04:36,2024-04-02 06:04:36
ORD0002238,CUST000621,delivered,2024-12-25 09:50:40,2024-12-25 16:50:40,2025-01-12 16:50:40
ORD0002239,CUST000481,delivered,2023-08-23 01:19:55,2023-08-23 11:19:55,2023-08-29 11:19:55
ORD0002240,CUST000629,delivered,2023-06-12 16:53:42,2023-06-13 12:53:42,2023-06-16 12:53:42
ORD0002241,CUST001121,processing,2024-08-08 13:42:54,2024-08-09 14:42:54,
ORD0002242,CUST001727,delivered,2023-03-09 11:34:21,2023-03-10 09:34:21,2023-03-25 09:34:21
ORD0002243,CUST000730,shipped,2023-10-04 17:32:48,2023-10-05 04:32:48,
ORD0002244,CUST001351,shipped,2023-01-14 08:28:49,2023-01-15 10:28:49,
ORD0002245,CUST001569,processing,2024-05-14 06:59:51,2024-05-14 12:59:51,
ORD0002246,CUST001119,delivered,2024-04-20 17:03:55,2024-04-22 01:03:55,2024-04-30 01:03:55
ORD0002247,CUST001755,delivered,2023-12-27 02:07:03,2023-12-27 18:07:03,2023-12-29 18:07:03
ORD0002248,CUST001615,delivered,2023-06-25 00:46:41,2023-06-25 22:46:41,2023-07-15 22:46:41
ORD0002249,CUST001482,processing,26/01/2024 10:49,2024-01-26 22:49:28,
ORD0002250,CUST000047,delivered,2024-03-31 16:37:43,2024-04-01 19:37:43,2024-04-20 19:37:43
ORD0002251,CUST001734,delivered,2024-11-03 18:36:14,2024-11-03 20:36:14,2024-11-16 20:36:14
ORD0002252,CUST000329,delivered,2023-02-03 23:25:02,2023-02-04 11:25:02,2023-02-08 11:25:02
ORD0002253,CUST000168,delivered,2023-06-02 07:04:17,2023-06-04 02:04:17,2023-06-14 02:04:17
ORD0002254,CUST001450,delivered,2024-11-01 11:01:30,2024-11-01 13:01:30,2024-11-06 13:01:30
ORD0002255,CUST000008,delivered,2024-07-31 20:41:01,2024-08-02 06:41:01,2024-08-17 06:41:01
ORD0002256,CUST000788,delivered,21/04/2023 12:14,2023-04-21 19:14:49,2023-05-09 19:14:49
ORD0002257,CUST000215,delivered,2023-05-07 17:26:31,2023-05-07 21:26:31,2023-05-15 21:26:31
ORD0002258,CUST000164,delivered,2024-04-04 23:54:19,2024-04-06 15:54:19,2024-04-09 15:54:19
ORD0002259,CUST000609,delivered,2024-12-29 20:16:06,2024-12-29 21:16:06,2025-01-06 21:16:06
ORD0002260,CUST001536,delivered,2023-04-01 16:52:14,2023-04-02 08:52:14,2023-04-07 08:52:14
ORD0002261,CUST001560,shipped,2024-04-03 00:41:34,2024-04-04 06:41:34,
ORD0002262,CUST001811,delivered,2024-08-29 08:49:24,2024-08-31 08:49:24,2024-09-05 08:49:24
ORD0002263,CUST001400,delivered,2024-12-21 06:21:52,2024-12-21 16:21:52,2025-01-03 16:21:52
ORD0002264,CUST001039,invoiced,2023-02-09 13:22:36,2023-02-11 12:22:36,
ORD0002265,CUST001682,delivered,2023-08-10 06:50:02,2023-08-11 23:50:02,2023-08-27 23:50:02
ORD0002266,CUST001287,processing,2024-12-16 13:36:54,2024-12-16 14:36:54,
ORD0002267,CUST000691,delivered,2023-12-06 20:30:50,2023-12-07 18:30:50,2023-12-16 18:30:50
ORD0002268,CUST001889,shipped,2023-01-18 13:55:29,2023-01-19 20:55:29,
ORD0002269,CUST001525,delivered,04/11/2024 14:18,2024-11-05 19:18:28,2024-11-23 19:18:28
ORD0002270,CUST001464,delivered,2023-12-30 11:49:00,2024-01-01 02:49:00,2024-01-04 02:49:00
ORD0002271,CUST000056,delivered,2023-11-19 17:30:51,2023-11-20 00:30:51,2023-12-05 00:30:51
ORD0002272,CUST001998,delivered,2024-08-28 05:17:21,2024-08-29 21:17:21,2024-09-15 21:17:21
ORD0002273,CUST001297,delivered,2023-06-07 12:30:52,2023-06-09 08:30:52,2023-06-29 08:30:52
ORD0002274,CUST000405,delivered,2024-01-16 21:54:18,2024-01-17 05:54:18,2024-02-05 05:54:18
ORD0002275,CUST001798,processing,2023-02-01 07:35:20,2023-02-02 12:35:20,
ORD0002276,CUST000372,processing,2024-11-29 19:04:11,2024-11-29 20:04:11,
ORD0002277,CUST000750,delivered,2024-06-07 07:21:25,2024-06-09 06:21:25,2024-06-28 06:21:25
ORD0002278,CUST000347,delivered,2024-01-24 18:01:13,2024-01-24 21:01:13,2024-01-26 21:01:13
ORD0002279,CUST000436,delivered,2023-08-16 16:54:09,2023-08-17 05:54:09,2023-08-23 05:54:09
ORD0002280,CUST000800,invoiced,2023-05-07 00:55:05,2023-05-07 08:55:05,
ORD0002281,CUST001369,shipped,2023-10-26 14:42:01,2023-10-28 05:42:01,
ORD0002282,CUST000815,delivered,2024-10-19 19:39:26,2024-10-21 01:39:26,2024-10-31 01:39:26
ORD0002283,CUST000135,delivered,2024-09-14 00:52:13,2024-09-15 05:52:13,2024-09-28 05:52:13
ORD0002284,CUST001427,delivered,2023-07-11 00:03:14,2023-07-12 13:03:14,2023-07-25 13:03:14
ORD0002285,CUST000659,processing,21/04/2023 07:46,2023-04-21 13:46:19,
ORD0002286,CUST000795,delivered,12/11/2023 19:03,2023-11-13 15:03:24,2023-11-19 15:03:24
ORD0002287,CUST000745,delivered,08/01/2023 11:49,2023-01-09 01:49:04,2023-01-17 01:49:04
ORD0002288,CUST001070,canceled,2024-09-23 18:19:05,2024-09-25 12:19:05,
ORD0002289,CUST001737,canceled,2023-05-02 14:07:51,2023-05-03 09:07:51,
ORD0002290,CUST001102,shipped,2023-03-29 09:16:05,2023-03-31 01:16:05,
ORD0002291,CUST001030,delivered,13/08/2023 03:07,2023-08-14 14:07:06,2023-08-25 14:07:06
ORD0002292,CUST001230,delivered,2023-08-23 03:01:15,2023-08-23 10:01:15,2023-09-07 10:01:15
ORD0002293,CUST000095,delivered,2023-01-13 00:23:12,2023-01-13 21:23:12,2023-01-22 21:23:12
ORD0002294,CUST001473,delivered,2023-02-25 08:32:11,2023-02-26 09:32:11,2023-03-15 09:32:11
ORD0002295,CUST001430,processing,2024-03-03 05:39:57,2024-03-04 06:39:57,
ORD0002296,CUST001367,shipped,2023-07-10 08:23:57,2023-07-10 23:23:57,
ORD0002297,CUST001126,delivered,2023-09-14 07:32:59,2023-09-14 22:32:59,2023-09-25 22:32:59
ORD0002298,CUST001867,delivered,2023-01-14 06:19:09,2023-01-14 14:19:09,2023-01-24 14:19:09
ORD0002299,CUST001679,delivered,2023-05-01 18:08:07,2023-05-03 02:08:07,2023-05-21 02:08:07
ORD0002300,CUST000655,shipped,2024-10-26 12:05:58,2024-10-26 20:05:58,
ORD0002301,CUST000280,delivered,2023-09-07 06:58:18,2023-09-09 06:58:18,2023-09-14 06:58:18
ORD0002302,CUST001653,delivered,2023-12-15 18:42:51,2023-12-17 02:42:51,2023-12-29 02:42:51
ORD0002303,CUST001037,delivered,2023-10-17 00:44:42,2023-10-18 13:44:42,2023-11-04 13:44:42
ORD0002304,CUST001561,delivered,2023-05-01 05:01:08,2023-05-02 06:01:08,2023-05-05 06:01:08
ORD0002305,CUST000038,delivered,2023-05-05 21:05:05,2023-05-06 12:05:05,2023-05-20 12:05:05
ORD0002306,CUST001725,shipped,2023-12-04 23:26:32,2023-12-06 23:26:32,
ORD0002307,CUST000959,shipped,2023-11-25 10:31:23,2023-11-26 16:31:23,
ORD0002308,CUST000943,delivered,2023-12-09 22:57:25,2023-12-10 05:57:25,2023-12-12 05:57:25
ORD0002309,CUST000740,processing,2023-12-27 06:42:09,2023-12-27 14:42:09,
ORD0002310,CUST002037,delivered,2024-05-21 16:28:29,2024-05-22 23:28:29,2024-06-10 23:28:29
ORD0002311,CUST000443,delivered,2024-05-31 04:39:33,2024-06-02 03:39:33,2024-06-05 03:39:33
ORD0002312,CUST001589,delivered,2023-06-27 07:16:41,2023-06-28 17:16:41,2023-06-30 17:16:41
ORD0002313,CUST001030,delivered,2024-09-29 22:50:56,2024-09-30 03:50:56,2024-10-11 03:50:56
ORD0002314,CUST000785,shipped,05/06/2024 17:44,2024-06-06 05:44:55,
ORD0002315,CUST001403,delivered,2023-09-16 03:05:41,2023-09-16 20:05:41,2023-09-30 20:05:41
ORD0002316,CUST000380,invoiced,2024-11-25 00:06:07,2024-11-26 05:06:07,
ORD0002317,CUST000853,processing,2023-02-05 11:47:01,2023-02-06 16:47:01,
ORD0002318,CUST001399,delivered,2023-12-12 21:21:29,2023-12-14 15:21:29,2023-12-28 15:21:29
ORD0002319,CUST001931,delivered,2023-02-22 12:06:51,2023-02-24 10:06:51,2023-03-04 10:06:51
ORD0002320,CUST000974,shipped,2024-12-16 05:49:46,2024-12-17 07:49:46,
ORD0002321,CUST001829,delivered,2024-04-13 22:34:03,2024-04-14 07:34:03,2024-04-22 07:34:03
ORD0002322,CUST001243,shipped,11/10/2024 06:13,2024-10-12 13:13:23,
ORD0002323,CUST001632,canceled,2024-06-23 02:38:16,2024-06-23 04:38:16,
ORD0002324,CUST001211,canceled,2024-02-11 11:18:31,2024-02-12 13:18:31,
ORD0002325,CUST001592,delivered,2024-06-22 23:38:17,2024-06-23 21:38:17,2024-07-06 21:38:17
ORD0002326,CUST001932,delivered,2024-09-04 05:14:21,2024-09-04 07:14:21,2024-09-22 07:14:21
ORD0002327,CUST001183,shipped,2024-01-04 08:56:50,2024-01-04 21:56:50,
ORD0002328,CUST000878,delivered,2024-12-03 18:47:48,2024-12-04 15:47:48,2024-12-20 15:47:48
ORD0002329,CUST001396,shipped,2023-09-02 02:25:43,2023-09-02 15:25:43,
ORD0002330,CUST001024,delivered,2023-12-16 16:55:47,2023-12-16 20:55:47,2024-01-02 20:55:47
ORD0002331,CUST000521,delivered,2024-07-06 00:02:03,2024-07-06 22:02:03,2024-07-19 22:02:03
ORD0002332,CUST001766,processing,31/03/2024 16:48,2024-04-02 14:48:57,
ORD0002333,CUST000301,processing,2024-02-14 07:24:33,2024-02-15 00:24:33,
ORD0002334,CUST000932,delivered,2024-10-30 05:24:14,2024-10-31 07:24:14,2024-11-06 07:24:14
ORD0002335,CUST001932,delivered,2024-07-02 11:53:55,2024-07-02 23:53:55,2024-07-09 23:53:55
ORD0002336,CUST001700,delivered,2023-03-24 15:45:13,2023-03-24 20:45:13,2023-04-09 20:45:13
ORD0002337,CUST000247,canceled,2023-11-27 19:50:34,2023-11-29 10:50:34,
ORD0002338,CUST000322,delivered,2023-05-08 16:17:47,2023-05-08 20:17:47,2023-05-19 20:17:47
ORD0002339,CUST001714,delivered,2023-03-30 13:29:15,2023-03-31 08:29:15,2023-04-10 08:29:15
ORD0002340,CUST000359,delivered,2023-06-30 17:38:11,2023-06-30 20:38:11,2023-07-13 20:38:11
ORD0002341,CUST000424,processing,2024-03-25 09:36:11,2024-03-25 10:36:11,
ORD0002342,CUST001840,processing,2023-05-26 09:17:47,2023-05-26 11:17:47,
ORD0002343,CUST000195,delivered,2024-03-17 16:11:50,2024-03-19 04:11:50,2024-03-21 04:11:50
ORD0002344,CUST000814,canceled,2023-05-24 05:10:49,2023-05-26 01:10:49,
ORD0002345,CUST001118,processing,17/02/2023 00:44,2023-02-18 04:44:03,
ORD0002346,CUST001651,delivered,2023-12-27 19:53:51,2023-12-27 21:53:51,2024-01-04 21:53:51
ORD0002347,CUST001818,delivered,2023-05-31 16:45:37,2023-06-01 21:45:37,2023-06-04 21:45:37
ORD0002348,CUST000406,delivered,2023-01-26 13:15:56,2023-01-27 08:15:56,2023-02-16 08:15:56
ORD0002349,CUST001877,delivered,2023-12-23 09:21:37,2023-12-23 21:21:37,2024-01-02 21:21:37
ORD0002350,CUST000327,delivered,2024-10-24 09:33:33,2024-10-24 17:33:33,2024-11-09 17:33:33
ORD0002351,CUST001875,shipped,2023-12-03 12:00:56,2023-12-04 04:00:56,
ORD0002352,CUST001548,delivered,2024-03-13 03:45:21,2024-03-13 06:45:21,2024-03-27 06:45:21
ORD0002353,CUST000665,delivered,2023-05-02 09:09:14,2023-05-03 08:09:14,2023-05-22 08:09:14
ORD0002354,CUST000260,delivered,2024-07-27 08:18:05,2024-07-28 23:18:05,2024-08-06 23:18:05
ORD0002355,CUST001107,delivered,2024-08-11 20:12:23,2024-08-13 04:12:23,2024-08-20 04:12:23
ORD0002356,CUST000455,delivered,2024-03-20 17:53:13,2024-03-21 01:53:13,2024-04-04 01:53:13
ORD0002357,CUST000121,delivered,2024-08-22 22:39:21,2024-08-24 11:39:21,2024-09-08 11:39:21
ORD0002358,CUST001322,delivered,2023-11-23 01:17:26,2023-11-24 06:17:26,2023-12-08 06:17:26
ORD0002359,CUST001319,delivered,2024-11-01 07:43:17,2024-11-01 18:43:17,2024-11-20 18:43:17
ORD0002360,CUST000542,invoiced,2024-04-01 19:12:15,2024-04-03 03:12:15,
ORD0002361,CUST001480,delivered,18/10/2023 05:03,2023-10-18 07:03:23,2023-11-03 07:03:23
ORD0002362,CUST001671,processing,04/12/2023 18:10,2023-12-05 14:10:26,
ORD0002363,CUST001733,shipped,2023-10-10 06:02:31,2023-10-11 09:02:31,
ORD0002364,CUST001157,delivered,2024-02-28 19:28:20,2024-02-28 20:28:20,2024-03-04 20:28:20
ORD0002365,CUST000339,processing,2024-04-07 04:00:41,2024-04-07 07:00:41,
ORD0002366,CUST001269,delivered,16/10/2023 11:27,2023-10-17 07:27:56,2023-10-26 07:27:56
ORD0002367,CUST000461,delivered,2024-03-20 14:43:31,2024-03-20 17:43:31,2024-04-09 17:43:31
ORD0002368,CUST000354,delivered,30/05/2023 11:07,2023-05-31 03:07:38,2023-06-08 03:07:38
ORD0002369,CUST000315,delivered,2023-10-05 16:40:20,2023-10-05 21:40:20,2023-10-08 21:40:20
ORD0002370,CUST000704,canceled,2024-09-17 13:00:38,2024-09-18 11:00:38,
ORD0002371,CUST002026,delivered,2024-04-25 03:55:47,2024-04-27 02:55:47,2024-05-06 02:55:47
ORD0002372,CUST000462,delivered,2024-07-11 14:52:40,2024-07-13 10:52:40,2024-07-16 10:52:40
ORD0002373,CUST000583,delivered,2024-09-23 14:23:22,2024-09-25 02:23:22,2024-10-14 02:23:22
ORD0002374,CUST001792,delivered,2023-05-31 09:43:50,2023-06-01 01:43:50,2023-06-09 01:43:50
ORD0002375,CUST001212,processing,2023-11-03 02:49:19,2023-11-03 13:49:19,
ORD0002376,CUST001155,delivered,2024-02-22 09:55:47,2024-02-22 11:55:47,2024-03-06 11:55:47
ORD0002377,CUST000258,delivered,2024-05-16 01:42:44,2024-05-16 16:42:44,2024-05-21 16:42:44
ORD0002378,CUST000185,shipped,2024-08-07 14:34:22,2024-08-08 08:34:22,
ORD0002379,CUST000641,delivered,2023-12-12 02:55:49,2023-12-13 00:55:49,2023-12-27 00:55:49
ORD0002380,CUST000241,delivered,2024-04-22 12:28:49,2024-04-22 21:28:49,2024-04-25 21:28:49
ORD0002381,CUST000154,invoiced,2023-11-08 20:17:17,2023-11-09 09:17:17,
ORD0002382,CUST000134,delivered,2023-10-16 16:54:06,2023-10-17 10:54:06,2023-10-24 10:54:06
ORD0002383,CUST001159,delivered,2024-04-07 09:09:02,2024-04-08 03:09:02,2024-04-12 03:09:02
ORD0002384,CUST000271,delivered,2024-04-28 05:25:13,2024-04-28 12:25:13,2024-05-18 12:25:13
ORD0002385,CUST000986,delivered,2024-06-30 00:41:42,2024-06-30 15:41:42,2024-07-05 15:41:42
ORD0002386,CUST001750,shipped,2023-04-10 12:07:18,2023-04-11 16:07:18,
ORD0002387,CUST001289,delivered,2023-04-28 09:32:33,2023-04-30 04:32:33,2023-05-18 04:32:33
ORD0002388,CUST001823,delivered,2023-03-21 21:55:36,2023-03-22 07:55:36,2023-03-24 07:55:36
ORD0002389,CUST000009,delivered,2024-09-20 02:21:26,2024-09-20 17:21:26,2024-09-22 17:21:26
ORD0002390,CUST000645,delivered,2024-07-30 04:39:06,2024-07-31 15:39:06,2024-08-10 15:39:06
ORD0002391,CUST000128,delivered,2023-05-29 09:27:53,2023-05-29 20:27:53,2023-06-03 20:27:53
ORD0002392,CUST000650,delivered,2023-09-15 18:24:36,2023-09-16 17:24:36,2023-09-18 17:24:36
ORD0002393,CUST001191,delivered,2024-08-22 13:07:45,2024-08-22 22:07:45,2024-08-27 22:07:45
ORD0002394,CUST001743,delivered,2024-06-01 10:41:19,2024-06-01 14:41:19,2024-06-19 14:41:19
ORD0002395,CUST000286,canceled,2023-12-25 01:34:43,2023-12-26 18:34:43,
ORD0002396,CUST001761,delivered,2023-04-09 12:39:06,2023-04-10 12:39:06,2023-04-20 12:39:06
ORD0002397,CUST000483,invoiced,2024-01-25 16:42:30,2024-01-27 03:42:30,
ORD0002398,CUST001434,delivered,2024-09-11 17:50:27,2024-09-13 13:50:27,2024-09-25 13:50:27
ORD0002399,CUST001507,shipped,2024-04-03 19:27:37,2024-04-04 07:27:37,
ORD0002400,CUST001008,delivered,22/08/2024 08:47,2024-08-23 19:47:57,2024-09-09 19:47:57
ORD0002401,CUST001969,delivered,2023-10-24 20:47:43,2023-10-26 09:47:43,2023-11-03 09:47:43
ORD0002402,CUST002019,delivered,2023-05-13 03:55:44,2023-05-14 17:55:44,2023-06-03 17:55:44
ORD0002403,CUST000339,delivered,2023-10-06 01:00:55,2023-10-07 17:00:55,2023-10-10 17:00:55
ORD0002404,CUST001966,shipped,2024-05-31 22:02:45,2024-06-01 17:02:45,
ORD0002405,CUST001608,delivered,2024-02-08 17:07:40,2024-02-09 15:07:40,2024-02-27 15:07:40
ORD0002406,CUST001698,shipped,2024-02-16 23:27:44,2024-02-17 12:27:44,
ORD0002407,CUST001455,delivered,2024-08-24 20:01:06,2024-08-25 17:01:06,2024-09-09 17:01:06
ORD0002408,CUST001514,delivered,2024-09-04 11:22:42,2024-09-04 23:22:42,2024-09-06 23:22:42
ORD0002409,CUST001595,delivered,2023-04-08 08:18:26,2023-04-10 03:18:26,2023-04-30 03:18:26
ORD0002410,CUST001509,delivered,2023-06-18 07:42:04,2023-06-20 00:42:04,2023-07-02 00:42:04
ORD0002411,CUST001137,shipped,2023-11-01 07:29:49,2023-11-01 18:29:49,
ORD0002412,CUST001092,delivered,2023-09-30 03:14:27,2023-09-30 04:14:27,2023-10-05 04:14:27
ORD0002413,CUST000830,shipped,2024-05-30 12:02:43,2024-06-01 05:02:43,
ORD0002414,CUST000352,canceled,2023-08-21 22:05:19,2023-08-23 03:05:19,
ORD0002415,CUST001323,delivered,13/08/2024 16:21,2024-08-14 09:21:24,2024-08-21 09:21:24
ORD0002416,CUST000503,processing,2023-05-12 16:12:48,2023-05-13 03:12:48,
ORD0002417,CUST001216,delivered,18/03/2024 12:34,2024-03-20 01:34:00,2024-03-27 01:34:00
ORD0002418,CUST000807,delivered,2024-06-29 09:18:59,2024-07-01 03:18:59,2024-07-16 03:18:59
ORD0002419,CUST000816,delivered,31/01/2023 21:07,2023-02-01 06:07:57,2023-02-16 06:07:57
ORD0002420,CUST001695,canceled,2024-11-23 17:23:03,2024-11-24 15:23:03,
ORD0002421,CUST000397,invoiced,2023-10-08 15:14:29,2023-10-09 19:14:29,
ORD0002422,CUST000038,delivered,2023-08-10 09:32:12,2023-08-12 03:32:12,2023-08-15 03:32:12
ORD0002423,CUST001177,delivered,2023-02-08 18:14:43,2023-02-10 18:14:43,2023-02-14 18:14:43
ORD0002424,CUST000275,delivered,2023-06-05 23:02:16,2023-06-07 10:02:16,2023-06-14 10:02:16
ORD0002425,CUST001944,processing,2023-03-14 17:41:26,2023-03-14 23:41:26,
ORD0002426,CUST000859,delivered,2023-01-05 11:54:54,2023-01-07 08:54:54,2023-01-10 08:54:54
ORD0002427,CUST000995,canceled,2023-04-22 12:16:02,2023-04-23 18:16:02,
ORD0002428,CUST001891,delivered,2023-08-07 05:58:11,2023-08-08 07:58:11,2023-08-13 07:58:11
ORD0002429,CUST001998,delivered,2024-10-14 20:51:21,2024-10-15 00:51:21,2024-11-01 00:51:21
ORD0002430,CUST001460,delivered,2023-08-07 13:18:25,2023-08-08 03:18:25,2023-08-26 03:18:25
ORD0002431,CUST000948,delivered,2024-03-20 15:06:33,2024-03-21 12:06:33,2024-03-30 12:06:33
ORD0002432,CUST001349,delivered,2023-03-12 00:10:37,2023-03-13 05:10:37,2023-03-28 05:10:37
ORD0002433,CUST001610,delivered,2023-03-28 11:13:57,2023-03-29 01:13:57,2023-04-06 01:13:57
ORD0002434,CUST000579,delivered,2024-12-28 16:16:21,2024-12-30 08:16:21,2025-01-09 08:16:21
ORD0002435,CUST001922,invoiced,2023-08-21 18:15:32,2023-08-22 03:15:32,
ORD0002436,CUST000238,delivered,2023-09-29 01:11:55,2023-09-29 19:11:55,2023-10-10 19:11:55
ORD0002437,CUST001348,delivered,2023-05-19 18:46:58,2023-05-21 00:46:58,2023-06-07 00:46:58
ORD0002438,CUST000864,delivered,2024-01-06 04:37:54,2024-01-07 07:37:54,2024-01-10 07:37:54
ORD0002439,CUST000368,delivered,2023-07-14 23:07:32,2023-07-16 14:07:32,2023-07-27 14:07:32
ORD0002440,CUST000969,delivered,2023-08-04 11:54:58,2023-08-05 15:54:58,2023-08-09 15:54:58
ORD0002441,CUST000040,delivered,2024-02-02 08:51:37,2024-02-03 20:51:37,2024-02-19 20:51:37
ORD0002442,CUST001260,processing,2024-01-20 00:32:59,2024-01-21 16:32:59,
ORD0002443,CUST001806,delivered,2024-06-25 15:14:00,2024-06-26 03:14:00,2024-06-29 03:14:00
ORD0002444,CUST001580,delivered,2023-12-12 20:55:30,2023-12-13 16:55:30,2023-12-23 16:55:30
ORD0002445,CUST000550,shipped,2023-05-11 15:48:56,2023-05-12 06:48:56,
ORD0002446,CUST001026,shipped,2024-09-10 08:56:58,2024-09-10 21:56:58,
ORD0002447,CUST000338,delivered,2023-12-15 11:10:02,2023-12-17 00:10:02,2023-12-19 00:10:02
ORD0002448,CUST000775,delivered,2024-02-21 08:59:54,2024-02-22 08:59:54,2024-03-02 08:59:54
ORD0002449,CUST000575,delivered,2024-03-10 12:11:37,2024-03-12 01:11:37,2024-03-15 01:11:37
ORD0002450,CUST000129,delivered,2024-02-05 13:40:28,2024-02-06 17:40:28,2024-02-16 17:40:28
ORD0002451,CUST000694,invoiced,2023-01-03 11:53:34,2023-01-05 02:53:34,
ORD0002452,CUST000986,processing,2024-05-01 02:09:26,2024-05-01 23:09:26,
ORD0002453,CUST000480,delivered,2023-03-12 23:15:53,2023-03-14 01:15:53,2023-03-24 01:15:53
ORD0002454,CUST001599,delivered,2023-01-13 10:19:32,2023-01-13 13:19:32,2023-02-02 13:19:32
ORD0002455,CUST000102,delivered,2023-07-23 09:14:32,2023-07-25 05:14:32,2023-08-09 05:14:32
ORD0002456,CUST001509,processing,2024-05-08 06:57:16,2024-05-09 09:57:16,
ORD0002457,CUST000564,delivered,2024-01-28 09:24:08,2024-01-29 19:24:08,2024-02-08 19:24:08
ORD0002458,CUST001110,delivered,2024-07-19 06:05:01,2024-07-20 07:05:01,2024-07-24 07:05:01
ORD0002459,CUST001799,processing,2024-10-26 23:35:22,2024-10-27 22:35:22,
ORD0002460,CUST000269,canceled,2024-10-21 11:59:31,2024-10-22 17:59:31,
ORD0002461,CUST001893,delivered,2023-07-01 15:05:40,2023-07-02 17:05:40,2023-07-21 17:05:40
ORD0002462,CUST001349,invoiced,2023-02-22 03:38:48,2023-02-23 03:38:48,
ORD0002463,CUST001528,delivered,2024-02-08 11:34:14,2024-02-09 11:34:14,2024-02-27 11:34:14
ORD0002464,CUST000973,delivered,2023-02-16 10:56:52,2023-02-16 20:56:52,2023-03-04 20:56:52
ORD0002465,CUST001591,delivered,2024-10-16 20:57:26,2024-10-17 04:57:26,2024-10-19 04:57:26
ORD0002466,CUST000788,delivered,25/06/2024 18:25,2024-06-27 00:25:21,2024-07-16 00:25:21
ORD0002467,CUST001541,invoiced,2023-10-10 05:09:56,2023-10-11 08:09:56,
ORD0002468,CUST001445,delivered,2024-11-29 14:30:08,2024-11-29 17:30:08,2024-12-08 17:30:08
ORD0002469,CUST000503,delivered,2023-11-26 22:57:13,2023-11-28 12:57:13,2023-12-16 12:57:13
ORD0002470,CUST000045,delivered,2024-05-15 16:26:26,2024-05-16 21:26:26,2024-05-24 21:26:26
ORD0002471,CUST001910,delivered,2024-09-06 17:51:18,2024-09-07 01:51:18,2024-09-26 01:51:18
ORD0002472,CUST001818,shipped,2023-11-23 17:06:21,2023-11-24 20:06:21,
ORD0002473,CUST001589,canceled,2024-05-13 22:42:07,2024-05-14 16:42:07,
ORD0002474,CUST001325,delivered,2024-02-02 14:31:17,2024-02-03 19:31:17,2024-02-21 19:31:17
ORD0002475,CUST000793,delivered,2024-01-26 05:04:02,2024-01-27 03:04:02,2024-01-30 03:04:02
ORD0002476,CUST001392,delivered,2023-11-19 02:45:19,2023-11-19 16:45:19,2023-11-30 16:45:19
ORD0002477,CUST001548,delivered,2024-06-22 17:37:55,2024-06-24 09:37:55,2024-07-12 09:37:55
ORD0002478,CUST001737,delivered,30/07/2024 05:51,2024-07-31 02:51:01,2024-08-12 02:51:01
ORD0002479,CUST000284,delivered,2023-08-24 02:25:33,2023-08-25 15:25:33,2023-08-31 15:25:33
ORD0002480,CUST000865,delivered,2023-02-15 13:55:29,2023-02-16 06:55:29,2023-03-07 06:55:29
ORD0002481,CUST001398,shipped,2024-02-28 08:44:55,2024-02-29 10:44:55,
ORD0002482,CUST001718,delivered,31/10/2023 12:11,2023-11-01 02:11:07,2023-11-08 02:11:07
ORD0002483,CUST001906,delivered,2024-08-15 15:27:47,2024-08-16 02:27:47,2024-09-05 02:27:47
ORD0002484,CUST000392,canceled,2023-01-12 12:27:06,2023-01-13 19:27:06,
ORD0002485,CUST001378,delivered,2023-05-18 17:19:23,2023-05-20 02:19:23,2023-05-24 02:19:23
ORD0002486,CUST001004,processing,2024-12-23 17:34:01,2024-12-24 04:34:01,
ORD0002487,CUST001582,delivered,2024-06-29 14:12:20,2024-06-30 11:12:20,2024-07-08 11:12:20
ORD0002488,CUST001093,delivered,2023-12-22 09:11:06,2023-12-24 09:11:06,2023-12-26 09:11:06
ORD0002489,CUST000351,processing,2024-04-19 09:07:47,2024-04-20 02:07:47,
ORD0002490,CUST001096,delivered,2023-01-24 11:05:59,2023-01-25 01:05:59,2023-02-14 01:05:59
ORD0002491,CUST001961,delivered,2024-11-17 20:06:37,2024-11-18 02:06:37,2024-11-27 02:06:37
ORD0002492,CUST000231,delivered,2024-05-11 21:29:59,2024-05-13 12:29:59,2024-05-15 12:29:59
ORD0002493,CUST000920,shipped,19/04/2024 04:27,2024-04-20 07:27:58,
ORD0002494,CUST001678,delivered,2023-05-20 12:35:14,2023-05-20 17:35:14,2023-06-01 17:35:14
ORD0002495,CUST000332,delivered,2023-10-13 17:29:23,2023-10-14 10:29:23,2023-11-01 10:29:23
ORD0002496,CUST001348,delivered,2024-03-12 01:27:46,2024-03-13 10:27:46,2024-03-23 10:27:46
ORD0002497,CUST001603,processing,2024-06-25 16:00:26,2024-06-26 02:00:26,
ORD0002498,CUST001484,delivered,2024-07-29 01:41:59,2024-07-29 06:41:59,2024-08-14 06:41:59
ORD0002499,CUST001298,delivered,2024-01-25 21:55:11,2024-01-25 22:55:11,2024-02-08 22:55:11
ORD0002500,CUST000703,delivered,2024-05-30 05:14:58,2024-05-30 20:14:58,2024-06-04 20:14:58
ORD0002501,CUST000777,delivered,2024-11-01 20:29:14,2024-11-02 00:29:14,2024-11-07 00:29:14
ORD0002502,CUST001845,delivered,2024-08-22 22:33:25,2024-08-24 12:33:25,2024-08-30 12:33:25
ORD0002503,CUST001924,delivered,2023-09-13 04:56:36,2023-09-13 05:56:36,2023-09-21 05:56:36
ORD0002504,CUST000844,delivered,2024-01-05 16:25:31,2024-01-05 20:25:31,2024-01-11 20:25:31
ORD0002505,CUST000063,delivered,2024-11-14 09:19:21,2024-11-14 13:19:21,2024-11-22 13:19:21
ORD0002506,CUST000930,delivered,2024-02-07 00:24:58,2024-02-08 17:24:58,2024-02-12 17:24:58
ORD0002507,CUST001126,delivered,2023-05-09 15:05:23,2023-05-11 06:05:23,2023-05-26 06:05:23
ORD0002508,CUST001725,processing,2023-08-18 21:30:44,2023-08-19 17:30:44,
ORD0002509,CUST001742,shipped,24/01/2023 10:47,2023-01-26 05:47:44,
ORD0002510,CUST001978,delivered,2024-01-30 07:08:21,2024-02-01 02:08:21,2024-02-21 02:08:21
ORD0002511,CUST001292,delivered,2024-05-13 08:01:43,2024-05-15 02:01:43,2024-05-31 02:01:43
ORD0002512,CUST001919,delivered,2024-02-24 07:17:21,2024-02-24 08:17:21,2024-03-10 08:17:21
ORD0002513,CUST000351,delivered,2024-04-10 21:50:34,2024-04-11 22:50:34,2024-04-16 22:50:34
ORD0002514,CUST000067,delivered,2023-04-13 20:42:21,2023-04-13 21:42:21,2023-05-02 21:42:21
ORD0002515,CUST000245,processing,2023-07-06 11:55:57,2023-07-08 03:55:57,
ORD0002516,CUST000398,delivered,2024-09-16 20:18:29,2024-09-17 08:18:29,2024-10-02 08:18:29
ORD0002517,CUST000447,canceled,2023-08-06 22:58:07,2023-08-07 16:58:07,
ORD0002518,CUST001314,delivered,2024-05-04 12:02:30,2024-05-06 06:02:30,2024-05-13 06:02:30
ORD0002519,CUST001843,invoiced,12/06/2024 12:49,2024-06-13 20:49:14,
ORD0002520,CUST001659,delivered,2024-07-25 12:01:15,2024-07-27 12:01:15,2024-08-07 12:01:15
ORD0002521,CUST000440,delivered,2023-08-20 15:54:21,2023-08-21 02:54:21,2023-09-03 02:54:21
ORD0002522,CUST000939,delivered,2023-03-11 22:11:00,2023-03-12 08:11:00,2023-03-21 08:11:00
ORD0002523,CUST000924,delivered,2024-03-04 05:20:38,2024-03-04 23:20:38,2024-03-24 23:20:38
ORD0002524,CUST000511,processing,2024-06-30 23:32:13,2024-07-01 03:32:13,
ORD0002525,CUST001880,delivered,2023-12-15 15:20:38,2023-12-15 16:20:38,2023-12-21 16:20:38
ORD0002526,CUST000086,delivered,2023-09-05 04:31:05,2023-09-05 13:31:05,2023-09-16 13:31:05
ORD0002527,CUST001026,delivered,2024-08-16 11:49:27,2024-08-17 15:49:27,2024-08-27 15:49:27
ORD0002528,CUST001595,delivered,2024-09-25 03:32:40,2024-09-26 08:32:40,2024-10-09 08:32:40
ORD0002529,CUST001721,delivered,2023-07-08 19:10:56,2023-07-09 21:10:56,2023-07-19 21:10:56
ORD0002530,CUST001790,delivered,2023-04-25 01:51:32,2023-04-25 09:51:32,2023-05-08 09:51:32
ORD0002531,CUST000756,delivered,2024-01-23 03:05:28,2024-01-23 19:05:28,2024-02-10 19:05:28
ORD0002532,CUST000404,shipped,2023-11-16 07:43:05,2023-11-16 17:43:05,
ORD0002533,CUST001652,delivered,2023-01-30 20:34:49,2023-01-31 21:34:49,2023-02-14 21:34:49
ORD0002534,CUST000581,shipped,2024-02-15 20:08:55,2024-02-16 23:08:55,
ORD0002535,CUST001672,delivered,2024-03-27 15:30:49,2024-03-28 11:30:49,2024-04-17 11:30:49
ORD0002536,CUST001853,canceled,2024-11-20 07:33:09,2024-11-22 02:33:09,
ORD0002537,CUST001238,shipped,2023-07-19 06:51:15,2023-07-19 18:51:15,
ORD0002538,CUST000022,delivered,2023-11-16 00:32:34,2023-11-17 13:32:34,2023-11-23 13:32:34
ORD0002539,CUST000835,delivered,2023-12-19 09:40:20,2023-12-20 22:40:20,2024-01-09 22:40:20
ORD0002540,CUST002017,canceled,2023-10-20 18:57:24,2023-10-22 10:57:24,
ORD0002541,CUST001681,canceled,2024-04-11 16:03:28,2024-04-13 11:03:28,
ORD0002542,CUST001122,canceled,2024-04-13 12:30:32,2024-04-15 11:30:32,
ORD0002543,CUST001771,delivered,2024-03-05 09:47:48,2024-03-07 09:47:48,2024-03-24 09:47:48
ORD0002544,CUST000923,delivered,2023-12-27 09:25:29,2023-12-29 07:25:29,2024-01-15 07:25:29
ORD0002545,CUST000616,delivered,2024-08-29 14:41:21,2024-08-30 18:41:21,2024-09-01 18:41:21
ORD0002546,CUST001940,delivered,2023-05-15 02:44:18,2023-05-15 06:44:18,2023-06-02 06:44:18
ORD0002547,CUST000670,delivered,2024-04-17 06:06:13,2024-04-17 22:06:13,2024-04-22 22:06:13
ORD0002548,CUST000316,delivered,2023-05-28 06:23:19,2023-05-29 21:23:19,2023-06-02 21:23:19
ORD0002549,CUST000593,delivered,2023-01-23 18:46:07,2023-01-23 19:46:07,2023-01-27 19:46:07
ORD0002550,CUST001904,delivered,2024-05-26 06:11:29,2024-05-28 03:11:29,2024-06-13 03:11:29
ORD0002551,CUST001933,processing,16/07/2024 15:21,2024-07-18 15:21:37,
ORD0002552,CUST001354,shipped,2024-07-29 16:48:21,2024-07-31 10:48:21,
ORD0002553,CUST000144,delivered,2023-08-09 18:41:49,2023-08-11 17:41:49,2023-08-31 17:41:49
ORD0002554,CUST001015,delivered,2023-06-08 13:10:13,2023-06-09 23:10:13,2023-06-29 23:10:13
ORD0002555,CUST000962,canceled,2024-10-17 06:09:04,2024-10-18 17:09:04,
ORD0002556,CUST001705,delivered,2024-02-24 13:03:17,2024-02-25 17:03:17,2024-03-08 17:03:17
ORD0002557,CUST000607,delivered,2024-07-30 13:09:17,2024-08-01 08:09:17,2024-08-07 08:09:17
ORD0002558,CUST000113,delivered,2024-07-05 00:33:54,2024-07-06 18:33:54,2024-07-12 18:33:54
ORD0002559,CUST001167,delivered,2024-10-07 23:05:42,2024-10-08 14:05:42,2024-10-10 14:05:42
ORD0002560,CUST001930,invoiced,2023-11-29 12:29:44,2023-12-01 03:29:44,
ORD0002561,CUST000256,delivered,2023-07-22 17:44:33,2023-07-24 05:44:33,2023-08-07 05:44:33
ORD0002562,CUST001329,delivered,2024-10-04 13:40:56,2024-10-06 00:40:56,2024-10-09 00:40:56
ORD0002563,CUST000174,delivered,2024-02-19 17:30:51,2024-02-20 02:30:51,2024-02-22 02:30:51
ORD0002564,CUST001260,delivered,2024-05-02 17:47:26,2024-05-02 18:47:26,2024-05-18 18:47:26
ORD0002565,CUST000682,delivered,2024-02-13 16:56:05,2024-02-14 20:56:05,2024-03-05 20:56:05
ORD0002566,CUST001739,delivered,2024-08-16 18:57:50,2024-08-18 12:57:50,2024-08-29 12:57:50
ORD0002567,CUST000527,delivered,2024-09-09 19:22:50,2024-09-10 15:22:50,2024-09-27 15:22:50
ORD0002568,CUST000987,delivered,2023-06-25 04:20:20,2023-06-25 09:20:20,2023-07-03 09:20:20
ORD0002569,CUST000106,delivered,2023-11-11 08:13:58,2023-11-11 15:13:58,2023-11-13 15:13:58
ORD0002570,CUST001016,delivered,2024-05-13 22:31:30,2024-05-14 09:31:30,2024-05-18 09:31:30
ORD0002571,CUST001551,delivered,2023-06-25 08:23:31,2023-06-26 11:23:31,2023-06-30 11:23:31
ORD0002572,CUST001706,delivered,2023-02-04 22:38:47,2023-02-05 08:38:47,2023-02-17 08:38:47
ORD0002573,CUST000145,processing,2024-04-09 04:26:54,2024-04-11 03:26:54,
ORD0002574,CUST000082,delivered,2023-05-31 04:47:39,2023-05-31 18:47:39,2023-06-16 18:47:39
ORD0002575,CUST001744,shipped,2024-09-21 10:17:59,2024-09-22 05:17:59,
ORD0002576,CUST001247,delivered,15/12/2023 09:39,2023-12-16 04:39:06,2024-01-04 04:39:06
ORD0002577,CUST001535,delivered,2023-12-01 23:07:06,2023-12-02 01:07:06,2023-12-18 01:07:06
ORD0002578,CUST002020,delivered,10/04/2023 22:35,2023-04-11 13:35:50,2023-04-23 13:35:50
ORD0002579,CUST001714,invoiced,2023-01-04 23:47:03,2023-01-06 20:47:03,
ORD0002580,CUST001610,delivered,2024-08-26 19:38:24,2024-08-28 10:38:24,2024-09-01 10:38:24
ORD0002581,CUST001747,delivered,2024-12-14 17:52:32,2024-12-16 14:52:32,2025-01-04 14:52:32
ORD0002582,CUST001968,delivered,2024-01-11 09:45:40,2024-01-13 06:45:40,2024-01-22 06:45:40
ORD0002583,CUST000160,processing,2024-04-05 15:59:22,2024-04-06 14:59:22,
ORD0002584,CUST001143,delivered,2023-07-18 16:19:52,2023-07-18 19:19:52,2023-07-22 19:19:52
ORD0002585,CUST001519,delivered,25/09/2023 10:27,2023-09-26 09:27:44,2023-10-15 09:27:44
ORD0002586,CUST001833,shipped,2023-03-16 03:03:34,2023-03-17 00:03:34,
ORD0002587,CUST001370,delivered,2024-07-11 22:19:44,2024-07-13 14:19:44,2024-07-27 14:19:44
ORD0002588,CUST001324,delivered,2023-04-01 20:32:15,2023-04-02 22:32:15,2023-04-05 22:32:15
ORD0002589,CUST001203,delivered,2023-02-09 06:51:00,2023-02-10 01:51:00,2023-02-12 01:51:00
ORD0002590,CUST000637,processing,2023-01-10 18:54:29,2023-01-12 16:54:29,
ORD0002591,CUST002036,delivered,2024-02-24 02:25:48,2024-02-24 20:25:48,2024-02-26 20:25:48
ORD0002592,CUST000306,delivered,2024-09-04 09:59:56,2024-09-06 07:59:56,2024-09-25 07:59:56
ORD0002593,CUST000428,processing,2023-01-19 17:53:01,2023-01-21 13:53:01,
ORD0002594,CUST000488,delivered,2023-05-05 12:33:21,2023-05-07 12:33:21,2023-05-10 12:33:21
ORD0002595,CUST000817,canceled,2024-02-27 12:40:27,2024-02-29 00:40:27,
ORD0002596,CUST001351,delivered,2024-06-22 13:24:45,2024-06-24 13:24:45,2024-06-26 13:24:45
ORD0002597,CUST000322,delivered,2023-04-28 17:07:46,2023-04-29 19:07:46,2023-05-11 19:07:46
ORD0002598,CUST001417,delivered,2024-12-01 01:21:57,2024-12-02 02:21:57,2024-12-13 02:21:57
ORD0002599,CUST000701,delivered,2024-11-04 09:08:59,2024-11-04 23:08:59,2024-11-13 23:08:59
ORD0002600,CUST000614,delivered,2023-02-13 02:28:43,2023-02-13 15:28:43,2023-03-01 15:28:43
ORD0002601,CUST001560,delivered,2024-12-06 04:10:00,2024-12-07 13:10:00,2024-12-10 13:10:00
ORD0002602,CUST000989,delivered,2023-02-03 01:35:24,2023-02-04 10:35:24,2023-02-23 10:35:24
ORD0002603,CUST001227,delivered,2023-05-11 15:14:38,2023-05-11 18:14:38,2023-05-16 18:14:38
ORD0002604,CUST001772,delivered,2024-10-13 17:52:37,2024-10-15 16:52:37,2024-10-26 16:52:37
ORD0002605,CUST000775,delivered,2024-06-12 18:05:22,2024-06-13 04:05:22,2024-06-27 04:05:22
ORD0002606,CUST001148,delivered,03/08/2023 02:59,2023-08-04 14:59:33,2023-08-16 14:59:33
ORD0002607,CUST001347,delivered,2023-11-07 04:15:00,2023-11-07 20:15:00,2023-11-14 20:15:00
ORD0002608,CUST002036,delivered,2023-11-10 05:38:40,2023-11-10 08:38:40,2023-11-21 08:38:40
ORD0002609,CUST000642,delivered,2023-05-04 10:42:40,2023-05-04 20:42:40,2023-05-06 20:42:40
ORD0002610,CUST000974,canceled,2024-06-10 17:05:00,2024-06-10 18:05:00,
ORD0002611,CUST000983,delivered,2024-07-06 09:08:05,2024-07-07 03:08:05,2024-07-18 03:08:05
ORD0002612,CUST001390,invoiced,2023-02-14 01:03:38,2023-02-15 12:03:38,
ORD0002613,CUST001833,shipped,2024-12-14 10:42:44,2024-12-16 03:42:44,
ORD0002614,CUST001527,delivered,19/02/2023 08:09,2023-02-20 03:09:45,2023-03-06 03:09:45
ORD0002615,CUST001180,delivered,2023-09-21 06:38:38,2023-09-23 05:38:38,2023-10-02 05:38:38
ORD0002616,CUST000835,processing,2024-01-13 10:09:36,2024-01-14 11:09:36,
ORD0002617,CUST000769,delivered,2023-07-12 18:43:50,2023-07-13 15:43:50,2023-08-02 15:43:50
ORD0002618,CUST000150,delivered,2023-01-11 13:41:53,2023-01-11 22:41:53,2023-01-25 22:41:53
ORD0002619,CUST001664,delivered,2023-04-11 18:31:35,2023-04-12 18:31:35,2023-04-29 18:31:35
ORD0002620,CUST000821,delivered,17/06/2023 20:03,2023-06-18 21:03:25,2023-07-06 21:03:25
ORD0002621,CUST000484,canceled,10/02/2023 06:15,2023-02-11 08:15:06,
ORD0002622,CUST000090,delivered,2023-12-04 01:50:15,2023-12-04 02:50:15,2023-12-17 02:50:15
ORD0002623,CUST000544,delivered,2024-05-12 22:25:49,2024-05-13 04:25:49,2024-05-28 04:25:49
ORD0002624,CUST001760,delivered,2024-04-01 12:47:46,2024-04-01 20:47:46,2024-04-03 20:47:46
ORD0002625,CUST001649,delivered,2023-04-02 20:37:51,2023-04-03 07:37:51,2023-04-06 07:37:51
ORD0002626,CUST000047,delivered,2023-04-22 04:44:25,2023-04-23 04:44:25,2023-04-29 04:44:25
ORD0002627,CUST001550,delivered,2024-06-18 19:40:50,2024-06-19 08:40:50,2024-07-05 08:40:50
ORD0002628,CUST001756,delivered,2024-04-09 01:23:00,2024-04-10 01:23:00,2024-04-19 01:23:00
ORD0002629,CUST000101,delivered,2023-05-25 23:50:08,2023-05-27 01:50:08,2023-05-30 01:50:08
ORD0002630,CUST000714,delivered,2023-02-03 09:32:21,2023-02-03 18:32:21,2023-02-19 18:32:21
ORD0002631,CUST001354,canceled,2024-12-26 19:18:46,2024-12-27 14:18:46,
ORD0002632,CUST001949,processing,2024-05-04 11:07:03,2024-05-06 01:07:03,
ORD0002633,CUST001420,delivered,2024-08-03 08:11:42,2024-08-04 20:11:42,2024-08-15 20:11:42
ORD0002634,CUST001141,delivered,04/02/2024 01:49,2024-02-04 07:49:39,2024-02-09 07:49:39
ORD0002635,CUST000712,delivered,2024-07-11 23:19:03,2024-07-13 11:19:03,2024-07-27 11:19:03
ORD0002636,CUST000815,delivered,2023-08-09 02:50:17,2023-08-09 21:50:17,2023-08-21 21:50:17
ORD0002637,CUST000305,delivered,2023-05-11 09:23:52,2023-05-13 00:23:52,2023-05-26 00:23:52
ORD0002638,CUST000778,delivered,10/02/2023 15:33,2023-02-11 12:33:23,2023-02-26 12:33:23
ORD0002639,CUST001660,invoiced,2023-11-14 04:55:08,2023-11-14 11:55:08,
ORD0002640,CUST000916,delivered,25/02/2024 19:09,2024-02-26 23:09:09,2024-02-28 23:09:09
ORD0002641,CUST001846,delivered,2024-05-12 08:55:58,2024-05-12 18:55:58,2024-05-27 18:55:58
ORD0002642,CUST000749,delivered,2023-06-02 19:30:20,2023-06-03 18:30:20,2023-06-07 18:30:20
ORD0002643,CUST000138,delivered,2023-10-18 20:25:06,2023-10-19 09:25:06,2023-10-21 09:25:06
ORD0002644,CUST001017,delivered,2024-05-08 01:41:09,2024-05-08 07:41:09,2024-05-23 07:41:09
ORD0002645,CUST000901,delivered,2023-02-11 22:02:50,2023-02-12 21:02:50,2023-03-02 21:02:50
ORD0002646,CUST000153,delivered,2023-05-20 05:19:36,2023-05-20 22:19:36,2023-05-31 22:19:36
ORD0002647,CUST000543,delivered,27/08/2023 21:54,2023-08-29 02:54:25,2023-09-18 02:54:25
ORD0002648,CUST000437,delivered,2023-07-25 05:18:50,2023-07-27 04:18:50,2023-08-09 04:18:50
ORD0002649,CUST001195,processing,23/06/2024 08:29,2024-06-24 14:29:27,
ORD0002650,CUST001911,shipped,2023-04-06 14:54:14,2023-04-08 03:54:14,
ORD0002651,CUST001305,shipped,2024-12-25 05:18:19,2024-12-26 15:18:19,
ORD0002652,CUST001189,delivered,2024-07-31 13:36:10,2024-08-01 09:36:10,2024-08-15 09:36:10
ORD0002653,CUST000481,delivered,2024-11-18 12:51:09,2024-11-18 20:51:09,2024-12-07 20:51:09
ORD0002654,CUST001284,delivered,2024-04-16 16:23:35,2024-04-18 00:23:35,2024-04-28 00:23:35
ORD0002655,CUST001406,delivered,2024-02-29 19:40:29,2024-02-29 20:40:29,2024-03-13 20:40:29
ORD0002656,CUST001421,shipped,2023-07-08 15:44:56,2023-07-10 15:44:56,
ORD0002657,CUST000543,delivered,2024-07-21 19:30:33,2024-07-22 01:30:33,2024-08-10 01:30:33
ORD0002658,CUST000380,delivered,2024-05-13 22:59:58,2024-05-14 05:59:58,2024-06-03 05:59:58
ORD0002659,CUST000444,delivered,2023-12-02 22:08:07,2023-12-04 06:08:07,2023-12-13 06:08:07
ORD0002660,CUST001236,processing,2024-06-20 02:19:14,2024-06-22 00:19:14,
ORD0002661,CUST001158,delivered,2024-06-14 04:48:59,2024-06-14 13:48:59,2024-06-22 13:48:59
ORD0002662,CUST001778,delivered,2023-07-21 05:31:54,2023-07-21 08:31:54,2023-07-28 08:31:54
ORD0002663,CUST001914,delivered,2023-07-06 11:17:10,2023-07-06 22:17:10,2023-07-20 22:17:10
ORD0002664,CUST001760,invoiced,2023-10-20 02:18:17,2023-10-21 18:18:17,
ORD0002665,CUST001880,delivered,2023-05-09 10:07:18,2023-05-10 15:07:18,2023-05-27 15:07:18
ORD0002666,CUST001476,canceled,2023-05-04 20:25:53,2023-05-05 11:25:53,
ORD0002667,CUST000488,delivered,2023-04-20 06:40:37,2023-04-20 09:40:37,2023-04-26 09:40:37
ORD0002668,CUST000133,delivered,2023-03-14 22:48:33,2023-03-15 15:48:33,2023-03-17 15:48:33
ORD0002669,CUST000571,delivered,2024-08-14 04:46:41,2024-08-14 16:46:41,2024-09-01 16:46:41
ORD0002670,CUST001238,delivered,2023-08-19 15:02:07,2023-08-20 23:02:07,2023-08-24 23:02:07
ORD0002671,CUST000678,delivered,2024-04-17 07:57:10,2024-04-17 08:57:10,2024-05-04 08:57:10
ORD0002672,CUST001413,processing,2023-09-12 23:07:45,2023-09-13 17:07:45,
ORD0002673,CUST000662,canceled,2023-02-14 17:20:57,2023-02-15 22:20:57,
ORD0002674,CUST001128,delivered,2024-04-28 09:10:44,2024-04-28 14:10:44,2024-05-06 14:10:44
ORD0002675,CUST001615,delivered,2023-01-03 22:28:03,2023-01-05 20:28:03,2023-01-19 20:28:03
ORD0002676,CUST001584,delivered,2024-06-07 01:43:53,2024-06-07 11:43:53,2024-06-14 11:43:53
ORD0002677,CUST001871,invoiced,2024-07-16 21:30:19,2024-07-17 07:30:19,
ORD0002678,CUST001923,delivered,29/12/2023 14:56,2023-12-30 04:56:27,2024-01-07 04:56:27
ORD0002679,CUST001966,canceled,29/01/2024 04:50,2024-01-31 01:50:56,
ORD0002680,CUST000057,delivered,2024-12-22 05:58:54,2024-12-23 01:58:54,2025-01-09 01:58:54
ORD0002681,CUST000107,delivered,2023-06-11 01:00:41,2023-06-12 13:00:41,2023-06-25 13:00:41
ORD0002682,CUST000641,shipped,2023-09-18 05:56:07,2023-09-19 21:56:07,
ORD0002683,CUST000173,delivered,2023-08-25 07:21:38,2023-08-25 16:21:38,2023-09-05 16:21:38
ORD0002684,CUST001490,delivered,03/01/2024 07:48,2024-01-05 05:48:26,2024-01-16 05:48:26
ORD0002685,CUST001383,canceled,2023-07-29 21:47:59,2023-07-29 23:47:59,
ORD0002686,CUST000342,delivered,2024-08-30 00:14:19,2024-08-31 00:14:19,2024-09-18 00:14:19
ORD0002687,CUST001724,delivered,2023-10-16 08:36:23,2023-10-17 21:36:23,2023-10-19 21:36:23
ORD0002688,CUST000501,processing,2023-01-11 17:07:39,2023-01-11 20:07:39,
ORD0002689,CUST001299,delivered,2024-01-30 20:27:17,2024-02-01 15:27:17,2024-02-14 15:27:17
ORD0002690,CUST001937,processing,2023-11-10 10:31:50,2023-11-11 03:31:50,
ORD0002691,CUST000645,delivered,2024-03-21 14:06:24,2024-03-22 19:06:24,2024-04-01 19:06:24
ORD0002692,CUST001895,delivered,2023-06-12 05:32:25,2023-06-12 12:32:25,2023-06-30 12:32:25
ORD0002693,CUST001533,delivered,2024-08-21 03:13:55,2024-08-22 16:13:55,2024-09-08 16:13:55
ORD0002694,CUST000527,delivered,2023-08-04 18:29:57,2023-08-06 09:29:57,2023-08-10 09:29:57
ORD0002695,CUST001206,shipped,2023-11-28 20:30:17,2023-11-28 23:30:17,
ORD0002696,CUST000029,canceled,2024-09-24 03:35:30,2024-09-25 00:35:30,
ORD0002697,CUST000292,delivered,2024-09-13 17:12:10,2024-09-15 12:12:10,2024-09-23 12:12:10
ORD0002698,CUST000443,shipped,2023-12-06 01:17:47,2023-12-06 20:17:47,
ORD0002699,CUST001829,shipped,2024-04-03 15:18:01,2024-04-04 08:18:01,
ORD0002700,CUST001199,delivered,2023-05-02 21:43:53,2023-05-04 19:43:53,2023-05-23 19:43:53
ORD0002701,CUST000152,canceled,2024-09-17 17:07:44,2024-09-19 11:07:44,
ORD0002702,CUST000590,canceled,2023-09-13 23:09:03,2023-09-15 15:09:03,
ORD0002703,CUST001433,delivered,15/07/2023 07:53,2023-07-15 09:53:11,2023-07-17 09:53:11
ORD0002704,CUST000281,delivered,2023-12-06 09:06:11,2023-12-08 09:06:11,2023-12-15 09:06:11
ORD0002705,CUST001874,processing,2024-02-17 11:34:26,2024-02-19 09:34:26,
ORD0002706,CUST000698,delivered,2023-05-15 01:57:47,2023-05-16 18:57:47,2023-05-23 18:57:47
ORD0002707,CUST000131,delivered,2024-01-27 11:32:02,2024-01-29 08:32:02,2024-02-15 08:32:02
ORD0002708,CUST001861,shipped,2024-02-13 19:58:39,2024-02-14 05:58:39,
ORD0002709,CUST001329,delivered,2024-02-13 10:43:59,2024-02-15 04:43:59,2024-03-05 04:43:59
ORD0002710,CUST000794,delivered,2024-02-29 14:23:52,2024-03-01 09:23:52,2024-03-05 09:23:52
ORD0002711,CUST001429,delivered,2023-03-01 20:02:09,2023-03-03 19:02:09,2023-03-11 19:02:09
ORD0002712,CUST000957,delivered,2023-10-15 10:45:06,2023-10-16 12:45:06,2023-10-27 12:45:06
ORD0002713,CUST000050,delivered,2024-02-21 16:42:53,2024-02-22 10:42:53,2024-03-07 10:42:53
ORD0002714,CUST001276,delivered,2023-11-29 17:36:25,2023-12-01 13:36:25,2023-12-17 13:36:25
ORD0002715,CUST001809,shipped,2023-10-28 10:51:29,2023-10-28 23:51:29,
ORD0002716,CUST000315,delivered,2023-01-03 21:06:32,2023-01-05 13:06:32,2023-01-21 13:06:32
ORD0002717,CUST000121,processing,2023-02-09 09:01:43,2023-02-10 20:01:43,
ORD0002718,CUST000271,delivered,06/03/2023 23:47,2023-03-08 00:47:48,2023-03-22 00:47:48
ORD0002719,CUST001401,delivered,2023-10-04 18:26:49,2023-10-05 15:26:49,2023-10-21 15:26:49
ORD0002720,CUST001362,invoiced,2023-09-14 17:47:10,2023-09-16 01:47:10,
ORD0002721,CUST001539,canceled,2023-09-08 11:20:43,2023-09-09 08:20:43,
ORD0002722,CUST002029,canceled,2023-10-01 10:58:06,2023-10-01 17:58:06,
ORD0002723,CUST000014,delivered,01/12/2023 17:33,2023-12-02 11:33:12,2023-12-04 11:33:12
ORD0002724,CUST001655,delivered,2023-09-20 04:55:08,2023-09-21 14:55:08,2023-10-06 14:55:08
ORD0002725,CUST000146,delivered,2024-06-14 17:30:40,2024-06-14 21:30:40,2024-06-27 21:30:40
ORD0002726,CUST000358,delivered,2023-09-10 12:13:50,2023-09-10 19:13:50,2023-09-16 19:13:50
ORD0002727,CUST001576,processing,2023-07-21 22:58:37,2023-07-22 03:58:37,
ORD0002728,CUST000294,delivered,2024-12-25 15:30:40,2024-12-26 10:30:40,2024-12-28 10:30:40
ORD0002729,CUST000832,processing,2023-06-06 13:55:37,2023-06-07 23:55:37,
ORD0002730,CUST001588,invoiced,2023-01-14 04:41:23,2023-01-15 13:41:23,
ORD0002731,CUST000926,delivered,01/01/2024 00:32,2024-01-01 03:32:23,2024-01-05 03:32:23
ORD0002732,CUST001658,delivered,2023-05-31 16:09:31,2023-05-31 19:09:31,2023-06-11 19:09:31
ORD0002733,CUST000124,delivered,2023-06-14 18:57:47,2023-06-16 03:57:47,2023-07-01 03:57:47
ORD0002734,CUST000099,shipped,2023-09-16 11:33:12,2023-09-18 10:33:12,
ORD0002735,CUST002013,shipped,2023-06-23 11:20:15,2023-06-23 13:20:15,
ORD0002736,CUST000435,processing,2024-08-02 23:38:17,2024-08-03 04:38:17,
ORD0002737,CUST001686,delivered,2024-03-29 12:20:43,2024-03-30 16:20:43,2024-04-03 16:20:43
ORD0002738,CUST000276,delivered,2024-11-05 04:48:54,2024-11-06 17:48:54,2024-11-23 17:48:54
ORD0002739,CUST000224,delivered,2023-04-29 17:27:10,2023-05-01 05:27:10,2023-05-11 05:27:10
ORD0002740,CUST000611,delivered,2023-07-29 22:47:26,2023-07-31 08:47:26,2023-08-02 08:47:26
ORD0002741,CUST001539,delivered,2023-06-08 22:50:23,2023-06-09 21:50:23,2023-06-23 21:50:23
ORD0002742,CUST000659,delivered,2024-01-31 16:38:20,2024-01-31 17:38:20,2024-02-20 17:38:20
ORD0002743,CUST001386,delivered,23/06/2023 00:46,2023-06-24 13:46:16,2023-07-04 13:46:16
ORD0002744,CUST000092,delivered,2024-10-05 10:15:12,2024-10-07 03:15:12,2024-10-26 03:15:12
ORD0002745,CUST001468,invoiced,2023-01-01 20:18:52,2023-01-02 07:18:52,
ORD0002746,CUST001985,delivered,2024-05-20 09:26:06,2024-05-20 12:26:06,2024-05-29 12:26:06
ORD0002747,CUST000680,canceled,2024-04-11 09:28:17,2024-04-11 18:28:17,
ORD0002748,CUST000391,delivered,2024-11-07 12:41:53,2024-11-07 14:41:53,2024-11-23 14:41:53
ORD0002749,CUST001523,delivered,2023-06-26 14:15:15,2023-06-26 21:15:15,2023-07-16 21:15:15
ORD0002750,CUST000942,delivered,2023-08-10 21:53:07,2023-08-12 08:53:07,2023-08-27 08:53:07
ORD0002751,CUST000136,delivered,2023-03-30 07:07:34,2023-04-01 02:07:34,2023-04-12 02:07:34
ORD0002752,CUST001477,delivered,2023-07-27 14:55:21,2023-07-29 10:55:21,2023-08-16 10:55:21
ORD0002753,CUST001718,delivered,2024-02-10 10:27:14,2024-02-12 09:27:14,2024-02-18 09:27:14
ORD0002754,CUST001426,shipped,2024-02-08 21:29:50,2024-02-09 23:29:50,
ORD0002755,CUST000860,canceled,2023-03-24 08:22:41,2023-03-25 21:22:41,
ORD0002756,CUST000063,delivered,2023-06-20 17:03:14,2023-06-21 04:03:14,2023-07-06 04:03:14
ORD0002757,CUST000339,delivered,2024-03-02 03:19:11,2024-03-03 04:19:11,2024-03-13 04:19:11
ORD0002758,CUST000429,processing,2023-08-16 05:15:28,2023-08-17 15:15:28,
ORD0002759,CUST000005,invoiced,2023-05-30 11:53:49,2023-06-01 08:53:49,
ORD0002760,CUST000760,delivered,2024-04-03 13:01:26,2024-04-04 03:01:26,2024-04-08 03:01:26
ORD0002761,CUST000959,processing,2024-12-18 03:59:13,2024-12-18 09:59:13,
ORD0002762,CUST001686,delivered,2024-08-28 00:28:58,2024-08-28 10:28:58,2024-09-11 10:28:58
ORD0002763,CUST001215,delivered,2023-08-31 15:43:51,2023-09-01 18:43:51,2023-09-20 18:43:51
ORD0002764,CUST000482,canceled,2024-12-21 16:23:50,2024-12-22 02:23:50,
ORD0002765,CUST000970,shipped,2023-06-20 22:16:57,2023-06-22 16:16:57,
ORD0002766,CUST001810,delivered,2024-03-25 22:24:13,2024-03-26 00:24:13,2024-04-01 00:24:13
ORD0002767,CUST000073,delivered,2024-10-04 18:10:30,2024-10-06 07:10:30,2024-10-09 07:10:30
ORD0002768,CUST001687,shipped,2023-11-29 18:12:08,2023-11-30 15:12:08,
ORD0002769,CUST001306,shipped,2024-02-26 02:27:40,2024-02-27 19:27:40,
ORD0002770,CUST002016,delivered,2024-03-04 21:33:11,2024-03-05 15:33:11,2024-03-21 15:33:11
ORD0002771,CUST000861,delivered,2023-07-21 13:14:45,2023-07-21 18:14:45,2023-08-06 18:14:45
ORD0002772,CUST002025,delivered,2024-04-05 20:48:58,2024-04-07 06:48:58,2024-04-11 06:48:58
ORD0002773,CUST001403,processing,25/02/2024 00:59,2024-02-26 16:59:55,
ORD0002774,CUST000135,delivered,2023-06-13 05:07:28,2023-06-14 11:07:28,2023-07-02 11:07:28
ORD0002775,CUST001142,delivered,2024-01-19 18:55:28,2024-01-21 09:55:28,2024-01-24 09:55:28
ORD0002776,CUST000343,delivered,2024-04-17 15:43:07,2024-04-19 13:43:07,2024-05-03 13:43:07
ORD0002777,CUST001048,delivered,2024-01-28 15:43:26,2024-01-29 08:43:26,2024-02-17 08:43:26
ORD0002778,CUST001403,delivered,2023-01-18 18:01:55,2023-01-19 04:01:55,2023-01-21 04:01:55
ORD0002779,CUST001395,delivered,2023-07-04 16:49:34,2023-07-06 06:49:34,2023-07-20 06:49:34
ORD0002780,CUST001294,delivered,2024-05-05 13:48:52,2024-05-07 08:48:52,2024-05-09 08:48:52
ORD0002781,CUST000204,shipped,2024-03-01 00:12:44,2024-03-02 11:12:44,
ORD0002782,CUST001318,delivered,2024-09-04 22:06:24,2024-09-06 09:06:24,2024-09-24 09:06:24
ORD0002783,CUST001570,delivered,2024-08-15 04:30:02,2024-08-15 11:30:02,2024-09-02 11:30:02
ORD0002784,CUST000014,processing,2024-05-18 23:33:09,2024-05-20 07:33:09,
ORD0002785,CUST001788,delivered,2024-08-13 15:21:05,2024-08-15 06:21:05,2024-08-18 06:21:05
ORD0002786,CUST001596,delivered,2023-04-13 11:49:21,2023-04-14 02:49:21,2023-05-01 02:49:21
ORD0002787,CUST000458,delivered,2023-10-29 01:48:07,2023-10-30 13:48:07,2023-11-08 13:48:07
ORD0002788,CUST001354,shipped,2024-05-29 18:37:22,2024-05-30 22:37:22,
ORD0002789,CUST000496,canceled,2024-12-16 14:39:14,2024-12-16 17:39:14,
ORD0002790,CUST001046,delivered,2024-01-17 05:43:50,2024-01-18 02:43:50,2024-02-03 02:43:50
ORD0002791,CUST001771,processing,2024-08-31 03:04:13,2024-09-02 02:04:13,
ORD0002792,CUST001414,invoiced,2023-09-20 18:43:38,2023-09-21 17:43:38,
ORD0002793,CUST001514,processing,2023-12-10 12:18:31,2023-12-11 04:18:31,
ORD0002794,CUST000205,delivered,2024-09-17 13:35:52,2024-09-19 08:35:52,2024-09-27 08:35:52
ORD0002795,CUST000901,delivered,2023-02-03 04:08:11,2023-02-05 00:08:11,2023-02-17 00:08:11
ORD0002796,CUST001074,delivered,2023-04-09 15:02:54,2023-04-11 09:02:54,2023-04-15 09:02:54
ORD0002797,CUST001057,delivered,2024-11-12 07:42:37,2024-11-14 07:42:37,2024-11-23 07:42:37
ORD0002798,CUST000637,processing,2023-07-24 14:16:19,2023-07-24 17:16:19,
ORD0002799,CUST000637,delivered,12/06/2023 12:27,2023-06-12 19:27:09,2023-06-16 19:27:09
ORD0002800,CUST001883,canceled,2023-02-09 22:16:55,2023-02-11 16:16:55,
ORD0002801,CUST002002,shipped,2024-12-28 04:12:02,2024-12-28 19:12:02,
ORD0002802,CUST001097,delivered,2023-02-08 05:31:09,2023-02-08 18:31:09,2023-02-22 18:31:09
ORD0002803,CUST001232,delivered,02/05/2024 14:45,2024-05-03 16:45:52,2024-05-22 16:45:52
ORD0002804,CUST001265,delivered,2024-05-11 05:24:07,2024-05-12 10:24:07,2024-05-28 10:24:07
ORD0002805,CUST001308,delivered,2024-11-16 10:37:20,2024-11-16 20:37:20,2024-11-25 20:37:20
ORD0002806,CUST000731,processing,2024-05-02 10:37:24,2024-05-03 04:37:24,
ORD0002807,CUST001659,delivered,2023-11-17 00:29:31,2023-11-18 07:29:31,2023-12-08 07:29:31
ORD0002808,CUST001486,canceled,2023-06-30 02:58:35,2023-07-01 06:58:35,
ORD0002809,CUST000135,invoiced,2024-09-24 13:34:55,2024-09-24 15:34:55,
ORD0002810,CUST000982,canceled,2024-04-21 06:03:21,2024-04-22 03:03:21,
ORD0002811,CUST000727,delivered,2024-05-29 02:48:24,2024-05-29 16:48:24,2024-06-03 16:48:24
ORD0002812,CUST001231,delivered,2023-12-18 20:38:39,2023-12-20 18:38:39,2023-12-27 18:38:39
ORD0002813,CUST000213,delivered,2024-05-29 14:45:35,2024-05-30 19:45:35,2024-06-08 19:45:35
ORD0002814,CUST000426,invoiced,2024-08-24 04:50:17,2024-08-26 04:50:17,
ORD0002815,CUST001145,delivered,2024-10-06 13:49:49,2024-10-06 19:49:49,2024-10-18 19:49:49
ORD0002816,CUST000335,shipped,2023-08-25 08:33:32,2023-08-27 02:33:32,
ORD0002817,CUST000769,delivered,2023-05-16 23:10:29,2023-05-17 19:10:29,2023-05-21 19:10:29
ORD0002818,CUST000710,shipped,2023-02-23 13:44:30,2023-02-25 01:44:30,
ORD0002819,CUST001632,delivered,2023-07-12 04:35:44,2023-07-13 18:35:44,2023-07-28 18:35:44
ORD0002820,CUST000614,canceled,2024-12-08 02:45:03,2024-12-08 16:45:03,
ORD0002821,CUST000796,delivered,2024-01-01 19:00:29,2024-01-03 17:00:29,2024-01-13 17:00:29
ORD0002822,CUST000730,delivered,2024-07-31 02:43:08,2024-08-01 19:43:08,2024-08-21 19:43:08
ORD0002823,CUST000548,delivered,2024-12-16 19:27:40,2024-12-18 12:27:40,2025-01-04 12:27:40
ORD0002824,CUST000869,canceled,18/04/2024 14:44,2024-04-18 22:44:17,
ORD0002825,CUST000157,delivered,2023-01-11 04:43:20,2023-01-11 15:43:20,2023-01-18 15:43:20
ORD0002826,CUST001322,delivered,2024-03-14 11:51:50,2024-03-15 23:51:50,2024-03-19 23:51:50
ORD0002827,CUST001715,delivered,2023-03-18 19:17:30,2023-03-19 10:17:30,2023-03-30 10:17:30
ORD0002828,CUST000522,delivered,2024-06-26 23:14:43,2024-06-27 03:14:43,2024-07-17 03:14:43
ORD0002829,CUST000052,delivered,2024-01-14 03:36:18,2024-01-15 08:36:18,2024-01-26 08:36:18
ORD0002830,CUST001097,delivered,2024-09-21 10:17:47,2024-09-23 09:17:47,2024-09-29 09:17:47
ORD0002831,CUST001662,delivered,2023-07-07 11:21:05,2023-07-08 00:21:05,2023-07-10 00:21:05
ORD0002832,CUST001985,invoiced,2024-05-07 18:21:03,2024-05-08 17:21:03,
ORD0002833,CUST000787,delivered,2024-07-17 21:47:19,2024-07-19 15:47:19,2024-08-08 15:47:19
ORD0002834,CUST000772,delivered,2024-03-09 06:42:34,2024-03-09 19:42:34,2024-03-24 19:42:34
ORD0002835,CUST000847,delivered,2024-08-02 15:11:57,2024-08-03 16:11:57,2024-08-18 16:11:57
ORD0002836,CUST001874,delivered,2023-04-19 09:23:51,2023-04-20 06:23:51,2023-05-04 06:23:51
ORD0002837,CUST001624,delivered,2024-12-16 22:05:39,2024-12-17 01:05:39,2024-12-23 01:05:39
ORD0002838,CUST000550,delivered,2024-06-12 05:02:20,2024-06-14 02:02:20,2024-06-23 02:02:20
ORD0002839,CUST001990,delivered,2023-02-26 05:05:03,2023-02-26 19:05:03,2023-03-14 19:05:03
ORD0002840,CUST001264,delivered,2023-11-23 23:33:42,2023-11-25 07:33:42,2023-12-08 07:33:42
ORD0002841,CUST000670,delivered,2024-11-02 06:40:52,2024-11-03 11:40:52,2024-11-07 11:40:52
ORD0002842,CUST000561,delivered,2024-09-24 10:45:58,2024-09-25 12:45:58,2024-09-30 12:45:58
ORD0002843,CUST000128,delivered,2023-06-14 02:42:28,2023-06-14 18:42:28,2023-06-27 18:42:28
ORD0002844,CUST000889,processing,2024-12-06 05:42:23,2024-12-07 05:42:23,
ORD0002845,CUST000225,delivered,2024-09-20 08:55:34,2024-09-21 09:55:34,2024-09-24 09:55:34
ORD0002846,CUST000446,delivered,06/08/2024 18:59,2024-08-07 03:59:12,2024-08-21 03:59:12
ORD0002847,CUST001830,delivered,2024-08-05 21:10:46,2024-08-06 20:10:46,2024-08-20 20:10:46
ORD0002848,CUST000995,delivered,2024-03-28 13:20:34,2024-03-29 00:20:34,2024-04-05 00:20:34
ORD0002849,CUST000611,delivered,2024-11-15 03:16:36,2024-11-15 20:16:36,2024-11-19 20:16:36
ORD0002850,CUST000005,delivered,2024-12-21 06:00:49,2024-12-22 18:00:49,2025-01-03 18:00:49
ORD0002851,CUST000130,shipped,2023-09-17 19:57:08,2023-09-18 17:57:08,
ORD0002852,CUST001596,invoiced,2024-10-08 00:49:20,2024-10-08 18:49:20,
ORD0002853,CUST000985,delivered,2024-11-10 15:16:20,2024-11-12 03:16:20,2024-11-26 03:16:20
ORD0002854,CUST000001,delivered,2024-02-21 06:42:51,2024-02-21 21:42:51,2024-03-12 21:42:51
ORD0002855,CUST000517,shipped,2023-07-01 07:21:36,2023-07-01 12:21:36,
ORD0002856,CUST000765,delivered,2024-07-21 22:50:12,2024-07-23 22:50:12,2024-07-27 22:50:12
ORD0002857,CUST000732,delivered,2024-10-06 06:13:45,2024-10-06 19:13:45,2024-10-12 19:13:45
ORD0002858,CUST001077,delivered,2024-08-30 03:20:29,2024-08-31 17:20:29,2024-09-16 17:20:29
ORD0002859,CUST000274,delivered,2023-09-04 01:51:46,2023-09-04 15:51:46,2023-09-08 15:51:46
ORD0002860,CUST000584,delivered,2023-01-11 20:18:28,2023-01-13 10:18:28,2023-01-25 10:18:28
ORD0002861,CUST001052,delivered,2023-12-05 05:18:55,2023-12-06 09:18:55,2023-12-11 09:18:55
ORD0002862,CUST000105,delivered,16/09/2024 18:56,2024-09-17 18:56:17,2024-10-05 18:56:17
ORD0002863,CUST001976,shipped,2024-02-21 06:09:09,2024-02-22 13:09:09,
ORD0002864,CUST000188,delivered,2024-03-28 06:48:17,2024-03-28 12:48:17,2024-04-09 12:48:17
ORD0002865,CUST000844,delivered,2023-12-03 10:12:21,2023-12-04 17:12:21,2023-12-23 17:12:21
ORD0002866,CUST001635,delivered,2024-09-13 12:34:50,2024-09-13 13:34:50,2024-09-30 13:34:50
ORD0002867,CUST001292,delivered,2023-03-17 14:08:07,2023-03-17 17:08:07,2023-03-31 17:08:07
ORD0002868,CUST001718,delivered,11/04/2023 02:23,2023-04-12 00:23:02,2023-04-28 00:23:02
ORD0002869,CUST001768,delivered,2024-05-21 04:31:40,2024-05-21 05:31:40,2024-05-27 05:31:40
ORD0002870,CUST000762,delivered,2023-06-03 17:32:40,2023-06-04 09:32:40,2023-06-08 09:32:40
ORD0002871,CUST000827,delivered,31/07/2024 03:22,2024-07-31 16:22:51,2024-08-02 16:22:51
ORD0002872,CUST000884,delivered,2023-02-12 02:55:02,2023-02-12 14:55:02,2023-03-02 14:55:02
ORD0002873,CUST001863,invoiced,2024-06-21 00:18:11,2024-06-21 22:18:11,
ORD0002874,CUST000590,delivered,2024-12-12 02:23:19,2024-12-12 11:23:19,2024-12-19 11:23:19
ORD0002875,CUST000826,delivered,2024-09-04 06:15:23,2024-09-04 16:15:23,2024-09-06 16:15:23
ORD0002876,CUST000654,delivered,2023-09-02 16:43:01,2023-09-02 21:43:01,2023-09-12 21:43:01
ORD0002877,CUST000869,delivered,2023-01-15 19:55:30,2023-01-16 02:55:30,2023-01-30 02:55:30
ORD0002878,CUST000263,delivered,2024-07-28 22:06:53,2024-07-30 08:06:53,2024-08-05 08:06:53
ORD0002879,CUST000475,delivered,2023-01-30 00:24:30,2023-01-30 03:24:30,2023-02-11 03:24:30
ORD0002880,CUST000096,delivered,2023-05-24 01:32:09,2023-05-25 20:32:09,2023-06-01 20:32:09
ORD0002881,CUST001741,delivered,22/01/2023 09:13,2023-01-22 16:13:14,2023-01-25 16:13:14
ORD0002882,CUST000628,shipped,2023-07-18 20:40:12,2023-07-20 07:40:12,
ORD0002883,CUST000744,delivered,2023-05-30 11:23:57,2023-05-31 02:23:57,2023-06-07 02:23:57
ORD0002884,CUST000498,delivered,2023-04-01 16:15:38,2023-04-02 06:15:38,2023-04-09 06:15:38
ORD0002885,CUST000682,delivered,2024-10-08 13:07:55,2024-10-09 16:07:55,2024-10-20 16:07:55
ORD0002886,CUST001582,delivered,2024-01-24 19:48:36,2024-01-25 21:48:36,2024-02-05 21:48:36
ORD0002887,CUST000540,delivered,2023-11-29 14:10:00,2023-11-29 15:10:00,2023-12-06 15:10:00
ORD0002888,CUST001526,delivered,31/05/2023 03:52,2023-05-31 21:52:13,2023-06-07 21:52:13
ORD0002889,CUST000895,processing,2023-10-04 23:40:41,2023-10-05 15:40:41,
ORD0002890,CUST000566,delivered,2024-01-03 19:40:33,2024-01-05 12:40:33,2024-01-14 12:40:33
ORD0002891,CUST001273,delivered,2024-04-30 12:27:28,2024-05-01 12:27:28,2024-05-08 12:27:28
ORD0002892,CUST001409,delivered,2023-11-11 09:22:56,2023-11-11 15:22:56,2023-11-23 15:22:56
ORD0002893,CUST001152,delivered,2023-11-11 00:24:12,2023-11-12 00:24:12,2023-11-24 00:24:12
ORD0002894,CUST000757,delivered,2024-08-16 10:33:45,2024-08-17 11:33:45,2024-08-24 11:33:45
ORD0002895,CUST001268,processing,2024-02-01 19:48:38,2024-02-01 23:48:38,
ORD0002896,CUST001603,delivered,2023-03-23 17:33:43,2023-03-24 11:33:43,2023-04-10 11:33:43
ORD0002897,CUST000326,delivered,2023-11-11 01:04:01,2023-11-12 15:04:01,2023-11-25 15:04:01
ORD0002898,CUST001473,delivered,2023-07-30 07:58:59,2023-07-31 09:58:59,2023-08-15 09:58:59
ORD0002899,CUST001431,delivered,2023-06-11 20:27:12,2023-06-13 08:27:12,2023-07-03 08:27:12
ORD0002900,CUST001803,canceled,2023-04-09 20:42:17,2023-04-11 13:42:17,
ORD0002901,CUST000315,delivered,2023-09-21 08:58:54,2023-09-23 08:58:54,2023-10-02 08:58:54
ORD0002902,CUST001011,processing,2024-07-03 04:48:58,2024-07-04 05:48:58,
ORD0002903,CUST000167,delivered,2023-03-22 04:51:50,2023-03-23 02:51:50,2023-04-09 02:51:50
ORD0002904,CUST001947,delivered,2024-05-15 21:05:09,2024-05-17 18:05:09,2024-06-01 18:05:09
ORD0002905,CUST000555,delivered,2024-12-24 07:12:12,2024-12-24 22:12:12,2025-01-05 22:12:12
ORD0002906,CUST001024,delivered,2023-11-16 02:19:11,2023-11-17 14:19:11,2023-11-29 14:19:11
ORD0002907,CUST001607,delivered,2024-03-24 18:03:43,2024-03-24 20:03:43,2024-04-08 20:03:43
ORD0002908,CUST001158,shipped,2023-04-25 06:25:19,2023-04-26 01:25:19,
ORD0002909,CUST001612,delivered,2024-04-23 09:24:55,2024-04-25 00:24:55,2024-05-14 00:24:55
ORD0002910,CUST000170,delivered,2023-10-03 08:04:20,2023-10-03 23:04:20,2023-10-21 23:04:20
ORD0002911,CUST000402,canceled,2024-02-05 05:18:40,2024-02-06 23:18:40,
ORD0002912,CUST001651,delivered,2023-07-10 04:12:24,2023-07-10 06:12:24,2023-07-27 06:12:24
ORD0002913,CUST001587,delivered,2023-02-15 18:32:54,2023-02-17 01:32:54,2023-02-24 01:32:54
ORD0002914,CUST001256,delivered,2023-03-16 02:44:08,2023-03-16 20:44:08,2023-04-04 20:44:08
ORD0002915,CUST001138,delivered,2024-03-06 05:15:58,2024-03-08 03:15:58,2024-03-10 03:15:58
ORD0002916,CUST000241,delivered,2023-08-02 16:12:27,2023-08-04 05:12:27,2023-08-12 05:12:27
ORD0002917,CUST001212,delivered,2023-08-10 17:38:21,2023-08-11 19:38:21,2023-08-19 19:38:21
ORD0002918,CUST000376,shipped,2023-12-10 07:52:45,2023-12-11 09:52:45,
ORD0002919,CUST002030,delivered,2023-04-22 23:08:51,2023-04-24 23:08:51,2023-05-14 23:08:51
ORD0002920,CUST000705,delivered,2024-10-16 08:22:06,2024-10-18 05:22:06,2024-10-29 05:22:06
ORD0002921,CUST000942,delivered,2024-09-25 18:18:42,2024-09-26 07:18:42,2024-10-01 07:18:42
ORD0002922,CUST001291,canceled,2024-10-30 10:16:22,2024-11-01 00:16:22,
ORD0002923,CUST001035,delivered,2023-11-04 03:00:23,2023-11-05 16:00:23,2023-11-15 16:00:23
ORD0002924,CUST001314,delivered,2024-06-02 16:07:37,2024-06-03 00:07:37,2024-06-10 00:07:37
ORD0002925,CUST001161,canceled,2024-07-12 03:46:24,2024-07-12 22:46:24,
ORD0002926,CUST000843,delivered,2023-12-17 16:31:46,2023-12-19 12:31:46,2023-12-21 12:31:46
ORD0002927,CUST001228,delivered,2023-06-19 16:13:06,2023-06-20 14:13:06,2023-06-29 14:13:06
ORD0002928,CUST000716,delivered,2023-10-30 15:13:07,2023-10-30 22:13:07,2023-11-06 22:13:07
ORD0002929,CUST001162,delivered,2023-03-30 05:26:40,2023-03-31 07:26:40,2023-04-09 07:26:40
ORD0002930,CUST000398,shipped,2023-01-27 07:42:21,2023-01-27 13:42:21,
ORD0002931,CUST001879,delivered,2023-07-31 04:31:28,2023-07-31 18:31:28,2023-08-17 18:31:28
ORD0002932,CUST001959,processing,2024-05-25 03:28:48,2024-05-25 17:28:48,
ORD0002933,CUST001690,delivered,2023-03-19 23:25:17,2023-03-20 18:25:17,2023-03-23 18:25:17
ORD0002934,CUST001491,shipped,26/07/2023 01:35,2023-07-26 07:35:29,
ORD0002935,CUST000077,delivered,04/12/2023 05:20,2023-12-05 13:20:08,2023-12-13 13:20:08
ORD0002936,CUST000820,delivered,27/02/2024 20:25,2024-02-28 02:25:26,2024-03-04 02:25:26
ORD0002937,CUST001357,delivered,2024-05-23 07:53:04,2024-05-25 05:53:04,2024-06-14 05:53:04
ORD0002938,CUST001343,shipped,2023-02-06 22:35:40,2023-02-07 18:35:40,
ORD0002939,CUST001084,delivered,2024-12-09 06:08:37,2024-12-09 09:08:37,2024-12-15 09:08:37
ORD0002940,CUST001896,canceled,2024-10-24 17:05:42,2024-10-25 20:05:42,
ORD0002941,CUST001975,canceled,26/01/2023 14:47,2023-01-28 14:47:55,
ORD0002942,CUST000295,delivered,2023-01-31 17:22:04,2023-02-01 09:22:04,2023-02-12 09:22:04
ORD0002943,CUST001027,processing,2023-06-05 18:56:11,2023-06-06 11:56:11,
ORD0002944,CUST000534,canceled,2023-08-23 20:27:45,2023-08-25 08:27:45,
ORD0002945,CUST000404,invoiced,12/06/2023 17:55,2023-06-13 14:55:11,
ORD0002946,CUST000994,delivered,2024-01-07 07:35:52,2024-01-08 20:35:52,2024-01-13 20:35:52
ORD0002947,CUST001885,canceled,2023-03-19 10:20:38,2023-03-20 00:20:38,
ORD0002948,CUST001751,delivered,2023-09-09 14:24:31,2023-09-10 21:24:31,2023-09-15 21:24:31
ORD0002949,CUST001795,delivered,2024-01-20 21:01:14,2024-01-21 05:01:14,2024-01-29 05:01:14
ORD0002950,CUST000633,shipped,2024-03-28 19:17:17,2024-03-30 15:17:17,
ORD0002951,CUST001855,processing,2023-04-16 03:16:12,2023-04-16 23:16:12,
ORD0002952,CUST001137,processing,2023-05-06 11:55:11,2023-05-07 21:55:11,
ORD0002953,CUST001721,delivered,2023-03-13 11:17:45,2023-03-13 19:17:45,2023-03-19 19:17:45
ORD0002954,CUST000279,processing,2023-08-21 07:08:33,2023-08-22 04:08:33,
ORD0002955,CUST000436,canceled,2023-02-28 07:38:49,2023-03-01 22:38:49,
ORD0002956,CUST000779,delivered,2024-02-01 04:30:48,2024-02-02 04:30:48,2024-02-19 04:30:48
ORD0002957,CUST001134,delivered,2024-04-15 01:40:36,2024-04-15 06:40:36,2024-04-24 06:40:36
ORD0002958,CUST000617,delivered,2024-12-14 00:12:49,2024-12-15 17:12:49,2025-01-01 17:12:49
ORD0002959,CUST000586,delivered,2023-10-22 08:09:19,2023-10-22 16:09:19,2023-11-11 16:09:19
ORD0002960,CUST001796,delivered,03/04/2023 09:46,2023-04-04 08:46:08,2023-04-15 08:46:08
ORD0002961,CUST000446,shipped,2023-03-06 00:04:08,2023-03-06 22:04:08,
ORD0002962,CUST000795,delivered,30/05/2024 07:46,2024-05-31 11:46:49,2024-06-07 11:46:49
ORD0002963,CUST000342,delivered,2024-09-24 08:49:58,2024-09-25 07:49:58,2024-10-07 07:49:58
ORD0002964,CUST001829,delivered,24/05/2024 12:30,2024-05-25 20:30:12,2024-06-05 20:30:12
ORD0002965,CUST001475,delivered,2023-10-10 04:06:26,2023-10-10 23:06:26,2023-10-27 23:06:26
ORD0002966,CUST001111,canceled,2023-12-29 09:01:23,2023-12-30 23:01:23,
ORD0002967,CUST000872,delivered,2024-02-09 08:37:13,2024-02-10 18:37:13,2024-02-23 18:37:13
ORD0002968,CUST002009,delivered,18/03/2024 21:32,2024-03-20 12:32:32,2024-03-29 12:32:32
ORD0002969,CUST000886,delivered,2024-04-03 22:11:15,2024-04-05 15:11:15,2024-04-17 15:11:15
ORD0002970,CUST000426,canceled,2024-12-13 06:23:23,2024-12-14 08:23:23,
ORD0002971,CUST001744,shipped,2023-08-19 02:22:57,2023-08-19 12:22:57,
ORD0002972,CUST000319,delivered,2024-07-16 15:59:57,2024-07-16 21:59:57,2024-08-01 21:59:57
ORD0002973,CUST000751,delivered,22/05/2024 12:26,2024-05-23 12:26:52,2024-06-06 12:26:52
ORD0002974,CUST001358,delivered,07/01/2023 05:02,2023-01-08 12:02:12,2023-01-10 12:02:12
ORD0002975,CUST001717,delivered,2024-05-22 21:45:23,2024-05-23 15:45:23,2024-05-28 15:45:23
ORD0002976,CUST001327,invoiced,2023-10-21 15:47:33,2023-10-23 00:47:33,
ORD0002977,CUST001612,delivered,2023-05-20 20:03:04,2023-05-21 13:03:04,2023-05-24 13:03:04
ORD0002978,CUST000007,delivered,2024-09-19 14:42:33,2024-09-19 21:42:33,2024-09-21 21:42:33
ORD0002979,CUST001108,invoiced,2023-11-16 21:26:29,2023-11-18 00:26:29,
ORD0002980,CUST000277,delivered,2024-09-16 15:30:15,2024-09-16 22:30:15,2024-10-03 22:30:15
ORD0002981,CUST001027,delivered,2023-11-13 15:01:54,2023-11-14 02:01:54,2023-11-22 02:01:54
ORD0002982,CUST000286,delivered,2024-11-06 21:21:40,2024-11-08 16:21:40,2024-11-15 16:21:40
ORD0002983,CUST000317,delivered,2023-05-21 13:44:09,2023-05-22 01:44:09,2023-06-10 01:44:09
ORD0002984,CUST001077,delivered,2024-01-01 20:52:04,2024-01-02 17:52:04,2024-01-08 17:52:04
ORD0002985,CUST000608,invoiced,04/04/2024 02:04,2024-04-05 17:04:07,
ORD0002986,CUST000548,delivered,2023-01-31 07:16:06,2023-02-02 06:16:06,2023-02-21 06:16:06
ORD0002987,CUST001822,processing,2023-06-27 05:27:12,2023-06-28 05:27:12,
ORD0002988,CUST000710,shipped,2024-12-28 00:32:15,2024-12-28 16:32:15,
ORD0002989,CUST000397,processing,2024-08-24 10:03:36,2024-08-25 07:03:36,
ORD0002990,CUST000337,shipped,2023-12-11 02:02:56,2023-12-11 12:02:56,
ORD0002991,CUST000592,delivered,2023-04-12 22:42:52,2023-04-12 23:42:52,2023-04-27 23:42:52
ORD0002992,CUST001958,shipped,2024-05-31 10:43:26,2024-06-01 10:43:26,
ORD0002993,CUST001073,invoiced,2024-04-10 02:20:49,2024-04-11 08:20:49,
ORD0002994,CUST000048,delivered,2024-02-24 18:42:25,2024-02-24 20:42:25,2024-02-28 20:42:25
ORD0002995,CUST000496,delivered,2023-08-12 11:05:15,2023-08-14 09:05:15,2023-08-26 09:05:15
ORD0002996,CUST001558,delivered,2024-11-07 23:33:34,2024-11-08 08:33:34,2024-11-26 08:33:34
ORD0002997,CUST000961,canceled,2023-07-23 23:54:31,2023-07-24 18:54:31,
ORD0002998,CUST001809,shipped,2023-08-12 13:40:16,2023-08-14 12:40:16,
ORD0002999,CUST001380,delivered,2023-05-17 03:34:16,2023-05-17 09:34:16,2023-06-04 09:34:16
ORD0002499,CUST001298,delivered,2024-01-25 21:55:11,2024-01-25 22:55:11,2024-02-08 22:55:11
ORD0000914,CUST000307,delivered,2023-03-05 22:22:27,2023-03-07 22:22:27,2023-03-09 22:22:27
ORD0000092,CUST001369,processing,2023-08-05 06:44:37,2023-08-07 05:44:37,
ORD0001579,CUST001203,delivered,06/01/2024 21:45,2024-01-07 19:45:57,2024-01-25 19:45:57
ORD0000909,CUST001669,canceled,2023-12-05 08:36:33,2023-12-06 10:36:33,
ORD0001410,CUST001218,invoiced,2024-06-04 04:42:00,2024-06-05 18:42:00,
ORD0002038,CUST000408,processing,2024-03-19 13:37:46,2024-03-20 19:37:46,
ORD0002290,CUST001102,shipped,2023-03-29 09:16:05,2023-03-31 01:16:05,
ORD0002631,CUST001354,canceled,2024-12-26 19:18:46,2024-12-27 14:18:46,
ORD0002909,CUST001612,delivered,2024-04-23 09:24:55,2024-04-25 00:24:55,2024-05-14 00:24:55
ORD0000102,CUST000079,delivered,2024-04-19 17:54:51,2024-04-20 07:54:51,2024-04-27 07:54:51
ORD0002759,CUST000005,invoiced,2023-05-30 11:53:49,2023-06-01 08:53:49,
ORD0000931,CUST000619,delivered,2024-06-05 16:17:23,2024-06-07 04:17:23,2024-06-27 04:17:23
ORD0001903,CUST001422,delivered,2024-04-26 02:56:39,2024-04-27 18:56:39,2024-05-07 18:56:39
ORD0002286,CUST000795,delivered,12/11/2023 19:03,2023-11-13 15:03:24,2023-11-19 15:03:24
