order_id,order_item_id,product_id,seller_id,price,freight_value
ORD0000000,1,PROD00074,SELL00113,232.92,55.47
ORD0000000,2,PROD00294,SELL96438,501.67,57.68
ORD0000001,1,PROD00156,SELL00005,494.71,20.3
ORD0000001,2,PROD00214,SELL00110,514.03,7.69
ORD0000002,1,PROD00278,SELL00096,69.24,7.67
ORD0000002,2,PROD00119,SELL00069,340.32,54.15
ORD0000002,3,PROD00227,SELL00057,382.15,35.81
ORD0000003,1,PROD00183,SELL00005,465.61,15.69
ORD0000003,2,PROD00082,SELL00101,273.13,21.57
ORD0000003,3,PROD00092,SELL00002,482.94,42.14
ORD0000004,1,PROD00108,SELL00001,692.35,20.06
ORD0000005,1,PROD00169,SELL00101,544.21,23.02
ORD0000006,1,PROD00299,SELL00098,164.86,32.44
ORD0000007,1,PROD00188,SELL00061,897.01,16.71
ORD0000008,1,PROD00149,SELL00056,764.91,22.72
ORD0000008,2,PROD00268,SELL00011,258.69,55.14
ORD0000009,1,PROD00046,SELL00025,441.88,57.32
ORD0000010,1,PROD00044,SELL00138,835.47,14.73
ORD0000010,2,PROD00090,SELL00097,547.57,31.12
ORD0000010,3,PROD94625,SELL00090,678.76,58.41
ORD0000011,1,PROD00023,SELL00091,16.66,13.32
ORD0000012,1,PROD00295,SELL00062,198.27,39.04
ORD0000012,2,PROD00031,SELL91355,173.49,37.0
ORD0000013,1,PROD00174,SELL00071,632.91,8.52
ORD0000014,1,PROD00001,SELL00148,897.68,49.65
ORD0000015,1,PROD00176,SELL00055,131.58,17.89
ORD0000016,1,PROD00273,SELL00072,304.93,20.93
ORD0000016,2,PROD00227,SELL92937,557.2,56.97
ORD0000017,1,PROD00053,SELL00115,876.79,28.53
ORD0000017,2,PROD00029,SELL00120,586.71,46.78
ORD0000018,1,PROD00283,SELL00082,434.24,8.02
ORD0000019,1,PROD00079,SELL00017,610.8,26.49
ORD0000019,2,PROD00226,SELL00122,572.92,16.25
ORD0000020,1,PROD00063,SELL00149,148.13,52.8
ORD0000021,1,PROD00262,SELL00056,821.24,9.61
ORD0000021,2,PROD00159,SELL00010,35.64,46.06
ORD0000022,1,PROD00291,SELL00144,817.9,13.17
ORD0000023,1,PROD00132,SELL00128,767.7,25.9
ORD0000023,2,PROD00274,SELL00026,446.79,35.46
ORD0000024,1,PROD00036,SELL00087,806.91,55.56
ORD0000025,1,PROD00015,SELL00090,155.56,28.54
ORD0000026,1,PROD00112,SELL00094,66.52,12.95
ORD0000027,1,PROD00112,SELL00063,445.12,50.89
ORD0000028,1,PROD00240,SELL00066,480.65,33.12
ORD0000029,1,PROD00295,SELL00094,749.01,6.19
ORD0000030,1,PROD97771,SELL00145,382.64,26.07
ORD0000031,1,PROD00027,SELL00032,678.02,53.17
ORD0000031,2,PROD00118,SELL00005,556.26,37.14
ORD0000031,3,PROD00137,SELL00018,126.48,11.06
ORD0000032,1,PROD00002,SELL00050,270.41,32.14
ORD0000032,2,PROD00003,SELL00088,875.39,44.77
ORD0000033,1,PROD00266,SELL00013,418.37,16.2
ORD0000033,2,PROD00047,SELL00142,615.66,57.08
ORD0000033,3,PROD00124,SELL00039,627.04,55.96
ORD0000034,1,PROD00202,SELL00113,20.36,15.84
ORD0000035,1,PROD00266,SELL00001,110.31,59.36
ORD0000035,2,PROD00013,SELL00012,803.19,44.6
ORD0000036,1,PROD00198,SELL00139,191.05,59.61
ORD0000037,1,PROD00195,SELL00130,157.98,58.75
ORD0000037,2,PROD00043,SELL00097,17.67,23.46
ORD0000037,3,PROD00146,SELL00034,31.28,59.2
ORD0000038,1,PROD00026,SELL00048,139.46,39.19
ORD0000039,1,PROD00110,SELL00000,78.83,54.44
ORD0000040,1,PROD00271,SELL00015,491.3,7.68
ORD0000041,1,PROD00018,SELL00017,64.41,8.38
ORD0000041,2,PROD00197,SELL00087,77.4,16.75
ORD0000042,1,PROD00140,SELL00055,434.71,30.19
ORD0000043,1,PROD00006,SELL00103,469.42,22.48
ORD0000044,1,PROD00230,SELL00009,91.08,55.99
ORD0000045,1,PROD00052,SELL00134,627.48,40.52
ORD0000045,2,PROD00223,SELL00093,469.1,26.41
ORD0000045,3,PROD00216,SELL00145,518.34,50.46
ORD0000046,1,PROD00266,SELL00050,152.15,8.61
ORD0000047,1,PROD00170,SELL00137,194.47,15.43
ORD0000047,2,PROD00178,SELL00112,637.87,35.0
ORD0000048,1,PROD00296,SELL00130,155.05,13.76
ORD0000048,2,PROD00239,SELL00123,308.18,7.38
ORD0000048,3,PROD00137,SELL00109,497.67,38.26
ORD0000048,4,PROD00103,SELL99444,313.37,13.67
ORD0000049,1,PROD00220,SELL00056,236.89,8.83
ORD0000050,1,PROD00163,SELL00132,339.75,21.49
ORD0000050,2,PROD00278,SELL00048,847.73,5.42
ORD0000051,1,PROD00004,SELL00057,504.36,44.33
ORD0000051,2,PROD00243,SELL00029,117.47,46.8
ORD0000051,3,PROD00246,SELL00099,186.49,47.91
ORD0000051,4,PROD00042,SELL00012,746.18,44.4
ORD0000052,1,PROD00250,SELL00013,320.33,41.23
ORD0000053,1,PROD00240,SELL00109,841.76,42.28
ORD0000053,2,PROD00192,SELL00111,321.28,26.93
ORD0000054,1,PROD00193,SELL00060,183.25,47.84
ORD0000055,1,PROD00082,SELL00072,850.93,59.25
ORD0000055,2,PROD00100,SELL00051,861.8,15.03
ORD0000056,1,PROD00124,SELL00003,418.1,24.9
ORD0000056,2,PROD00215,SELL00029,307.67,48.37
ORD0000057,1,PROD00019,SELL00024,48.93,26.83
ORD0000058,1,PROD99256,SELL00102,320.2,36.45
ORD0000059,1,PROD00172,SELL00142,827.38,16.18
ORD0000060,1,PROD00183,SELL00022,544.01,10.93
ORD0000061,1,PROD00129,SELL00129,832.37,59.17
ORD0000062,1,PROD00079,SELL00053,91.44,59.72
ORD0000063,1,PROD00216,SELL00132,136.27,26.61
ORD0000064,1,PROD00085,SELL00127,606.03,20.96
ORD0000064,2,PROD00072,SELL00100,600.92,9.75
ORD0000064,3,PROD00008,SELL00006,507.84,23.59
ORD0000065,1,PROD00205,SELL00051,659.27,53.35
ORD0000066,1,PROD00215,SELL00055,349.34,44.2
ORD0000067,1,PROD91953,SELL00009,534.41,33.95
ORD0000068,1,PROD00266,SELL00000,730.39,22.03
ORD0000069,1,PROD00118,SELL00071,67.28,34.91
ORD0000069,2,PROD00025,SELL00058,53.84,19.44
ORD0000069,3,PROD00217,SELL00106,360.48,34.36
ORD0000069,4,PROD00042,SELL00035,610.1,28.6
ORD0000070,1,PROD00292,SELL00117,805.68,58.98
ORD0000070,2,PROD00177,SELL00056,75.45,50.55
ORD0000070,3,PROD00178,SELL00054,-19.36,45.79
ORD0000071,1,PROD00229,SELL00074,880.97,10.21
ORD0000072,1,PROD00216,SELL00121,898.74,45.34
ORD0000073,1,PROD00207,SELL00109,436.15,52.67
ORD0000074,1,PROD00064,SELL00138,731.24,16.92
ORD0000075,1,PROD00183,SELL00101,792.3,48.03
ORD0000076,1,PROD00081,SELL00110,397.03,33.31
ORD0000076,2,PROD94190,SELL00101,86.11,26.73
ORD0000076,3,PROD00281,SELL00137,870.94,5.04
ORD0000076,4,PROD00162,SELL00027,130.57,23.78
ORD0000077,1,PROD00253,SELL00006,498.55,15.34
ORD0000078,1,PROD00162,SELL00018,827.33,56.77
ORD0000078,2,PROD00055,SELL00099,303.3,35.33
ORD0000078,3,PROD00071,SELL00090,781.89,24.3
ORD0000078,4,PROD00041,SELL00078,477.67,7.17
ORD0000079,1,PROD00094,SELL00046,475.24,29.6
ORD0000080,1,PROD00025,SELL00004,698.71,37.43
ORD0000081,1,PROD00174,SELL00016,582.83,26.53
ORD0000082,1,PROD00011,SELL00088,142.72,14.96
ORD0000083,1,PROD00060,SELL00004,352.05,53.75
ORD0000084,1,PROD00010,SELL00066,708.99,54.76
ORD0000084,2,PROD00132,SELL00146,411.5,18.16
ORD0000084,3,PROD00147,SELL00083,450.29,48.0
ORD0000084,4,PROD00141,SELL00094,812.05,42.31
ORD0000085,1,PROD00277,SELL00053,331.98,21.72
ORD0000086,1,PROD00033,SELL00109,807.63,58.64
ORD0000087,1,PROD00263,SELL00068,460.84,48.26
ORD0000088,1,PROD00180,SELL00109,570.58,52.01
ORD0000088,2,PROD00200,SELL00132,288.64,13.48
ORD0000088,3,PROD00242,SELL00120,13.97,32.93
ORD0000089,1,PROD00209,SELL00143,204.31,50.6
ORD0000090,1,PROD00220,SELL00086,781.1,6.74
ORD0000091,1,PROD00030,SELL00008,540.23,34.26
ORD0000091,2,PROD00004,SELL00050,259.42,55.48
ORD0000092,1,PROD00239,SELL00125,817.12,51.45
ORD0000092,2,PROD00176,SELL00001,225.0,55.9
ORD0000093,1,PROD00179,SELL00009,612.06,42.9
ORD0000094,1,PROD00094,SELL00024,287.27,23.89
ORD0000095,1,PROD00135,SELL00059,743.58,46.28
ORD0000096,1,PROD00040,SELL00025,109.29,18.15
ORD0000096,2,PROD00085,SELL00047,797.48,49.94
ORD0000096,3,PROD00194,SELL00088,108.7,7.81
ORD0000097,1,PROD00179,SELL00087,859.46,19.27
ORD0000098,1,PROD00041,SELL00082,93.35,31.22
ORD0000098,2,PROD00183,SELL00056,622.79,43.42
ORD0000098,3,PROD00242,SELL00027,379.9,15.99
ORD0000098,4,PROD00071,SELL00081,749.01,25.6
ORD0000099,1,PROD00085,SELL00065,795.74,14.56
ORD0000099,2,PROD00269,SELL00113,359.01,5.78
ORD0000100,1,PROD00042,SELL00110,223.94,48.46
ORD0000101,1,PROD00037,SELL00126,847.41,22.09
ORD0000101,2,PROD00276,SELL00032,823.7,43.71
ORD0000102,1,PROD00088,SELL00055,259.45,17.6
ORD0000103,1,PROD00019,SELL00088,766.59,9.97
ORD0000103,2,PROD00074,SELL00062,366.56,25.14
ORD0000103,3,PROD00089,SELL00060,105.19,19.04
ORD0000104,1,PROD00238,SELL00016,107.98,23.22
ORD0000104,2,PROD00132,SELL00021,473.89,43.9
ORD0000105,1,PROD00190,SELL00021,798.97,42.71
ORD0000106,1,PROD00247,SELL00027,295.32,27.44
ORD0000106,2,PROD00239,SELL00099,813.79,57.8
ORD0000107,1,PROD00082,SELL00109,135.62,38.79
ORD0000107,2,PROD00250,SELL00039,149.39,37.65
ORD0000107,3,PROD00038,SELL00113,203.77,30.33
ORD0000108,1,PROD00070,SELL00115,443.62,29.31
ORD0000109,1,PROD00041,SELL00050,60.17,20.08
ORD0000109,2,PROD00090,SELL97181,670.64,33.64
ORD0000109,3,PROD00017,SELL00079,577.68,53.43
ORD0000110,1,PROD00203,SELL00012,252.16,38.25
ORD0000111,1,PROD00235,SELL00076,566.54,34.51
ORD0000112,1,PROD00258,SELL00019,800.81,50.66
ORD0000113,1,PROD00160,SELL00062,259.83,8.31
ORD0000114,1,PROD94850,SELL00140,160.36,48.79
ORD0000115,1,PROD00039,SELL00099,475.34,44.8
ORD0000115,2,PROD00004,SELL00144,612.2,42.41
ORD0000116,1,PROD00194,SELL00119,676.59,37.59
ORD0000116,2,PROD00246,SELL00010,30.49,12.12
ORD0000117,1,PROD00242,SELL00116,111.48,18.28
ORD0000117,2,PROD00014,SELL00136,755.68,22.64
ORD0000118,1,PROD00041,SELL00149,680.49,39.22
ORD0000119,1,PROD00186,SELL00120,136.07,26.75
ORD0000120,1,PROD00232,SELL00020,220.23,29.54
ORD0000120,2,PROD00256,SELL00036,763.25,18.23
ORD0000120,3,PROD00205,SELL00097,831.96,29.23
ORD0000121,1,PROD00106,SELL00050,494.48,51.86
ORD0000122,1,PROD00084,SELL00055,621.68,56.02
ORD0000123,1,PROD00035,SELL00100,798.21,14.67
ORD0000124,1,PROD92809,SELL00117,380.23,10.32
ORD0000124,2,PROD00052,SELL00075,465.01,11.2
ORD0000125,1,PROD00212,SELL00006,759.03,26.36
ORD0000126,1,PROD00261,SELL00005,202.54,35.32
ORD0000126,2,PROD00014,SELL00056,442.82,38.18
ORD0000126,3,PROD00116,SELL00020,691.2,36.72
ORD0000126,4,PROD00058,SELL00042,439.37,8.17
ORD0000127,1,PROD00135,SELL00037,525.22,9.51
ORD0000128,1,PROD00245,SELL00049,28.08,34.51
ORD0000129,1,PROD00205,SELL00122,307.75,29.65
ORD0000129,2,PROD00266,SELL00147,434.49,20.67
ORD0000130,1,PROD00082,SELL00034,104.65,11.83
ORD0000130,2,PROD00171,SELL00091,469.84,10.22
ORD0000131,1,PROD00004,SELL00126,197.92,49.04
ORD0000131,2,PROD00160,SELL00062,94.19,27.44
ORD0000132,1,PROD00187,SELL00114,737.9,45.97
ORD0000133,1,PROD00210,SELL00143,461.23,9.88
ORD0000134,1,PROD00297,SELL00013,358.75,58.79
ORD0000135,1,PROD00006,SELL00109,891.99,24.14
ORD0000136,1,PROD00113,SELL00049,385.12,11.63
ORD0000136,2,PROD00269,SELL00148,42.5,51.63
ORD0000137,1,PROD00243,SELL00091,677.16,25.44
ORD0000137,2,PROD00174,SELL00060,615.17,55.44
ORD0000138,1,PROD00142,SELL00055,547.24,13.48
ORD0000138,2,PROD00175,SELL00069,71.97,38.01
ORD0000138,3,PROD00034,SELL00065,750.44,52.72
ORD0000139,1,PROD00093,SELL00103,731.78,11.68
ORD0000139,2,PROD00133,SELL00025,743.98,44.78
ORD0000139,3,PROD00048,SELL00055,-11.41,38.17
ORD0000140,1,PROD00172,SELL00011,588.94,28.58
ORD0000141,1,PROD00275,SELL00071,823.95,6.77
ORD0000142,1,PROD00055,SELL00048,302.37,57.01
ORD0000142,2,PROD00260,SELL00052,201.96,39.19
ORD0000143,1,PROD00069,SELL00057,638.79,58.6
ORD0000144,1,PROD00087,SELL00069,93.61,38.92
ORD0000145,1,PROD00031,SELL00062,174.4,17.91
ORD0000145,2,PROD00048,SELL00025,587.34,22.05
ORD0000145,3,PROD00283,SELL00069,148.12,59.19
ORD0000146,1,PROD00188,SELL96040,400.8,24.31
ORD0000146,2,PROD00263,SELL00016,881.99,27.91
ORD0000147,1,PROD00052,SELL00089,181.14,34.65
ORD0000147,2,PROD00239,SELL00079,749.33,12.38
ORD0000148,1,PROD00028,SELL00045,353.03,9.19
ORD0000148,2,PROD00013,SELL00081,351.06,38.91
ORD0000148,3,PROD00089,SELL00044,225.16,26.02
ORD0000148,4,PROD00216,SELL00042,517.06,17.86
ORD0000149,1,PROD00033,SELL00138,706.27,15.55
ORD0000150,1,PROD00156,SELL00038,271.61,25.82
ORD0000150,2,PROD00096,SELL00048,189.3,21.49
ORD0000150,3,PROD00121,SELL00120,340.03,56.65
ORD0000151,1,PROD00130,SELL00129,396.75,49.46
ORD0000152,1,PROD00287,SELL00034,503.39,23.89
ORD0000153,1,PROD00011,SELL00088,155.05,46.75
ORD0000154,1,PROD00191,SELL00122,760.64,52.61
ORD0000154,2,PROD00216,SELL00053,297.12,10.29
ORD0000154,3,PROD00022,SELL00031,-11.9,33.77
ORD0000155,1,PROD00069,SELL00116,198.82,20.11
ORD0000155,2,PROD00205,SELL00132,866.86,28.63
ORD0000156,1,PROD00008,SELL00027,417.14,51.93
ORD0000156,2,PROD00221,SELL00021,763.09,39.17
ORD0000157,1,PROD00110,SELL00066,718.44,57.31
ORD0000158,1,PROD00245,SELL00107,394.5,22.92
ORD0000159,1,PROD00216,SELL00024,351.98,41.42
ORD0000160,1,PROD00104,SELL00053,872.89,25.24
ORD0000160,2,PROD00294,SELL00004,795.72,59.57
ORD0000160,3,PROD00008,SELL00104,373.49,43.91
ORD0000161,1,PROD00023,SELL00067,812.0,48.75
ORD0000162,1,PROD00085,SELL00114,120.59,57.74
ORD0000163,1,PROD00123,SELL00125,390.67,14.48
ORD0000164,1,PROD00036,SELL00063,470.3,20.81
ORD0000164,2,PROD00286,SELL00098,184.22,33.17
ORD0000164,3,PROD00043,SELL00020,766.54,12.77
ORD0000165,1,PROD00106,SELL95816,581.9,32.7
ORD0000166,1,PROD00250,SELL00134,344.58,31.12
ORD0000166,2,PROD00212,SELL00049,675.05,16.86
ORD0000166,3,PROD00132,SELL00096,674.92,44.53
ORD0000167,1,PROD00077,SELL00094,401.27,28.19
ORD0000168,1,PROD00229,SELL00031,798.36,21.58
ORD0000168,2,PROD00219,SELL00105,802.17,26.35
ORD0000168,3,PROD00160,SELL00130,556.59,55.02
ORD0000169,1,PROD00135,SELL00095,555.72,42.63
ORD0000169,2,PROD00257,SELL00035,532.72,51.66
ORD0000170,1,PROD00014,SELL00061,433.72,30.62
ORD0000171,1,PROD00076,SELL00122,384.81,24.51
ORD0000172,1,PROD00045,SELL00120,692.11,40.85
ORD0000173,1,PROD00016,SELL00011,518.07,20.28
ORD0000173,2,PROD00203,SELL00129,143.41,45.97
ORD0000174,1,PROD00170,SELL00108,335.16,23.81
ORD0000175,1,PROD00210,SELL00008,571.76,55.35
ORD0000176,1,PROD00133,SELL00146,665.71,8.86
ORD0000177,1,PROD00185,SELL00019,79.91,42.92
ORD0000177,2,PROD00204,SELL00020,87.12,10.6
ORD0000177,3,PROD00229,SELL00070,367.5,9.21
ORD0000178,1,PROD00047,SELL00104,464.8,41.79
ORD0000179,1,PROD00204,SELL00098,497.23,13.1
ORD0000180,1,PROD00188,SELL00095,24.83,40.3
ORD0000180,2,PROD00119,SELL00000,659.6,36.58
ORD0000181,1,PROD00008,SELL00123,615.46,39.27
ORD0000182,1,PROD00028,SELL00055,789.25,34.26
ORD0000182,2,PROD00157,SELL00062,199.66,37.49
ORD0000182,3,PROD00256,SELL00066,415.03,52.56
ORD0000183,1,PROD00134,SELL00004,837.62,46.05
ORD0000184,1,PROD00258,SELL00057,755.99,59.57
ORD0000184,2,PROD00208,SELL00127,436.27,10.25
ORD0000184,3,PROD00187,SELL00048,17.61,24.54
ORD0000185,1,PROD00214,SELL00136,735.0,24.21
ORD0000186,1,PROD00186,SELL00030,445.07,38.13
ORD0000186,2,PROD00029,SELL00133,280.09,53.74
ORD0000186,3,PROD00087,SELL00141,881.39,23.17
ORD0000186,4,PROD00056,SELL00088,684.43,14.78
ORD0000187,1,PROD00112,SELL00146,91.51,54.03
ORD0000187,2,PROD00100,SELL00016,738.92,52.64
ORD0000187,3,PROD00088,SELL00040,101.39,38.45
ORD0000187,4,PROD00123,SELL00013,757.87,45.45
ORD0000188,1,PROD00241,SELL00075,90.6,9.79
ORD0000189,1,PROD00170,SELL00091,332.47,51.69
ORD0000190,1,PROD00030,SELL00075,19.03,29.25
ORD0000191,1,PROD00208,SELL00140,279.64,47.24
ORD0000191,2,PROD00221,SELL00078,299.63,53.75
ORD0000192,1,PROD00050,SELL00068,313.61,8.03
ORD0000192,2,PROD00052,SELL00026,826.67,46.15
ORD0000193,1,PROD00008,SELL00134,576.34,13.8
ORD0000194,1,PROD00274,SELL00128,833.2,13.36
ORD0000194,2,PROD00182,SELL00102,161.64,48.02
ORD0000194,3,PROD00195,SELL00007,480.78,39.73
ORD0000195,1,PROD00001,SELL94774,133.75,48.98
ORD0000195,2,PROD00180,SELL00033,500.53,30.07
ORD0000196,1,PROD00237,SELL00068,507.28,38.86
ORD0000197,1,PROD00237,SELL00037,552.85,9.86
ORD0000198,1,PROD00169,SELL00131,797.18,49.16
ORD0000198,2,PROD00264,SELL00097,48.99,35.38
ORD0000198,3,PROD00093,SELL00107,706.93,51.6
ORD0000199,1,PROD00204,SELL00087,46.98,36.88
ORD0000200,1,PROD00299,SELL00111,358.91,42.83
ORD0000201,1,PROD00181,SELL00034,206.2,35.74
ORD0000202,1,PROD00195,SELL00060,75.82,26.41
ORD0000202,2,PROD00065,SELL00035,760.48,6.27
ORD0000202,3,PROD00099,SELL00002,830.57,31.51
ORD0000202,4,PROD00228,SELL00020,680.66,38.85
ORD0000203,1,PROD00131,SELL00133,532.21,59.47
ORD0000204,1,PROD00291,SELL00018,534.22,46.44
ORD0000205,1,PROD00185,SELL00112,123.95,18.17
ORD0000205,2,PROD00209,SELL00014,739.77,23.23
ORD0000205,3,PROD00201,SELL00142,237.6,33.08
ORD0000206,1,PROD00211,SELL00084,348.1,41.35
ORD0000206,2,PROD00273,SELL00040,477.63,14.06
ORD0000206,3,PROD92815,SELL00039,228.37,16.53
ORD0000207,1,PROD00274,SELL00108,441.51,27.52
ORD0000208,1,PROD00142,SELL00141,204.64,58.55
ORD0000209,1,PROD00243,SELL00020,215.54,39.99
ORD0000209,2,PROD00176,SELL00084,543.63,13.73
ORD0000210,1,PROD00234,SELL00022,870.5,8.54
ORD0000210,2,PROD00197,SELL00040,391.3,22.78
ORD0000211,1,PROD00252,SELL00085,209.28,38.72
ORD0000211,2,PROD00183,SELL00111,286.41,11.14
ORD0000212,1,PROD00004,SELL00012,513.39,16.36
ORD0000213,1,PROD00056,SELL00049,754.94,9.72
ORD0000213,2,PROD00079,SELL00071,138.58,33.84
ORD0000213,3,PROD00110,SELL00042,436.74,27.56
ORD0000214,1,PROD00223,SELL00012,859.78,49.25
ORD0000214,2,PROD00140,SELL94342,-8.07,21.5
ORD0000215,1,PROD00123,SELL00134,365.13,59.27
ORD0000216,1,PROD00139,SELL00004,316.99,37.22
ORD0000216,2,PROD00223,SELL00068,838.84,50.36
ORD0000216,3,PROD00253,SELL00085,676.85,26.73
ORD0000216,4,PROD00293,SELL00039,642.33,50.16
ORD0000217,1,PROD00078,SELL00093,666.6,14.39
ORD0000218,1,PROD00164,SELL00055,505.7,52.35
ORD0000218,2,PROD00163,SELL00022,823.53,26.25
ORD0000218,3,PROD00189,SELL00131,-21.94,46.16
ORD0000219,1,PROD00246,SELL00021,602.91,54.15
ORD0000219,2,PROD00258,SELL00123,343.33,8.77
ORD0000220,1,PROD00157,SELL00042,311.66,41.97
ORD0000220,2,PROD00277,SELL00062,470.34,40.43
ORD0000221,1,PROD00222,SELL00081,528.19,7.02
ORD0000222,1,PROD00134,SELL00053,578.3,21.83
ORD0000223,1,PROD00252,SELL00105,722.53,14.61
ORD0000224,1,PROD00027,SELL00061,275.53,11.19
ORD0000225,1,PROD00026,SELL00028,119.43,23.32
ORD0000225,2,PROD00117,SELL00067,223.85,8.95
ORD0000226,1,PROD00068,SELL00093,426.69,32.53
ORD0000227,1,PROD00249,SELL00100,485.13,53.15
ORD0000228,1,PROD00077,SELL00037,487.3,58.17
ORD0000229,1,PROD00298,SELL00088,442.43,37.88
ORD0000230,1,PROD00209,SELL00039,710.7,55.05
ORD0000231,1,PROD00099,SELL00061,199.83,45.48
ORD0000232,1,PROD00153,SELL00026,233.84,49.38
ORD0000232,2,PROD00049,SELL00126,605.7,31.9
ORD0000233,1,PROD00148,SELL00089,645.04,36.45
ORD0000233,2,PROD00110,SELL00072,341.75,47.16
ORD0000233,3,PROD00097,SELL00099,99.59,9.28
ORD0000234,1,PROD00020,SELL00112,677.14,56.71
ORD0000234,2,PROD00138,SELL00125,493.17,43.54
ORD0000235,1,PROD00050,SELL00039,107.66,48.9
ORD0000236,1,PROD00299,SELL00102,612.3,24.41
ORD0000236,2,PROD00122,SELL00091,635.78,37.69
ORD0000237,1,PROD00273,SELL00069,703.29,58.19
ORD0000238,1,PROD00099,SELL00019,252.07,7.59
ORD0000239,1,PROD00158,SELL00058,394.57,51.81
ORD0000239,2,PROD00290,SELL00016,856.02,19.74
ORD0000239,3,PROD00005,SELL00116,609.35,17.56
ORD0000240,1,PROD00287,SELL00099,743.58,33.25
ORD0000240,2,PROD00212,SELL00120,730.6,57.03
ORD0000241,1,PROD00259,SELL00133,357.3,56.64
ORD0000241,2,PROD00065,SELL00042,77.15,39.46
ORD0000242,1,PROD00042,SELL00149,445.32,40.31
ORD0000242,2,PROD00170,SELL00078,360.84,46.7
ORD0000242,3,PROD00139,SELL00095,632.96,14.95
ORD0000243,1,PROD00039,SELL00024,719.49,42.81
ORD0000244,1,PROD00043,SELL00115,176.85,58.15
ORD0000244,2,PROD00105,SELL00138,99.14,37.62
ORD0000245,1,PROD00154,SELL00137,702.85,20.37
ORD0000245,2,PROD00195,SELL00042,34.73,9.1
ORD0000245,3,PROD00124,SELL00015,810.37,11.12
ORD0000245,4,PROD00199,SELL91026,462.16,53.31
ORD0000246,1,PROD00023,SELL00002,892.23,41.38
ORD0000247,1,PROD00238,SELL00095,12.2,28.16
ORD0000248,1,PROD00094,SELL00127,140.98,20.51
ORD0000248,2,PROD00287,SELL00076,101.55,26.45
ORD0000248,3,PROD00082,SELL00076,592.26,48.77
ORD0000249,1,PROD00042,SELL00082,648.85,42.66
ORD0000250,1,PROD00128,SELL00145,39.44,36.05
ORD0000250,2,PROD00007,SELL00033,309.2,41.41
ORD0000251,1,PROD00027,SELL00017,666.18,25.56
ORD0000251,2,PROD00278,SELL00100,423.35,5.59
ORD0000251,3,PROD00170,SELL00017,542.44,40.07
ORD0000251,4,PROD00174,SELL00102,718.24,12.73
ORD0000252,1,PROD00012,SELL00130,415.29,48.6
ORD0000252,2,PROD00118,SELL00094,495.16,46.58
ORD0000253,1,PROD00042,SELL96932,409.18,53.7
ORD0000254,1,PROD00129,SELL00055,696.52,43.83
ORD0000255,1,PROD00155,SELL00022,143.88,34.87
ORD0000255,2,PROD00188,SELL00149,638.71,36.14
ORD0000255,3,PROD00232,SELL00126,82.39,31.73
ORD0000256,1,PROD00231,SELL00146,279.98,12.13
ORD0000257,1,PROD92527,SELL00064,491.27,17.75
ORD0000257,2,PROD00164,SELL00114,352.71,19.24
ORD0000258,1,PROD00234,SELL00111,773.26,5.52
ORD0000259,1,PROD00232,SELL00059,759.96,40.15
ORD0000260,1,PROD00090,SELL00107,675.99,44.74
ORD0000261,1,PROD00135,SELL00087,113.42,5.02
ORD0000261,2,PROD00022,SELL00112,655.47,16.95
ORD0000261,3,PROD00176,SELL00087,762.06,13.92
ORD0000262,1,PROD00184,SELL00076,724.34,27.75
ORD0000262,2,PROD00247,SELL00147,430.56,21.87
ORD0000263,1,PROD00214,SELL00038,465.35,48.46
ORD0000264,1,PROD00151,SELL00068,849.41,42.42
ORD0000265,1,PROD00132,SELL00097,480.2,24.19
ORD0000265,2,PROD00194,SELL00046,830.63,57.46
ORD0000266,1,PROD00067,SELL00140,433.86,39.36
ORD0000267,1,PROD00224,SELL00119,46.28,40.98
ORD0000267,2,PROD00208,SELL00057,452.23,37.41
ORD0000267,3,PROD00227,SELL00021,59.0,29.08
ORD0000268,1,PROD00214,SELL00008,372.01,58.18
ORD0000269,1,PROD00118,SELL00061,56.08,12.87
ORD0000270,1,PROD00194,SELL00102,734.71,53.93
ORD0000270,2,PROD00193,SELL00066,-19.4,42.4
ORD0000270,3,PROD00097,SELL00137,793.06,22.77
ORD0000270,4,PROD00069,SELL00062,439.23,50.91
ORD0000271,1,PROD00129,SELL00142,309.24,34.24
ORD0000272,1,PROD00296,SELL00133,707.04,19.08
ORD0000273,1,PROD00271,SELL00082,230.25,29.42
ORD0000273,2,PROD00067,SELL00007,436.81,52.28
ORD0000273,3,PROD00228,SELL00007,613.97,7.31
ORD0000273,4,PROD00086,SELL00019,826.08,6.88
ORD0000274,1,PROD00166,SELL00106,830.93,57.33
ORD0000274,2,PROD00276,SELL00144,476.69,31.62
ORD0000275,1,PROD00039,SELL00040,726.85,36.21
ORD0000276,1,PROD00242,SELL00147,359.05,21.52
ORD0000277,1,PROD00277,SELL00001,429.1,6.07
ORD0000278,1,PROD00159,SELL00020,143.46,6.17
ORD0000279,1,PROD00001,SELL00125,331.06,25.16
ORD0000279,2,PROD00271,SELL00035,596.01,43.29
ORD0000280,1,PROD00067,SELL00081,588.61,5.98
ORD0000280,2,PROD00292,SELL00070,161.92,7.79
ORD0000280,3,PROD00246,SELL00087,270.1,34.86
ORD0000281,1,PROD97102,SELL00126,136.07,18.08
ORD0000282,1,PROD00005,SELL00022,779.24,23.46
ORD0000283,1,PROD00248,SELL00136,314.49,43.7
ORD0000284,1,PROD00022,SELL00144,394.63,38.51
ORD0000285,1,PROD00066,SELL00146,126.22,11.55
ORD0000286,1,PROD00064,SELL00038,-36.57,29.75
ORD0000287,1,PROD00244,SELL00129,153.66,55.02
ORD0000287,2,PROD00190,SELL00031,78.72,51.33
ORD0000288,1,PROD00084,SELL00119,307.38,56.5
ORD0000288,2,PROD00158,SELL00076,509.45,30.73
ORD0000289,1,PROD00177,SELL00132,833.75,18.08
ORD0000290,1,PROD00240,SELL00060,686.06,40.52
ORD0000291,1,PROD00132,SELL00078,185.72,53.58
ORD0000292,1,PROD00253,SELL00096,331.99,11.07
ORD0000292,2,PROD00157,SELL00132,781.13,40.62
ORD0000293,1,PROD00115,SELL00136,585.97,40.24
ORD0000293,2,PROD00214,SELL00007,-46.71,36.22
ORD0000294,1,PROD00244,SELL00073,792.19,27.3
ORD0000294,2,PROD00070,SELL00066,538.47,55.76
ORD0000295,1,PROD00043,SELL00068,831.33,39.62
ORD0000295,2,PROD00170,SELL00061,106.67,44.09
ORD0000296,1,PROD00159,SELL00066,447.19,52.65
ORD0000297,1,PROD91188,SELL00133,246.55,55.51
ORD0000297,2,PROD00168,SELL00069,408.95,21.84
ORD0000297,3,PROD00124,SELL00082,558.55,42.64
ORD0000297,4,PROD00244,SELL00021,884.71,18.71
ORD0000298,1,PROD00083,SELL00119,658.35,18.0
ORD0000298,2,PROD00103,SELL00144,24.05,7.09
ORD0000299,1,PROD00232,SELL00079,277.88,29.84
ORD0000300,1,PROD00162,SELL00013,645.71,20.63
ORD0000300,2,PROD00252,SELL00015,663.79,29.36
ORD0000300,3,PROD00292,SELL00050,282.04,17.72
ORD0000301,1,PROD00108,SELL00046,714.05,42.89
ORD0000301,2,PROD00113,SELL00050,230.73,48.9
ORD0000302,1,PROD00246,SELL00087,231.11,54.4
ORD0000302,2,PROD00117,SELL00025,762.07,13.39
ORD0000302,3,PROD00011,SELL00137,343.03,44.3
ORD0000303,1,PROD00022,SELL00018,365.69,11.9
ORD0000304,1,PROD00249,SELL00093,852.92,22.83
ORD0000305,1,PROD00136,SELL00013,253.21,13.38
ORD0000306,1,PROD00174,SELL00018,79.94,39.14
ORD0000306,2,PROD00044,SELL00059,464.42,49.7
ORD0000307,1,PROD00046,SELL00088,813.94,24.21
ORD0000307,2,PROD00158,SELL00065,839.02,58.58
ORD0000308,1,PROD00254,SELL00080,328.47,57.22
ORD0000308,2,PROD00118,SELL00131,572.21,12.23
ORD0000308,3,PROD00220,SELL00105,129.27,51.86
ORD0000309,1,PROD00221,SELL00033,18.14,47.85
ORD0000309,2,PROD00160,SELL00039,58.61,38.39
ORD0000309,3,PROD00183,SELL00107,540.03,30.33
ORD0000310,1,PROD00216,SELL00129,47.31,47.1
ORD0000311,1,PROD00213,SELL00012,661.98,37.99
ORD0000312,1,PROD00050,SELL00053,43.96,48.96
ORD0000313,1,PROD00124,SELL00029,372.69,32.95
ORD0000313,2,PROD00045,SELL00090,839.91,56.2
ORD0000314,1,PROD00195,SELL00102,685.18,34.5
ORD0000315,1,PROD00006,SELL00039,-18.08,13.61
ORD0000316,1,PROD00148,SELL00049,417.61,24.34
ORD0000316,2,PROD00114,SELL00007,863.79,17.21
ORD0000317,1,PROD00266,SELL00149,569.54,36.33
ORD0000317,2,PROD00145,SELL00052,376.27,54.04
ORD0000318,1,PROD00222,SELL00131,653.56,29.72
ORD0000319,1,PROD00051,SELL00077,325.25,7.5
ORD0000319,2,PROD00205,SELL00077,231.46,46.28
ORD0000320,1,PROD00107,SELL00037,24.37,6.78
ORD0000320,2,PROD00177,SELL00054,223.7,30.83
ORD0000320,3,PROD00009,SELL00025,346.79,42.81
ORD0000321,1,PROD00212,SELL00072,497.18,42.03
ORD0000321,2,PROD00134,SELL00035,858.9,57.54
ORD0000322,1,PROD00175,SELL00008,461.38,45.94
ORD0000323,1,PROD00106,SELL00126,367.2,30.2
ORD0000323,2,PROD00158,SELL00100,200.85,16.12
ORD0000324,1,PROD00030,SELL00148,80.63,17.29
ORD0000325,1,PROD00009,SELL00071,104.56,59.54
ORD0000326,1,PROD00138,SELL00099,145.72,39.06
ORD0000326,2,PROD00267,SELL00096,149.42,23.53
ORD0000327,1,PROD00002,SELL00063,43.15,17.35
ORD0000328,1,PROD00239,SELL00026,174.06,9.33
ORD0000329,1,PROD00134,SELL00132,767.15,14.13
ORD0000329,2,PROD00006,SELL00105,368.17,7.39
ORD0000330,1,PROD00296,SELL00134,502.36,47.42
ORD0000331,1,PROD00195,SELL00106,83.68,12.73
ORD0000331,2,PROD00282,SELL00072,279.34,13.54
ORD0000332,1,PROD00284,SELL00137,494.26,26.61
ORD0000332,2,PROD00236,SELL00019,277.08,7.29
ORD0000333,1,PROD00272,SELL00039,348.33,25.94
ORD0000333,2,PROD00134,SELL00063,605.79,27.48
ORD0000333,3,PROD00232,SELL00023,787.19,36.23
ORD0000334,1,PROD00064,SELL00096,861.11,42.21
ORD0000334,2,PROD00248,SELL00141,605.38,16.63
ORD0000334,3,PROD00134,SELL00023,186.12,8.84
ORD0000335,1,PROD00287,SELL00079,18.54,59.08
ORD0000335,2,PROD00118,SELL00029,-34.41,37.3
ORD0000335,3,PROD00184,SELL00146,672.81,48.58
ORD0000335,4,PROD00232,SELL00128,418.21,16.7
ORD0000336,1,PROD00181,SELL00099,251.77,31.06
ORD0000337,1,PROD00241,SELL00013,414.84,19.73
ORD0000338,1,PROD00135,SELL00148,555.86,58.33
ORD0000338,2,PROD00117,SELL00027,640.04,26.63
ORD0000338,3,PROD00045,SELL00103,867.39,8.89
ORD0000339,1,PROD00230,SELL00016,635.41,35.61
ORD0000340,1,PROD00044,SELL00009,82.18,59.8
ORD0000340,2,PROD00151,SELL00024,157.41,17.42
ORD0000340,3,PROD00010,SELL00112,268.53,33.66
ORD0000340,4,PROD00287,SELL00149,736.41,37.5
ORD0000341,1,PROD00126,SELL00027,32.46,7.95
ORD0000342,1,PROD92176,SELL00056,591.82,22.23
ORD0000342,2,PROD00103,SELL00009,405.19,10.68
ORD0000343,1,PROD00216,SELL00009,257.35,6.3
ORD0000344,1,PROD00182,SELL00108,408.39,17.51
ORD0000345,1,PROD00289,SELL00087,342.78,13.9
ORD0000345,2,PROD00013,SELL00059,330.47,54.88
ORD0000346,1,PROD00299,SELL00098,567.49,58.9
ORD0000346,2,PROD00057,SELL00122,586.26,30.1
ORD0000347,1,PROD00155,SELL00039,252.91,32.24
ORD0000348,1,PROD00286,SELL00134,344.64,23.13
ORD0000348,2,PROD00078,SELL00099,502.43,41.51
ORD0000348,3,PROD00123,SELL00051,713.92,54.2
ORD0000348,4,PROD00225,SELL00110,15.12,25.01
ORD0000349,1,PROD00163,SELL00032,115.31,44.44
ORD0000350,1,PROD00285,SELL00094,677.5,26.62
ORD0000351,1,PROD00229,SELL00075,599.63,39.56
ORD0000351,2,PROD00118,SELL00060,232.88,12.28
ORD0000351,3,PROD00276,SELL00101,858.75,37.08
ORD0000352,1,PROD00028,SELL00044,356.49,7.95
ORD0000353,1,PROD00056,SELL00014,83.92,22.97
ORD0000354,1,PROD00098,SELL00064,871.37,46.08
ORD0000355,1,PROD00118,SELL99388,134.44,47.01
ORD0000356,1,PROD00293,SELL00143,768.8,31.29
ORD0000357,1,PROD00135,SELL00135,121.03,42.19
ORD0000357,2,PROD00125,SELL00105,771.81,56.63
ORD0000357,3,PROD00035,SELL00032,889.06,47.47
ORD0000357,4,PROD00071,SELL00054,677.98,33.94
ORD0000358,1,PROD00196,SELL00057,747.24,13.55
ORD0000358,2,PROD00223,SELL00108,460.9,22.43
ORD0000358,3,PROD00211,SELL00111,253.68,51.01
ORD0000359,1,PROD00292,SELL00045,879.88,12.7
ORD0000359,2,PROD00205,SELL00026,165.48,53.84
ORD0000360,1,PROD00290,SELL00042,843.19,22.22
ORD0000360,2,PROD00131,SELL00133,257.69,57.88
ORD0000361,1,PROD00277,SELL00028,786.08,53.61
ORD0000361,2,PROD00113,SELL00109,239.08,38.27
ORD0000362,1,PROD00043,SELL00081,635.11,37.66
ORD0000363,1,PROD00198,SELL00042,704.1,34.19
ORD0000363,2,PROD00182,SELL00038,23.97,45.14
ORD0000364,1,PROD00059,SELL00101,361.69,6.24
ORD0000364,2,PROD00152,SELL00001,165.84,22.57
ORD0000364,3,PROD00250,SELL00058,652.02,58.36
ORD0000364,4,PROD00183,SELL00148,291.0,24.04
ORD0000365,1,PROD00231,SELL00021,75.31,31.37
ORD0000365,2,PROD00233,SELL99645,388.77,57.87
ORD0000366,1,PROD00053,SELL00093,853.69,21.04
ORD0000366,2,PROD00015,SELL00139,48.14,26.89
ORD0000367,1,PROD00074,SELL00042,569.07,59.68
ORD0000367,2,PROD00114,SELL00043,721.34,7.16
ORD0000368,1,PROD00042,SELL00112,214.18,28.47
ORD0000368,2,PROD00278,SELL00047,12.28,12.36
ORD0000369,1,PROD00151,SELL00120,235.41,42.04
ORD0000370,1,PROD00220,SELL00053,569.92,22.94
ORD0000370,2,PROD00167,SELL00023,619.04,6.07
ORD0000371,1,PROD00058,SELL00137,693.94,44.05
ORD0000371,2,PROD00106,SELL00003,196.63,5.59
ORD0000371,3,PROD00164,SELL00135,215.41,43.8
ORD0000372,1,PROD00140,SELL00116,304.4,16.26
ORD0000373,1,PROD00286,SELL00028,785.27,44.02
ORD0000374,1,PROD00218,SELL00142,-39.68,42.18
ORD0000375,1,PROD00129,SELL00004,356.59,28.97
ORD0000376,1,PROD00279,SELL00084,501.46,10.49
ORD0000377,1,PROD00073,SELL00105,-43.52,14.35
ORD0000378,1,PROD00162,SELL00104,557.49,58.8
ORD0000379,1,PROD00062,SELL00041,640.33,25.49
ORD0000379,2,PROD00068,SELL00141,842.45,22.84
ORD0000380,1,PROD00227,SELL00060,321.26,19.91
ORD0000381,1,PROD00254,SELL00044,845.09,46.04
ORD0000381,2,PROD00023,SELL00022,112.97,23.13
ORD0000382,1,PROD00222,SELL00118,406.24,34.88
ORD0000383,1,PROD00227,SELL00004,872.64,6.09
ORD0000384,1,PROD00259,SELL98715,114.68,34.9
ORD0000385,1,PROD00067,SELL00056,337.4,43.64
ORD0000385,2,PROD00186,SELL00046,50.12,45.5
ORD0000385,3,PROD00164,SELL00022,105.11,15.36
ORD0000386,1,PROD00009,SELL00084,426.18,58.44
ORD0000386,2,PROD00053,SELL00099,10.4,36.35
ORD0000387,1,PROD00237,SELL00009,720.11,11.0
ORD0000388,1,PROD00059,SELL00051,347.13,33.69
ORD0000388,2,PROD00263,SELL00117,394.93,46.16
ORD0000388,3,PROD00295,SELL00058,16.16,59.36
ORD0000388,4,PROD00054,SELL00063,660.07,36.47
ORD0000389,1,PROD00064,SELL00084,629.28,56.43
ORD0000390,1,PROD00266,SELL00138,794.82,42.21
ORD0000390,2,PROD00187,SELL00143,775.99,33.17
ORD0000390,3,PROD00132,SELL00147,425.9,43.32
ORD0000391,1,PROD00002,SELL00127,532.67,38.85
ORD0000391,2,PROD00152,SELL00080,421.57,54.54
ORD0000391,3,PROD00158,SELL00011,412.09,36.98
ORD0000392,1,PROD00175,SELL00059,274.87,29.86
ORD0000392,2,PROD00200,SELL00066,231.94,36.89
ORD0000393,1,PROD00168,SELL00145,669.19,30.41
ORD0000394,1,PROD00186,SELL00080,410.79,46.6
ORD0000394,2,PROD00213,SELL00141,74.02,31.23
ORD0000395,1,PROD00019,SELL00053,60.44,29.36
ORD0000395,2,PROD00238,SELL00099,93.49,55.67
ORD0000395,3,PROD00013,SELL00000,447.72,34.4
ORD0000396,1,PROD00256,SELL00003,220.2,15.4
ORD0000397,1,PROD00283,SELL00011,657.86,17.33
ORD0000397,2,PROD00201,SELL00040,418.05,22.25
ORD0000398,1,PROD00230,SELL00013,177.55,58.27
ORD0000399,1,PROD00217,SELL00084,798.64,37.18
ORD0000400,1,PROD00231,SELL00010,822.69,13.18
ORD0000401,1,PROD00099,SELL00079,246.17,56.33
ORD0000402,1,PROD00200,SELL00040,105.82,36.0
ORD0000403,1,PROD00075,SELL00003,759.94,22.87
ORD0000403,2,PROD00078,SELL00038,816.55,34.76
ORD0000404,1,PROD00197,SELL00107,506.04,24.4
ORD0000404,2,PROD00189,SELL00087,526.66,7.81
ORD0000405,1,PROD00003,SELL00124,693.56,38.31
ORD0000406,1,PROD00070,SELL00049,523.04,38.03
ORD0000406,2,PROD00018,SELL00045,627.81,50.36
ORD0000406,3,PROD00072,SELL00108,801.81,35.95
ORD0000406,4,PROD00076,SELL00113,343.23,23.54
ORD0000407,1,PROD00019,SELL00118,31.04,44.67
ORD0000408,1,PROD00028,SELL00053,234.94,38.64
ORD0000408,2,PROD00083,SELL00097,172.17,9.06
ORD0000409,1,PROD00118,SELL00018,669.06,13.67
ORD0000409,2,PROD00075,SELL00086,209.55,31.42
ORD0000410,1,PROD00028,SELL00032,797.07,33.1
ORD0000410,2,PROD00143,SELL00013,290.75,39.12
ORD0000410,3,PROD00274,SELL00042,802.59,56.34
ORD0000411,1,PROD00265,SELL00006,864.29,58.95
ORD0000412,1,PROD00149,SELL00107,335.35,36.88
ORD0000412,2,PROD00251,SELL00145,380.99,43.09
ORD0000412,3,PROD00135,SELL00065,825.87,59.96
ORD0000412,4,PROD00231,SELL00064,427.55,35.11
ORD0000413,1,PROD95466,SELL00122,426.51,47.65
ORD0000414,1,PROD00263,SELL00116,858.51,13.42
ORD0000415,1,PROD00069,SELL00037,805.19,42.79
ORD0000416,1,PROD00061,SELL00000,313.92,52.61
ORD0000416,2,PROD00217,SELL00099,658.39,26.88
ORD0000417,1,PROD00205,SELL00120,872.68,36.75
ORD0000417,2,PROD00238,SELL00048,808.73,53.41
ORD0000418,1,PROD00184,SELL00095,608.2,19.85
ORD0000418,2,PROD00043,SELL00021,879.52,35.6
ORD0000418,3,PROD00225,SELL92941,429.34,43.07
ORD0000418,4,PROD00248,SELL00026,336.55,7.17
ORD0000419,1,PROD00241,SELL00014,263.53,17.37
ORD0000420,1,PROD00194,SELL00038,586.72,21.15
ORD0000420,2,PROD00034,SELL00146,833.29,7.82
ORD0000421,1,PROD00185,SELL00045,20.42,7.64
ORD0000421,2,PROD00242,SELL00058,635.86,38.98
ORD0000421,3,PROD93820,SELL00120,334.28,39.34
ORD0000422,1,PROD00170,SELL00108,295.85,52.69
ORD0000423,1,PROD00085,SELL00098,600.06,42.43
ORD0000423,2,PROD00084,SELL00021,369.87,11.22
ORD0000424,1,PROD00187,SELL00048,222.04,56.56
ORD0000425,1,PROD00216,SELL00101,669.89,47.43
ORD0000425,2,PROD00273,SELL00096,692.64,5.26
ORD0000426,1,PROD00234,SELL00011,721.85,33.65
ORD0000427,1,PROD00140,SELL00008,468.7,16.63
ORD0000428,1,PROD00145,SELL00091,405.25,19.6
ORD0000429,1,PROD00107,SELL00095,690.62,22.45
ORD0000429,2,PROD00055,SELL00029,90.47,57.95
ORD0000430,1,PROD00036,SELL00064,375.12,28.34
ORD0000431,1,PROD00164,SELL00042,77.87,24.63
ORD0000431,2,PROD00107,SELL00116,653.56,15.92
ORD0000432,1,PROD00020,SELL00037,594.31,28.02
ORD0000432,2,PROD00253,SELL00034,17.6,51.84
ORD0000432,3,PROD00294,SELL00123,829.94,35.14
ORD0000432,4,PROD00032,SELL00072,428.63,42.57
ORD0000433,1,PROD00197,SELL93859,529.55,56.45
ORD0000434,1,PROD00129,SELL00046,81.64,28.64
ORD0000435,1,PROD00138,SELL00036,563.03,54.34
ORD0000436,1,PROD00257,SELL00116,534.72,34.8
ORD0000436,2,PROD00150,SELL00131,239.5,29.86
ORD0000436,3,PROD00142,SELL93231,652.52,36.97
ORD0000437,1,PROD00001,SELL00111,171.88,29.95
ORD0000438,1,PROD00106,SELL00063,469.08,6.5
ORD0000439,1,PROD00146,SELL00122,547.5,28.21
ORD0000440,1,PROD00035,SELL00104,503.3,27.11
ORD0000441,1,PROD00031,SELL00119,35.02,28.04
ORD0000441,2,PROD00161,SELL00026,347.0,12.22
ORD0000442,1,PROD00127,SELL00112,864.5,14.69
ORD0000442,2,PROD00251,SELL00105,575.71,13.91
ORD0000443,1,PROD00096,SELL00026,125.65,9.21
ORD0000443,2,PROD99921,SELL00142,814.53,34.68
ORD0000443,3,PROD00213,SELL00076,318.48,52.4
ORD0000444,1,PROD00221,SELL00075,81.02,56.16
ORD0000445,1,PROD00090,SELL00019,844.85,55.32
ORD0000445,2,PROD00221,SELL00080,752.32,38.74
ORD0000445,3,PROD00269,SELL00044,487.7,53.98
ORD0000446,1,PROD00229,SELL00084,147.06,18.34
ORD0000446,2,PROD00085,SELL00138,504.28,54.76
ORD0000446,3,PROD00085,SELL00040,826.89,16.44
ORD0000447,1,PROD00150,SELL00113,837.13,46.19
ORD0000448,1,PROD00173,SELL00036,480.87,45.63
ORD0000449,1,PROD00258,SELL00123,409.36,17.46
ORD0000449,2,PROD00003,SELL00137,212.42,17.2
ORD0000450,1,PROD00188,SELL00087,802.63,14.54
ORD0000451,1,PROD00231,SELL00009,59.68,23.18
ORD0000452,1,PROD00111,SELL00032,700.49,17.13
ORD0000453,1,PROD00176,SELL00114,831.17,6.25
ORD0000453,2,PROD00021,SELL00039,304.55,23.58
ORD0000453,3,PROD00114,SELL00115,804.11,59.07
ORD0000454,1,PROD00244,SELL00137,769.79,8.8
ORD0000455,1,PROD00146,SELL00117,217.13,26.5
ORD0000456,1,PROD00005,SELL00071,468.16,56.01
ORD0000456,2,PROD00255,SELL00053,176.7,14.81
ORD0000456,3,PROD00083,SELL00084,323.4,30.59
ORD0000457,1,PROD00216,SELL00061,612.78,19.4
ORD0000458,1,PROD00142,SELL00107,254.28,31.85
ORD0000458,2,PROD00165,SELL00021,124.51,44.51
ORD0000458,3,PROD00294,SELL00030,224.68,56.99
ORD0000459,1,PROD00278,SELL00091,387.53,39.35
ORD0000459,2,PROD00038,SELL00004,852.41,25.13
ORD0000459,3,PROD00101,SELL00117,28.75,39.97
ORD0000460,1,PROD00036,SELL00097,335.47,28.73
ORD0000461,1,PROD00151,SELL00126,313.06,23.88
ORD0000462,1,PROD00175,SELL00061,622.51,26.27
ORD0000462,2,PROD00226,SELL00131,334.35,53.96
ORD0000462,3,PROD00286,SELL00088,848.33,42.93
ORD0000462,4,PROD00187,SELL00015,848.64,54.18
ORD0000463,1,PROD00038,SELL00080,95.59,8.69
ORD0000463,2,PROD00153,SELL00095,447.27,44.08
ORD0000464,1,PROD00069,SELL00098,690.78,53.49
ORD0000465,1,PROD00280,SELL00014,177.71,45.08
ORD0000466,1,PROD00046,SELL00072,791.37,20.72
ORD0000467,1,PROD00223,SELL00005,522.43,9.96
ORD0000468,1,PROD00019,SELL00042,324.59,36.44
ORD0000469,1,PROD00244,SELL00064,88.7,49.03
ORD0000470,1,PROD00208,SELL92424,859.68,48.0
ORD0000470,2,PROD00119,SELL00128,641.85,31.01
ORD0000470,3,PROD00221,SELL00118,390.39,27.88
ORD0000471,1,PROD00059,SELL00038,32.97,14.1
ORD0000472,1,PROD00042,SELL00010,92.02,37.56
ORD0000472,2,PROD00269,SELL00012,504.79,40.46
ORD0000473,1,PROD00154,SELL00040,177.45,50.35
ORD0000473,2,PROD00018,SELL00017,606.82,15.57
ORD0000474,1,PROD00105,SELL00038,217.72,28.71
ORD0000474,2,PROD00027,SELL00017,820.94,9.68
ORD0000475,1,PROD00288,SELL00029,800.09,48.63
ORD0000476,1,PROD00015,SELL00052,705.63,6.26
ORD0000477,1,PROD00134,SELL00110,34.66,32.12
ORD0000478,1,PROD00176,SELL00126,413.77,46.31
ORD0000479,1,PROD00077,SELL00096,682.65,16.49
ORD0000479,2,PROD00254,SELL00128,657.9,10.11
ORD0000480,1,PROD00028,SELL00112,879.03,58.41
ORD0000480,2,PROD00293,SELL00052,63.68,26.94
ORD0000481,1,PROD00143,SELL00101,363.42,38.25
ORD0000482,1,PROD00111,SELL00015,35.96,10.95
ORD0000483,1,PROD91432,SELL00016,254.07,7.67
ORD0000484,1,PROD00110,SELL00103,310.4,34.4
ORD0000485,1,PROD00269,SELL00043,226.53,23.43
ORD0000486,1,PROD00072,SELL00083,822.77,51.12
ORD0000486,2,PROD00172,SELL00091,291.46,52.86
ORD0000486,3,PROD00294,SELL00006,867.73,55.56
ORD0000487,1,PROD00219,SELL00143,818.8,35.13
ORD0000488,1,PROD00098,SELL00061,483.28,6.79
ORD0000489,1,PROD00265,SELL00107,809.64,20.04
ORD0000490,1,PROD00050,SELL00125,692.28,12.16
ORD0000491,1,PROD00086,SELL00123,365.58,11.7
ORD0000492,1,PROD00056,SELL00068,235.12,9.37
ORD0000493,1,PROD00109,SELL00017,74.6,34.65
ORD0000494,1,PROD00101,SELL00019,89.4,38.42
ORD0000495,1,PROD00174,SELL00069,347.28,24.28
ORD0000495,2,PROD00256,SELL00097,460.74,19.05
ORD0000496,1,PROD00118,SELL00022,889.79,49.38
ORD0000496,2,PROD00139,SELL00080,259.82,23.59
ORD0000497,1,PROD00014,SELL91113,767.49,10.1
ORD0000497,2,PROD00070,SELL00038,861.15,58.28
ORD0000498,1,PROD00064,SELL00113,671.83,49.16
ORD0000498,2,PROD00273,SELL00014,848.55,22.87
ORD0000499,1,PROD00299,SELL00007,704.89,38.25
ORD0000500,1,PROD00016,SELL00017,178.09,49.19
ORD0000500,2,PROD00009,SELL00135,569.14,35.91
ORD0000501,1,PROD00237,SELL00107,163.62,31.79
ORD0000501,2,PROD00295,SELL00031,281.24,14.97
ORD0000502,1,PROD00198,SELL00084,271.28,50.94
ORD0000503,1,PROD00181,SELL00033,-49.4,14.27
ORD0000503,2,PROD00034,SELL00114,192.08,21.83
ORD0000504,1,PROD00163,SELL00059,288.51,11.46
ORD0000504,2,PROD00116,SELL00108,257.76,45.28
ORD0000505,1,PROD00023,SELL00113,21.26,35.59
ORD0000505,2,PROD00145,SELL00086,409.04,57.36
ORD0000506,1,PROD00289,SELL00072,89.88,55.66
ORD0000507,1,PROD00125,SELL00089,698.64,48.29
ORD0000507,2,PROD00103,SELL00123,160.29,34.42
ORD0000508,1,PROD00251,SELL00142,120.88,16.45
ORD0000509,1,PROD00140,SELL00120,95.21,9.55
ORD0000510,1,PROD00033,SELL00119,864.11,42.13
ORD0000511,1,PROD00001,SELL00147,117.43,59.39
ORD0000511,2,PROD00205,SELL00097,644.08,9.49
ORD0000512,1,PROD00030,SELL00117,333.18,21.69
ORD0000512,2,PROD00250,SELL00132,826.25,52.19
ORD0000513,1,PROD00254,SELL00123,873.63,35.78
ORD0000513,2,PROD00234,SELL98680,508.58,53.8
ORD0000513,3,PROD00088,SELL00024,149.47,46.3
ORD0000513,4,PROD00015,SELL00041,681.81,27.34
ORD0000514,1,PROD00207,SELL00004,141.98,28.67
ORD0000514,2,PROD00281,SELL00146,585.36,24.86
ORD0000515,1,PROD00271,SELL00027,693.9,5.06
ORD0000516,1,PROD00004,SELL00005,407.75,49.59
ORD0000516,2,PROD00270,SELL00106,827.85,43.78
ORD0000517,1,PROD00084,SELL00008,517.77,53.91
ORD0000517,2,PROD00138,SELL00111,447.52,21.75
ORD0000517,3,PROD00090,SELL00088,62.65,31.11
ORD0000518,1,PROD00202,SELL00034,389.99,26.73
ORD0000518,2,PROD00261,SELL00026,407.51,37.23
ORD0000518,3,PROD00001,SELL00010,182.41,23.36
ORD0000519,1,PROD00091,SELL00057,61.83,11.88
ORD0000520,1,PROD00176,SELL00095,857.58,17.25
ORD0000520,2,PROD00016,SELL00118,680.5,50.1
ORD0000521,1,PROD00171,SELL00131,315.02,40.6
ORD0000522,1,PROD00062,SELL00142,187.99,46.8
ORD0000523,1,PROD00183,SELL00053,365.4,55.83
ORD0000523,2,PROD00099,SELL00111,215.09,59.61
ORD0000523,3,PROD00181,SELL00040,698.16,47.39
ORD0000523,4,PROD00112,SELL00045,175.65,46.3
ORD0000524,1,PROD00241,SELL00013,16.05,43.11
ORD0000525,1,PROD00017,SELL00114,19.82,15.86
ORD0000525,2,PROD00063,SELL00137,799.54,33.31
ORD0000526,1,PROD00042,SELL00124,802.76,39.43
ORD0000527,1,PROD00268,SELL00095,679.84,42.79
ORD0000528,1,PROD00197,SELL00098,273.16,51.43
ORD0000528,2,PROD00073,SELL00125,602.36,34.67
ORD0000528,3,PROD00080,SELL00007,297.56,44.23
ORD0000528,4,PROD00219,SELL00092,558.8,19.47
ORD0000529,1,PROD00292,SELL00116,556.01,38.4
ORD0000530,1,PROD00111,SELL00020,627.01,6.26
ORD0000530,2,PROD00191,SELL00107,867.82,48.88
ORD0000531,1,PROD00065,SELL00101,397.86,53.23
ORD0000531,2,PROD00018,SELL00117,208.51,21.37
ORD0000532,1,PROD00290,SELL00136,391.32,12.83
ORD0000533,1,PROD00000,SELL00085,174.73,13.07
ORD0000533,2,PROD00052,SELL00144,685.74,18.31
ORD0000534,1,PROD00212,SELL00065,557.33,55.43
ORD0000535,1,PROD00164,SELL00073,379.03,28.95
ORD0000536,1,PROD00029,SELL00055,37.77,13.23
ORD0000537,1,PROD00239,SELL00097,607.52,17.18
ORD0000538,1,PROD00236,SELL00047,161.21,45.13
ORD0000539,1,PROD00109,SELL00016,389.12,26.53
ORD0000540,1,PROD00005,SELL00132,393.3,44.6
ORD0000540,2,PROD00106,SELL00039,377.78,21.73
ORD0000541,1,PROD00292,SELL00050,601.28,33.28
ORD0000541,2,PROD00143,SELL00110,717.41,48.28
ORD0000542,1,PROD00049,SELL00074,824.51,47.41
ORD0000543,1,PROD00055,SELL96735,678.49,49.8
ORD0000544,1,PROD00153,SELL00126,715.47,42.88
ORD0000545,1,PROD00029,SELL00083,126.28,56.89
ORD0000546,1,PROD00044,SELL00113,492.57,54.17
ORD0000547,1,PROD00276,SELL00113,253.26,49.84
ORD0000548,1,PROD00163,SELL00128,46.01,13.68
ORD0000548,2,PROD00023,SELL00146,583.88,50.58
ORD0000549,1,PROD00084,SELL00056,275.27,53.12
ORD0000550,1,PROD00090,SELL00047,739.92,42.73
ORD0000551,1,PROD00032,SELL99944,49.96,23.16
ORD0000551,2,PROD00195,SELL00076,532.69,8.22
ORD0000551,3,PROD00141,SELL00149,118.95,45.79
ORD0000552,1,PROD00173,SELL00060,656.95,49.89
ORD0000553,1,PROD00209,SELL00017,578.14,54.66
ORD0000554,1,PROD00160,SELL00056,201.12,25.5
ORD0000554,2,PROD00205,SELL94660,-6.87,22.36
ORD0000555,1,PROD00246,SELL00132,20.19,59.53
ORD0000556,1,PROD00181,SELL00024,867.07,10.1
ORD0000557,1,PROD00046,SELL00145,695.85,11.38
ORD0000558,1,PROD00018,SELL00086,117.42,10.22
ORD0000558,2,PROD00113,SELL00147,376.39,29.09
ORD0000559,1,PROD00247,SELL91187,581.29,38.57
ORD0000559,2,PROD00083,SELL00142,817.28,57.48
ORD0000560,1,PROD00051,SELL00021,146.69,37.5
ORD0000560,2,PROD00099,SELL00090,155.14,12.41
ORD0000560,3,PROD00135,SELL00013,849.77,50.48
ORD0000560,4,PROD00241,SELL00133,504.45,26.19
ORD0000561,1,PROD97544,SELL00046,815.45,48.39
ORD0000562,1,PROD00030,SELL00094,849.34,28.61
ORD0000562,2,PROD00056,SELL00110,52.68,40.38
ORD0000563,1,PROD00067,SELL00058,788.47,38.8
ORD0000563,2,PROD00030,SELL00091,529.41,46.0
ORD0000563,3,PROD00069,SELL00038,206.73,48.49
ORD0000564,1,PROD00258,SELL00026,762.68,53.48
ORD0000565,1,PROD00207,SELL00012,870.43,24.76
ORD0000565,2,PROD00072,SELL00055,715.32,5.32
ORD0000566,1,PROD00285,SELL00064,236.95,48.79
ORD0000566,2,PROD00277,SELL00127,817.16,19.12
ORD0000567,1,PROD00217,SELL00067,259.54,53.14
ORD0000567,2,PROD00170,SELL00128,40.81,50.52
ORD0000568,1,PROD00221,SELL00056,618.89,40.07
ORD0000569,1,PROD00249,SELL00070,79.47,12.87
ORD0000570,1,PROD00232,SELL00113,817.75,14.85
ORD0000571,1,PROD00147,SELL00099,548.19,53.3
ORD0000571,2,PROD00049,SELL00073,450.78,33.84
ORD0000572,1,PROD00192,SELL00081,528.28,5.79
ORD0000573,1,PROD00228,SELL00021,117.55,26.46
ORD0000573,2,PROD00204,SELL00048,284.41,33.72
ORD0000573,3,PROD00280,SELL00105,439.87,7.53
ORD0000573,4,PROD00254,SELL00075,49.78,8.46
ORD0000574,1,PROD00105,SELL00037,296.74,20.04
ORD0000574,2,PROD00174,SELL00099,749.62,5.04
ORD0000574,3,PROD00158,SELL00016,412.73,10.94
ORD0000574,4,PROD00076,SELL96897,818.19,54.34
ORD0000575,1,PROD00060,SELL00095,827.4,5.92
ORD0000575,2,PROD00117,SELL00038,225.46,11.98
ORD0000576,1,PROD00075,SELL00148,250.97,19.2
ORD0000577,1,PROD00141,SELL00019,260.02,6.7
ORD0000577,2,PROD00248,SELL00067,628.15,49.02
ORD0000578,1,PROD00246,SELL00139,144.41,53.06
ORD0000578,2,PROD00058,SELL00135,140.97,10.1
ORD0000578,3,PROD00264,SELL00027,591.2,57.81
ORD0000579,1,PROD00159,SELL00104,315.89,30.47
ORD0000579,2,PROD00222,SELL00085,331.74,31.04
ORD0000580,1,PROD00065,SELL00076,456.92,57.27
ORD0000580,2,PROD00252,SELL00038,289.86,21.25
ORD0000581,1,PROD00059,SELL00119,873.2,42.38
ORD0000581,2,PROD00169,SELL00063,233.97,25.1
ORD0000582,1,PROD00241,SELL00067,402.73,31.0
ORD0000583,1,PROD00065,SELL00126,276.21,43.87
ORD0000584,1,PROD00066,SELL00120,288.83,8.97
ORD0000585,1,PROD00284,SELL00048,101.32,47.74
ORD0000586,1,PROD00017,SELL00075,643.47,56.73
ORD0000587,1,PROD00062,SELL00099,82.54,55.71
ORD0000587,2,PROD00195,SELL00090,639.87,22.15
ORD0000587,3,PROD00245,SELL00031,618.24,24.93
ORD0000587,4,PROD00141,SELL00115,156.42,28.77
ORD0000588,1,PROD00023,SELL00077,211.3,21.58
ORD0000589,1,PROD00182,SELL00105,567.84,45.35
ORD0000590,1,PROD00262,SELL00033,112.79,36.5
ORD0000591,1,PROD00223,SELL00056,468.22,32.01
ORD0000591,2,PROD00107,SELL00041,158.87,17.6
ORD0000592,1,PROD00224,SELL98380,193.9,11.47
ORD0000593,1,PROD00268,SELL00101,504.36,22.03
ORD0000593,2,PROD00130,SELL91294,206.75,26.17
ORD0000593,3,PROD00180,SELL00000,608.17,29.71
ORD0000593,4,PROD00281,SELL00030,780.16,14.95
ORD0000594,1,PROD00108,SELL00128,379.55,57.71
ORD0000595,1,PROD00225,SELL00066,640.3,16.85
ORD0000595,2,PROD00153,SELL00092,582.92,59.91
ORD0000596,1,PROD00205,SELL00101,38.79,20.02
ORD0000597,1,PROD00129,SELL00067,192.87,23.7
ORD0000598,1,PROD00287,SELL00133,595.36,58.98
ORD0000599,1,PROD00133,SELL00007,786.8,46.21
ORD0000600,1,PROD00009,SELL00057,712.36,18.88
ORD0000600,2,PROD00210,SELL00148,321.06,24.88
ORD0000601,1,PROD00190,SELL00066,158.46,39.25
ORD0000601,2,PROD00053,SELL00104,182.04,42.91
ORD0000602,1,PROD00236,SELL00126,433.75,25.14
ORD0000603,1,PROD00106,SELL00079,89.38,19.13
ORD0000603,2,PROD00112,SELL00142,30.8,35.12
ORD0000604,1,PROD00251,SELL00049,188.33,38.38
ORD0000605,1,PROD00186,SELL00008,93.54,9.51
ORD0000606,1,PROD00000,SELL00046,676.85,27.7
ORD0000607,1,PROD00133,SELL00003,87.36,52.52
ORD0000607,2,PROD00196,SELL00064,744.61,43.72
ORD0000608,1,PROD00292,SELL00087,883.2,31.47
ORD0000608,2,PROD00195,SELL00146,348.89,41.65
ORD0000608,3,PROD00018,SELL00100,115.07,49.05
ORD0000609,1,PROD00114,SELL00014,333.71,48.91
ORD0000610,1,PROD00136,SELL00120,102.07,51.43
ORD0000611,1,PROD00100,SELL00125,425.45,11.52
ORD0000612,1,PROD00238,SELL00052,566.46,15.06
ORD0000613,1,PROD00217,SELL00104,462.36,42.83
ORD0000614,1,PROD00032,SELL00134,315.19,38.27
ORD0000614,2,PROD00193,SELL00122,777.07,49.98
ORD0000615,1,PROD00099,SELL00105,253.59,53.6
ORD0000616,1,PROD00202,SELL00108,797.57,47.09
ORD0000617,1,PROD00135,SELL00132,405.46,45.78
ORD0000618,1,PROD00135,SELL00020,320.39,51.31
ORD0000619,1,PROD00129,SELL00009,647.94,12.13
ORD0000620,1,PROD00086,SELL00001,507.55,20.01
ORD0000621,1,PROD00116,SELL00066,306.06,6.48
ORD0000622,1,PROD00016,SELL00123,477.13,25.6
ORD0000622,2,PROD00273,SELL00103,526.41,15.26
ORD0000622,3,PROD00194,SELL00134,48.08,55.53
ORD0000623,1,PROD00107,SELL00070,87.65,5.07
ORD0000624,1,PROD00131,SELL00080,101.89,49.12
ORD0000625,1,PROD00272,SELL00148,394.27,16.12
ORD0000626,1,PROD00218,SELL00100,778.65,46.01
ORD0000627,1,PROD00248,SELL00146,561.1,19.55
ORD0000627,2,PROD00027,SELL00147,262.37,49.86
ORD0000627,3,PROD00091,SELL00111,49.88,49.23
ORD0000628,1,PROD00200,SELL00132,243.41,53.46
ORD0000628,2,PROD00103,SELL00060,778.01,6.2
ORD0000628,3,PROD00164,SELL00095,249.84,57.06
ORD0000629,1,PROD00176,SELL00046,374.71,15.22
ORD0000630,1,PROD00240,SELL00120,63.71,9.69
ORD0000630,2,PROD00061,SELL00046,222.75,44.53
ORD0000631,1,PROD00065,SELL00118,235.56,37.9
ORD0000631,2,PROD00052,SELL00053,819.11,18.67
ORD0000631,3,PROD00004,SELL00129,702.77,5.64
ORD0000632,1,PROD00207,SELL00093,115.9,6.65
ORD0000632,2,PROD00018,SELL00135,192.34,34.58
ORD0000633,1,PROD00262,SELL00002,212.82,33.46
ORD0000634,1,PROD00168,SELL00001,782.4,53.27
ORD0000635,1,PROD00005,SELL00115,503.03,50.05
ORD0000636,1,PROD00131,SELL00021,390.84,45.93
ORD0000636,2,PROD00136,SELL00068,800.89,35.3
ORD0000637,1,PROD00110,SELL00047,874.73,6.85
ORD0000637,2,PROD00002,SELL00087,147.42,39.06
ORD0000637,3,PROD00185,SELL00009,809.95,38.39
ORD0000638,1,PROD00112,SELL00042,820.03,24.7
ORD0000638,2,PROD00001,SELL00007,401.65,40.35
ORD0000639,1,PROD00030,SELL00118,195.45,13.98
ORD0000640,1,PROD00182,SELL00142,878.89,22.95
ORD0000640,2,PROD00040,SELL00136,134.53,7.14
ORD0000640,3,PROD00264,SELL00014,277.75,53.1
ORD0000641,1,PROD00028,SELL00088,274.52,20.83
ORD0000642,1,PROD00248,SELL00052,532.25,33.9
ORD0000642,2,PROD00168,SELL00083,220.56,50.64
ORD0000642,3,PROD00080,SELL00048,690.47,52.87
ORD0000643,1,PROD00181,SELL00025,458.85,15.16
ORD0000644,1,PROD00270,SELL00020,309.42,23.61
ORD0000644,2,PROD00262,SELL00108,657.76,51.88
ORD0000645,1,PROD00256,SELL00026,610.83,23.62
ORD0000645,2,PROD00262,SELL00149,668.01,53.66
ORD0000645,3,PROD00261,SELL00065,266.32,44.15
ORD0000646,1,PROD00211,SELL00092,318.44,24.38
ORD0000646,2,PROD00107,SELL00085,462.29,9.28
ORD0000646,3,PROD00068,SELL00114,400.29,23.14
ORD0000647,1,PROD00252,SELL00147,787.65,25.35
ORD0000647,2,PROD00111,SELL00037,767.76,45.52
ORD0000647,3,PROD00240,SELL00004,449.08,44.09
ORD0000648,1,PROD00145,SELL00079,516.48,45.55
ORD0000648,2,PROD00054,SELL00033,185.66,36.0
ORD0000648,3,PROD00250,SELL00084,333.87,17.15
ORD0000649,1,PROD00220,SELL00005,344.19,11.82
ORD0000649,2,PROD00078,SELL00123,363.5,15.85
ORD0000649,3,PROD00188,SELL00051,255.81,32.3
ORD0000649,4,PROD00028,SELL00093,309.29,18.24
ORD0000650,1,PROD00186,SELL00047,862.72,28.32
ORD0000651,1,PROD00190,SELL00123,632.33,52.34
ORD0000651,2,PROD00286,SELL00091,685.08,21.58
ORD0000651,3,PROD00015,SELL00013,271.3,9.37
ORD0000651,4,PROD00241,SELL00040,93.11,44.5
ORD0000652,1,PROD00196,SELL00062,784.5,41.75
ORD0000653,1,PROD00265,SELL00139,321.63,42.36
ORD0000654,1,PROD00282,SELL00020,92.52,25.32
ORD0000655,1,PROD00024,SELL00048,620.42,45.35
ORD0000656,1,PROD00255,SELL00047,819.49,41.61
ORD0000656,2,PROD00229,SELL00016,507.94,38.82
ORD0000656,3,PROD00230,SELL00105,697.8,28.78
ORD0000656,4,PROD00069,SELL00139,216.9,33.19
ORD0000657,1,PROD00207,SELL00123,257.4,45.04
ORD0000658,1,PROD00237,SELL00049,692.08,47.07
ORD0000659,1,PROD00122,SELL00083,471.17,42.57
ORD0000659,2,PROD00154,SELL00145,160.1,26.35
ORD0000660,1,PROD00131,SELL00055,884.55,36.3
ORD0000661,1,PROD00169,SELL00103,286.65,12.93
ORD0000662,1,PROD00193,SELL00149,685.41,51.58
ORD0000663,1,PROD00198,SELL00132,66.75,54.36
ORD0000663,2,PROD00071,SELL00037,226.16,47.47
ORD0000663,3,PROD00069,SELL00143,446.57,15.22
ORD0000664,1,PROD00285,SELL00013,883.21,42.15
ORD0000665,1,PROD00154,SELL00133,867.56,32.27
ORD0000666,1,PROD00167,SELL00083,611.34,29.71
ORD0000666,2,PROD00190,SELL00117,-5.67,35.89
ORD0000666,3,PROD00067,SELL00122,589.88,19.36
ORD0000666,4,PROD00109,SELL00057,157.29,7.0
ORD0000667,1,PROD00098,SELL00064,167.94,8.38
ORD0000668,1,PROD00226,SELL00025,780.16,12.55
ORD0000668,2,PROD00294,SELL00135,319.27,56.92
ORD0000668,3,PROD00191,SELL00060,209.08,53.35
ORD0000668,4,PROD00044,SELL00048,821.97,50.81
ORD0000669,1,PROD00216,SELL00052,175.59,31.95
ORD0000670,1,PROD00065,SELL00140,95.15,27.12
ORD0000670,2,PROD00258,SELL00019,665.54,32.01
ORD0000671,1,PROD00270,SELL00117,811.06,40.99
ORD0000672,1,PROD00208,SELL00005,306.94,12.3
ORD0000673,1,PROD00219,SELL00028,723.48,16.86
ORD0000674,1,PROD00159,SELL00001,568.38,31.35
ORD0000675,1,PROD00020,SELL00002,539.75,13.42
ORD0000675,2,PROD00205,SELL00116,265.78,49.2
ORD0000676,1,PROD00228,SELL00039,48.82,18.52
ORD0000677,1,PROD00044,SELL00108,375.9,26.9
ORD0000678,1,PROD00211,SELL00086,463.97,28.02
ORD0000679,1,PROD00076,SELL00035,805.78,42.09
ORD0000680,1,PROD00073,SELL00080,110.23,5.42
ORD0000680,2,PROD00223,SELL00010,389.28,5.15
ORD0000680,3,PROD00036,SELL00021,630.96,10.02
ORD0000681,1,PROD00092,SELL00093,721.4,15.32
ORD0000681,2,PROD00118,SELL00094,252.55,20.5
ORD0000681,3,PROD00041,SELL00107,304.35,49.97
ORD0000682,1,PROD00055,SELL00058,38.44,19.93
ORD0000682,2,PROD00270,SELL00084,667.8,36.54
ORD0000683,1,PROD00033,SELL00078,494.39,6.8
ORD0000684,1,PROD00145,SELL00093,653.73,17.33
ORD0000685,1,PROD98896,SELL00094,632.81,15.64
ORD0000685,2,PROD00295,SELL00072,116.27,47.41
ORD0000686,1,PROD00075,SELL00118,19.44,58.17
ORD0000687,1,PROD00174,SELL00043,501.0,42.4
ORD0000688,1,PROD00289,SELL00023,409.58,51.23
ORD0000688,2,PROD00055,SELL00113,343.63,24.5
ORD0000688,3,PROD00121,SELL00144,222.59,46.99
ORD0000689,1,PROD00185,SELL00021,699.16,38.36
ORD0000690,1,PROD00249,SELL00096,265.79,32.48
ORD0000691,1,PROD00153,SELL00089,636.64,49.08
ORD0000691,2,PROD00181,SELL00085,518.03,56.23
ORD0000692,1,PROD00195,SELL00001,523.03,26.56
ORD0000693,1,PROD00164,SELL00046,410.55,36.95
ORD0000694,1,PROD00196,SELL00016,117.84,28.99
ORD0000695,1,PROD00112,SELL00000,532.9,8.74
ORD0000696,1,PROD00034,SELL00012,53.5,15.8
ORD0000696,2,PROD00086,SELL00088,836.77,49.12
ORD0000697,1,PROD00251,SELL00012,85.22,41.91
ORD0000698,1,PROD00051,SELL00085,389.75,41.08
ORD0000698,2,PROD00156,SELL00125,410.04,39.97
ORD0000699,1,PROD00288,SELL00042,142.77,24.48
ORD0000700,1,PROD00188,SELL00145,840.94,41.46
ORD0000700,2,PROD00089,SELL00012,451.33,10.82
ORD0000700,3,PROD00268,SELL00121,178.23,34.77
ORD0000701,1,PROD00254,SELL00115,849.95,20.52
ORD0000701,2,PROD00170,SELL00078,202.28,17.94
ORD0000702,1,PROD00063,SELL00037,697.89,51.33
ORD0000702,2,PROD00194,SELL00109,579.87,11.77
ORD0000703,1,PROD00291,SELL00149,521.82,16.6
ORD0000704,1,PROD00125,SELL00122,505.46,7.18
ORD0000705,1,PROD00244,SELL00060,303.09,23.23
ORD0000706,1,PROD00141,SELL00125,235.59,32.73
ORD0000707,1,PROD00100,SELL00094,118.68,17.69
ORD0000707,2,PROD00070,SELL00021,401.94,30.3
ORD0000708,1,PROD95002,SELL00070,620.14,49.61
ORD0000708,2,PROD00028,SELL00123,626.42,32.22
ORD0000708,3,PROD00040,SELL00052,75.91,11.9
ORD0000709,1,PROD00179,SELL00019,71.05,23.17
ORD0000710,1,PROD00235,SELL00069,468.76,45.32
ORD0000710,2,PROD00191,SELL00090,892.61,15.25
ORD0000710,3,PROD00295,SELL00137,345.94,50.47
ORD0000711,1,PROD00161,SELL00102,519.54,19.98
ORD0000712,1,PROD00136,SELL00015,709.31,8.71
ORD0000712,2,PROD00242,SELL00049,320.34,51.28
ORD0000713,1,PROD99594,SELL00129,495.57,40.22
ORD0000713,2,PROD00058,SELL00039,688.67,52.45
ORD0000713,3,PROD00164,SELL00078,718.85,53.83
ORD0000713,4,PROD00255,SELL00048,276.52,25.32
ORD0000714,1,PROD00210,SELL00041,351.97,21.6
ORD0000715,1,PROD00083,SELL93914,865.65,50.68
ORD0000715,2,PROD00199,SELL00043,138.14,18.75
ORD0000715,3,PROD00042,SELL00063,603.0,17.6
ORD0000716,1,PROD00174,SELL00066,430.23,7.73
ORD0000716,2,PROD00127,SELL00134,769.28,9.23
ORD0000716,3,PROD00183,SELL00048,310.09,9.1
ORD0000717,1,PROD00000,SELL00042,268.95,10.87
ORD0000717,2,PROD00263,SELL00086,398.05,41.55
ORD0000718,1,PROD00138,SELL00055,609.86,28.91
ORD0000718,2,PROD00071,SELL00017,302.48,28.71
ORD0000719,1,PROD00050,SELL00121,498.34,36.12
ORD0000720,1,PROD00091,SELL00149,777.78,40.37
ORD0000721,1,PROD00138,SELL00074,107.94,5.38
ORD0000722,1,PROD00203,SELL00148,178.61,11.65
ORD0000722,2,PROD00078,SELL92977,747.58,50.14
ORD0000722,3,PROD00021,SELL00129,585.38,43.6
ORD0000723,1,PROD00266,SELL00093,565.47,34.91
ORD0000723,2,PROD00095,SELL00031,229.99,26.21
ORD0000723,3,PROD00052,SELL00079,861.27,43.16
ORD0000723,4,PROD00160,SELL00038,650.1,35.79
ORD0000724,1,PROD00264,SELL00035,203.68,24.76
ORD0000725,1,PROD00120,SELL00139,233.03,44.34
ORD0000726,1,PROD00128,SELL00100,434.09,9.49
ORD0000727,1,PROD93284,SELL00064,151.34,34.53
ORD0000727,2,PROD00229,SELL00007,286.63,12.4
ORD0000728,1,PROD00274,SELL00109,640.31,55.05
ORD0000729,1,PROD00255,SELL00034,76.68,29.69
ORD0000729,2,PROD00026,SELL00055,631.97,53.54
ORD0000729,3,PROD00252,SELL00037,262.35,30.41
ORD0000729,4,PROD00093,SELL00074,797.87,29.03
ORD0000730,1,PROD00106,SELL00124,898.2,28.89
ORD0000730,2,PROD00119,SELL00081,632.29,17.07
ORD0000730,3,PROD00086,SELL00130,523.04,54.93
ORD0000730,4,PROD00085,SELL00117,498.76,28.46
ORD0000731,1,PROD00020,SELL00059,323.43,55.27
ORD0000731,2,PROD00266,SELL00094,525.04,8.89
ORD0000731,3,PROD00296,SELL00020,589.11,22.53
ORD0000732,1,PROD00003,SELL00000,451.0,25.62
ORD0000733,1,PROD00152,SELL00147,552.29,48.58
ORD0000733,2,PROD00233,SELL00106,636.77,27.8
ORD0000734,1,PROD00166,SELL00091,74.83,47.96
ORD0000735,1,PROD00087,SELL00094,528.5,23.52
ORD0000736,1,PROD00017,SELL00017,322.31,10.29
ORD0000736,2,PROD00181,SELL00025,32.96,27.59
ORD0000736,3,PROD00117,SELL00109,214.05,46.6
ORD0000737,1,PROD00015,SELL00125,221.14,53.56
ORD0000738,1,PROD00214,SELL00124,760.42,48.28
ORD0000739,1,PROD00101,SELL00044,202.57,50.4
ORD0000739,2,PROD00225,SELL00134,736.15,40.96
ORD0000739,3,PROD00157,SELL00081,790.72,57.48
ORD0000739,4,PROD00225,SELL00148,386.47,46.66
ORD0000740,1,PROD00156,SELL00052,222.26,59.34
ORD0000740,2,PROD00257,SELL00061,57.82,28.76
ORD0000740,3,PROD00297,SELL00006,33.71,49.77
ORD0000741,1,PROD00213,SELL00095,646.48,42.26
ORD0000742,1,PROD00155,SELL00064,31.02,9.8
ORD0000743,1,PROD00032,SELL00140,428.72,29.51
ORD0000744,1,PROD00144,SELL00146,435.54,55.31
ORD0000745,1,PROD00143,SELL00079,601.12,19.07
ORD0000745,2,PROD00066,SELL00105,331.39,52.89
ORD0000746,1,PROD00033,SELL95788,108.27,11.71
ORD0000747,1,PROD00292,SELL00012,651.37,46.79
ORD0000748,1,PROD00118,SELL00091,386.6,52.33
ORD0000748,2,PROD00043,SELL00019,642.49,49.04
ORD0000749,1,PROD00283,SELL00141,816.44,50.27
ORD0000749,2,PROD00224,SELL00016,203.69,31.42
ORD0000750,1,PROD00274,SELL00146,208.55,30.11
ORD0000751,1,PROD00243,SELL00070,331.41,37.28
ORD0000752,1,PROD00261,SELL00021,584.13,48.47
ORD0000752,2,PROD00058,SELL00007,453.68,58.6
ORD0000753,1,PROD00020,SELL00027,319.47,31.65
ORD0000753,2,PROD00098,SELL00027,692.74,34.66
ORD0000754,1,PROD00016,SELL00071,746.14,38.05
ORD0000754,2,PROD00229,SELL00144,291.32,6.71
ORD0000755,1,PROD00233,SELL91893,667.5,57.99
ORD0000756,1,PROD00142,SELL00088,329.45,40.69
ORD0000757,1,PROD00136,SELL00009,410.56,56.65
ORD0000757,2,PROD00211,SELL00128,788.23,34.59
ORD0000758,1,PROD00069,SELL00027,688.33,6.72
ORD0000758,2,PROD00004,SELL00005,694.34,39.02
ORD0000758,3,PROD00063,SELL00075,368.15,42.84
ORD0000758,4,PROD00007,SELL00071,94.25,53.82
ORD0000759,1,PROD00209,SELL00133,382.31,57.31
ORD0000759,2,PROD00149,SELL00127,62.67,19.23
ORD0000759,3,PROD00058,SELL00030,456.75,30.64
ORD0000759,4,PROD00167,SELL00012,626.61,41.28
ORD0000760,1,PROD00068,SELL00096,596.77,47.5
ORD0000760,2,PROD00247,SELL00065,544.54,49.6
ORD0000761,1,PROD00133,SELL00058,466.85,10.56
ORD0000762,1,PROD00256,SELL00146,136.93,27.22
ORD0000762,2,PROD00011,SELL00135,117.78,56.1
ORD0000763,1,PROD00147,SELL00063,84.43,19.54
ORD0000764,1,PROD00261,SELL00042,422.61,37.71
ORD0000765,1,PROD00138,SELL00117,250.92,45.09
ORD0000766,1,PROD00240,SELL00084,196.79,12.59
ORD0000766,2,PROD00079,SELL00018,741.14,19.18
ORD0000766,3,PROD00013,SELL00007,347.37,31.88
ORD0000767,1,PROD00027,SELL00092,785.22,14.71
ORD0000768,1,PROD00217,SELL00112,591.95,57.04
ORD0000769,1,PROD00135,SELL00080,699.61,11.6
ORD0000770,1,PROD00292,SELL00079,250.32,12.79
ORD0000771,1,PROD00168,SELL00112,689.14,59.82
ORD0000772,1,PROD00065,SELL00094,63.32,10.86
ORD0000772,2,PROD00159,SELL00046,721.07,12.35
ORD0000772,3,PROD00117,SELL00130,59.71,16.34
ORD0000772,4,PROD00170,SELL00043,462.01,6.66
ORD0000773,1,PROD00254,SELL00130,88.25,42.74
ORD0000773,2,PROD00108,SELL00075,821.64,24.7
ORD0000773,3,PROD00252,SELL00064,263.79,55.04
ORD0000774,1,PROD00017,SELL00072,-21.58,7.68
ORD0000775,1,PROD00199,SELL00111,121.96,45.79
ORD0000775,2,PROD00106,SELL00058,708.69,49.86
ORD0000775,3,PROD00148,SELL00097,28.32,10.54
ORD0000776,1,PROD00239,SELL00092,235.32,58.78
ORD0000776,2,PROD00022,SELL00111,63.7,50.86
ORD0000776,3,PROD00113,SELL00064,427.07,29.22
ORD0000777,1,PROD00053,SELL00075,189.05,42.71
ORD0000777,2,PROD00190,SELL00059,676.97,58.82
ORD0000777,3,PROD00260,SELL00066,853.38,56.58
ORD0000777,4,PROD00079,SELL00062,390.27,48.25
ORD0000778,1,PROD00134,SELL00078,547.9,46.17
ORD0000778,2,PROD00233,SELL00029,164.14,44.88
ORD0000778,3,PROD00147,SELL00036,401.01,10.86
ORD0000779,1,PROD00143,SELL00041,199.72,58.07
ORD0000779,2,PROD00066,SELL00026,420.79,55.5
ORD0000779,3,PROD00141,SELL00071,658.18,26.42
ORD0000780,1,PROD00193,SELL00020,861.63,58.07
ORD0000781,1,PROD00067,SELL00041,43.6,47.62
ORD0000781,2,PROD00182,SELL00134,879.7,57.11
ORD0000781,3,PROD00215,SELL00069,172.38,39.37
ORD0000781,4,PROD00117,SELL00116,182.14,48.31
ORD0000782,1,PROD00214,SELL00148,176.43,50.37
ORD0000783,1,PROD00000,SELL00042,70.16,15.65
ORD0000784,1,PROD00267,SELL00145,603.07,26.05
ORD0000785,1,PROD00254,SELL00091,433.9,11.13
ORD0000785,2,PROD00286,SELL00049,68.19,29.92
ORD0000785,3,PROD00185,SELL00053,758.65,30.69
ORD0000786,1,PROD00066,SELL00049,801.19,20.13
ORD0000786,2,PROD00174,SELL00040,618.98,29.96
ORD0000786,3,PROD00013,SELL00105,494.16,6.02
ORD0000787,1,PROD00287,SELL00122,85.9,13.61
ORD0000788,1,PROD00142,SELL00062,540.53,40.37
ORD0000789,1,PROD00120,SELL00083,731.42,54.88
ORD0000790,1,PROD00179,SELL00092,406.38,39.16
ORD0000791,1,PROD00282,SELL00014,716.89,52.5
ORD0000792,1,PROD00172,SELL95582,118.27,17.16
ORD0000793,1,PROD00216,SELL00089,468.85,47.98
ORD0000794,1,PROD00002,SELL00147,680.12,21.7
ORD0000794,2,PROD00224,SELL00063,357.74,39.21
ORD0000795,1,PROD00219,SELL00026,490.66,11.87
ORD0000796,1,PROD00115,SELL00069,691.14,22.82
ORD0000797,1,PROD00205,SELL00124,790.2,19.34
ORD0000797,2,PROD00103,SELL00073,104.79,48.13
ORD0000797,3,PROD00193,SELL00008,402.94,54.19
ORD0000797,4,PROD00214,SELL00092,484.18,29.56
ORD0000798,1,PROD00202,SELL00111,417.28,13.32
ORD0000798,2,PROD00258,SELL00060,591.18,29.75
ORD0000798,3,PROD00232,SELL00018,870.54,20.33
ORD0000798,4,PROD00220,SELL00091,611.35,37.87
ORD0000799,1,PROD00126,SELL00112,-48.04,19.87
ORD0000799,2,PROD00102,SELL00017,723.5,51.09
ORD0000799,3,PROD00091,SELL00035,683.5,50.85
ORD0000799,4,PROD00112,SELL00040,427.86,16.46
ORD0000800,1,PROD00199,SELL00047,890.12,13.49
ORD0000801,1,PROD00234,SELL00147,320.44,37.28
ORD0000802,1,PROD00174,SELL00097,27.45,36.92
ORD0000803,1,PROD00170,SELL00137,199.34,40.93
ORD0000803,2,PROD00015,SELL00068,75.03,55.06
ORD0000803,3,PROD00173,SELL00032,533.49,22.77
ORD0000804,1,PROD00227,SELL00112,736.47,6.52
ORD0000805,1,PROD00255,SELL00096,98.29,20.29
ORD0000806,1,PROD00026,SELL00020,659.22,41.33
ORD0000806,2,PROD00145,SELL00143,399.44,41.32
ORD0000806,3,PROD00195,SELL00117,398.53,53.12
ORD0000807,1,PROD00154,SELL00083,236.82,25.61
ORD0000807,2,PROD00268,SELL00138,654.65,21.92
ORD0000807,3,PROD00185,SELL00016,233.02,44.92
ORD0000808,1,PROD00106,SELL00146,163.0,39.81
ORD0000809,1,PROD00299,SELL00134,808.28,49.95
ORD0000809,2,PROD00012,SELL93013,198.24,58.34
ORD0000810,1,PROD00261,SELL00089,383.62,55.8
ORD0000811,1,PROD00136,SELL00118,-34.22,25.89
ORD0000812,1,PROD00295,SELL00025,367.56,50.03
ORD0000813,1,PROD00230,SELL00102,839.57,49.9
ORD0000814,1,PROD00246,SELL00011,510.2,11.91
ORD0000815,1,PROD00071,SELL00079,303.18,22.64
ORD0000815,2,PROD00031,SELL00137,472.17,34.11
ORD0000816,1,PROD00239,SELL00070,136.05,5.27
ORD0000817,1,PROD00020,SELL00043,539.37,34.49
ORD0000817,2,PROD00269,SELL00070,40.78,25.89
ORD0000818,1,PROD00221,SELL00009,228.62,49.01
ORD0000819,1,PROD00278,SELL00145,740.38,18.15
ORD0000820,1,PROD00057,SELL00130,243.83,6.18
ORD0000820,2,PROD00165,SELL00127,294.51,12.34
ORD0000820,3,PROD00201,SELL00019,255.97,27.66
ORD0000821,1,PROD00267,SELL00018,844.24,57.67
ORD0000822,1,PROD00045,SELL00084,320.6,26.86
ORD0000823,1,PROD00126,SELL00052,728.92,34.84
ORD0000823,2,PROD00275,SELL00064,70.68,40.93
ORD0000824,1,PROD00023,SELL00149,893.84,47.62
ORD0000825,1,PROD00217,SELL00078,574.0,28.15
ORD0000826,1,PROD00274,SELL00110,477.34,24.9
ORD0000826,2,PROD00234,SELL00123,512.38,51.12
ORD0000827,1,PROD00002,SELL00126,733.64,38.37
ORD0000828,1,PROD00065,SELL00048,490.52,41.32
ORD0000828,2,PROD00063,SELL00093,576.78,36.47
ORD0000829,1,PROD00195,SELL00078,735.7,44.77
ORD0000829,2,PROD00018,SELL00086,388.17,16.94
ORD0000829,3,PROD00180,SELL00039,266.17,45.25
ORD0000830,1,PROD00046,SELL00003,219.07,40.38
ORD0000831,1,PROD00269,SELL00016,608.48,54.17
ORD0000831,2,PROD00270,SELL00088,53.75,20.4
ORD0000831,3,PROD00108,SELL00063,847.98,33.35
ORD0000831,4,PROD00289,SELL00119,-3.61,19.57
ORD0000832,1,PROD00006,SELL00024,605.55,14.56
ORD0000833,1,PROD00066,SELL00125,432.4,40.37
ORD0000833,2,PROD00131,SELL00016,399.34,29.41
ORD0000834,1,PROD00285,SELL00073,426.56,10.35
ORD0000835,1,PROD00126,SELL00147,672.93,12.01
ORD0000836,1,PROD00071,SELL00088,62.29,40.29
ORD0000837,1,PROD00127,SELL00111,150.16,39.03
ORD0000838,1,PROD00169,SELL00073,732.9,31.02
ORD0000838,2,PROD00289,SELL00033,546.59,38.2
ORD0000838,3,PROD00057,SELL00028,141.65,29.29
ORD0000838,4,PROD00185,SELL00022,854.45,49.11
ORD0000839,1,PROD00095,SELL00008,751.48,43.84
ORD0000839,2,PROD00166,SELL00011,13.33,20.19
ORD0000840,1,PROD00200,SELL00064,197.04,13.82
ORD0000841,1,PROD00047,SELL00040,624.02,58.93
ORD0000841,2,PROD00237,SELL00042,828.57,57.67
ORD0000841,3,PROD00163,SELL00130,51.69,39.5
ORD0000842,1,PROD00163,SELL00027,60.08,55.38
ORD0000842,2,PROD00111,SELL00011,533.22,54.47
ORD0000842,3,PROD00071,SELL00108,584.3,31.17
ORD0000842,4,PROD00206,SELL00105,117.23,14.11
ORD0000843,1,PROD00123,SELL00107,577.47,17.11
ORD0000843,2,PROD00181,SELL00105,771.45,34.06
ORD0000843,3,PROD00171,SELL00105,663.91,23.31
ORD0000843,4,PROD00160,SELL00017,737.59,33.31
ORD0000844,1,PROD00202,SELL00098,329.39,49.94
ORD0000844,2,PROD00167,SELL00003,47.08,56.07
ORD0000845,1,PROD00112,SELL00080,146.47,36.32
ORD0000845,2,PROD00131,SELL00022,17.65,13.79
ORD0000845,3,PROD00047,SELL00086,324.18,55.48
ORD0000846,1,PROD00066,SELL00101,377.66,20.02
ORD0000846,2,PROD00157,SELL00047,560.66,30.95
ORD0000846,3,PROD00249,SELL00143,136.94,5.89
ORD0000847,1,PROD00159,SELL00048,549.34,14.14
ORD0000848,1,PROD00156,SELL00034,505.62,6.41
ORD0000849,1,PROD00168,SELL00013,829.72,30.73
ORD0000849,2,PROD00150,SELL00103,417.44,39.3
ORD0000850,1,PROD00159,SELL00110,882.58,25.75
ORD0000850,2,PROD00220,SELL00001,615.11,36.08
ORD0000850,3,PROD00258,SELL00091,815.73,5.9
ORD0000850,4,PROD00171,SELL00109,156.9,31.22
ORD0000851,1,PROD00074,SELL00036,301.28,45.39
ORD0000852,1,PROD00211,SELL00042,431.38,8.02
ORD0000853,1,PROD00123,SELL00064,788.86,58.8
ORD0000854,1,PROD00152,SELL00098,87.27,7.65
ORD0000855,1,PROD00281,SELL00133,628.8,57.57
ORD0000856,1,PROD00128,SELL00065,801.55,46.47
ORD0000856,2,PROD00184,SELL00109,563.11,22.82
ORD0000857,1,PROD00024,SELL00138,212.69,41.07
ORD0000858,1,PROD00062,SELL00048,248.29,28.15
ORD0000859,1,PROD00104,SELL00126,546.1,48.18
ORD0000860,1,PROD00046,SELL00040,152.25,48.99
ORD0000860,2,PROD00256,SELL00046,37.56,39.5
ORD0000861,1,PROD00037,SELL00062,734.08,26.72
ORD0000862,1,PROD00002,SELL00045,80.7,31.68
ORD0000863,1,PROD00218,SELL00008,751.93,15.06
ORD0000864,1,PROD00125,SELL00116,442.4,22.61
ORD0000865,1,PROD91093,SELL00148,578.48,46.35
ORD0000865,2,PROD00175,SELL00054,740.44,14.58
ORD0000866,1,PROD00111,SELL00130,819.51,31.45
ORD0000867,1,PROD00252,SELL00029,110.97,58.7
ORD0000868,1,PROD00005,SELL00036,484.3,15.25
ORD0000868,2,PROD00023,SELL00133,18.51,52.83
ORD0000869,1,PROD00290,SELL00045,755.16,14.23
ORD0000870,1,PROD00109,SELL00019,496.18,12.64
ORD0000870,2,PROD00230,SELL00092,141.22,52.79
ORD0000871,1,PROD00223,SELL00088,655.64,14.11
ORD0000872,1,PROD00197,SELL00006,100.25,46.66
ORD0000872,2,PROD00057,SELL00119,717.15,45.81
ORD0000873,1,PROD00091,SELL00085,177.93,26.83
ORD0000874,1,PROD00008,SELL00010,557.06,21.44
ORD0000875,1,PROD00106,SELL00005,261.69,42.05
ORD0000875,2,PROD00267,SELL00019,63.88,23.85
ORD0000875,3,PROD00001,SELL00128,294.62,35.13
ORD0000876,1,PROD00254,SELL00111,412.25,32.07
ORD0000877,1,PROD00012,SELL00100,252.52,21.18
ORD0000877,2,PROD00118,SELL00001,84.85,54.65
ORD0000878,1,PROD00226,SELL00035,498.06,36.06
ORD0000879,1,PROD00066,SELL92768,89.99,13.67
ORD0000879,2,PROD00218,SELL00098,485.31,9.01
ORD0000880,1,PROD00155,SELL00080,67.05,42.09
ORD0000881,1,PROD00243,SELL00022,420.09,41.76
ORD0000881,2,PROD00225,SELL00130,504.87,57.37
ORD0000881,3,PROD00130,SELL00114,666.97,38.23
ORD0000882,1,PROD00126,SELL00133,117.12,8.43
ORD0000883,1,PROD00140,SELL00085,631.74,32.49
ORD0000883,2,PROD00213,SELL00149,775.76,12.11
ORD0000883,3,PROD00049,SELL00145,146.32,10.2
ORD0000883,4,PROD00247,SELL00119,684.86,7.21
ORD0000884,1,PROD00128,SELL00089,861.85,21.79
ORD0000884,2,PROD00235,SELL00082,777.11,45.07
ORD0000885,1,PROD00093,SELL00134,511.89,31.09
ORD0000885,2,PROD00255,SELL00117,861.91,39.07
ORD0000885,3,PROD00173,SELL00004,155.33,54.56
ORD0000886,1,PROD00257,SELL00108,183.85,38.35
ORD0000886,2,PROD00146,SELL00068,130.33,30.02
ORD0000886,3,PROD00201,SELL00088,126.37,18.19
ORD0000887,1,PROD00232,SELL00039,431.16,23.34
ORD0000887,2,PROD00120,SELL00000,845.68,39.69
ORD0000888,1,PROD00125,SELL00015,113.75,43.01
ORD0000889,1,PROD00130,SELL00087,167.48,53.05
ORD0000890,1,PROD00284,SELL00055,183.41,30.27
ORD0000891,1,PROD00060,SELL00078,190.91,52.92
ORD0000892,1,PROD00173,SELL00147,245.73,59.54
ORD0000893,1,PROD00041,SELL00136,649.45,14.88
ORD0000893,2,PROD00121,SELL00093,76.29,39.32
ORD0000894,1,PROD00251,SELL00044,812.75,41.33
ORD0000894,2,PROD00256,SELL00044,235.24,45.06
ORD0000894,3,PROD00270,SELL00095,690.46,36.35
ORD0000895,1,PROD98613,SELL00030,242.27,58.99
ORD0000896,1,PROD00142,SELL00145,167.81,42.81
ORD0000896,2,PROD00238,SELL00142,162.55,22.84
ORD0000897,1,PROD00046,SELL00103,881.83,54.72
ORD0000898,1,PROD00196,SELL00078,192.87,7.61
ORD0000899,1,PROD00212,SELL97893,665.28,37.47
ORD0000900,1,PROD00211,SELL00114,822.59,38.39
ORD0000901,1,PROD00032,SELL00125,541.87,43.5
ORD0000902,1,PROD00136,SELL00089,527.26,10.63
ORD0000903,1,PROD00097,SELL00011,11.37,18.99
ORD0000904,1,PROD00285,SELL00138,379.81,59.73
ORD0000904,2,PROD00068,SELL00044,63.37,26.51
ORD0000904,3,PROD00280,SELL00095,42.55,30.42
ORD0000905,1,PROD00231,SELL00066,155.79,56.23
ORD0000906,1,PROD00138,SELL00100,22.22,31.16
ORD0000907,1,PROD00273,SELL00017,649.28,24.47
ORD0000908,1,PROD00164,SELL00069,416.59,22.8
ORD0000909,1,PROD00250,SELL00128,161.59,17.63
ORD0000910,1,PROD00273,SELL00053,356.96,28.9
ORD0000911,1,PROD00188,SELL00069,659.39,34.45
ORD0000911,2,PROD00117,SELL00060,313.39,49.47
ORD0000912,1,PROD00282,SELL00098,388.63,5.83
ORD0000912,2,PROD00157,SELL00100,25.11,31.74
ORD0000912,3,PROD00044,SELL00128,268.86,26.42
ORD0000913,1,PROD00146,SELL00134,30.67,48.18
ORD0000914,1,PROD00256,SELL00059,296.17,25.54
ORD0000915,1,PROD00240,SELL00084,43.78,29.6
ORD0000915,2,PROD00185,SELL00082,418.19,17.29
ORD0000915,3,PROD00180,SELL00039,303.83,14.38
ORD0000916,1,PROD00148,SELL00013,83.14,32.05
ORD0000916,2,PROD00080,SELL00044,562.74,35.94
ORD0000916,3,PROD00167,SELL00053,709.92,26.86
ORD0000916,4,PROD00288,SELL00036,63.5,17.32
ORD0000917,1,PROD00030,SELL00022,314.71,44.3
ORD0000918,1,PROD00163,SELL00081,206.92,43.21
ORD0000919,1,PROD00246,SELL00063,306.9,38.83
ORD0000919,2,PROD00222,SELL00005,251.2,33.11
ORD0000920,1,PROD00134,SELL00019,71.26,37.94
ORD0000921,1,PROD00091,SELL00089,896.87,54.12
ORD0000922,1,PROD00146,SELL00016,437.96,49.24
ORD0000923,1,PROD00118,SELL00095,269.67,9.78
ORD0000924,1,PROD00220,SELL00046,612.42,39.68
ORD0000925,1,PROD00283,SELL00040,618.8,8.67
ORD0000926,1,PROD00211,SELL00117,706.88,30.02
ORD0000926,2,PROD00233,SELL00091,320.15,23.2
ORD0000926,3,PROD00258,SELL00084,727.17,43.27
ORD0000926,4,PROD00056,SELL00012,134.24,39.33
ORD0000927,1,PROD00025,SELL00034,180.91,18.72
ORD0000928,1,PROD00035,SELL00133,290.16,46.07
ORD0000928,2,PROD00192,SELL00110,133.27,48.76
ORD0000928,3,PROD00054,SELL00031,674.15,21.33
ORD0000929,1,PROD00215,SELL00143,885.72,45.41
ORD0000930,1,PROD00296,SELL00013,165.0,20.5
ORD0000931,1,PROD00086,SELL00008,150.24,45.73
ORD0000932,1,PROD00232,SELL00028,153.02,35.04
ORD0000933,1,PROD00043,SELL00076,748.73,24.7
ORD0000934,1,PROD00298,SELL00149,255.81,50.99
ORD0000934,2,PROD00152,SELL00082,-37.11,50.36
ORD0000935,1,PROD00079,SELL00134,344.26,34.61
ORD0000935,2,PROD00004,SELL00128,533.15,46.92
ORD0000935,3,PROD00023,SELL00077,344.32,56.64
ORD0000935,4,PROD00116,SELL00036,685.21,57.42
ORD0000936,1,PROD00014,SELL00079,602.67,30.38
ORD0000936,2,PROD00253,SELL00108,48.07,18.65
ORD0000937,1,PROD00249,SELL00032,723.58,46.02
ORD0000938,1,PROD00090,SELL00073,586.26,44.47
ORD0000939,1,PROD00064,SELL00102,445.9,54.45
ORD0000939,2,PROD00181,SELL00108,817.37,26.52
ORD0000940,1,PROD00239,SELL00083,334.58,27.87
ORD0000941,1,PROD00298,SELL00011,513.35,28.13
ORD0000941,2,PROD00208,SELL00087,516.02,25.38
ORD0000941,3,PROD00036,SELL00085,379.54,15.33
ORD0000942,1,PROD00261,SELL00101,550.12,8.71
ORD0000942,2,PROD00219,SELL00115,762.54,54.06
ORD0000942,3,PROD00198,SELL00141,280.61,31.5
ORD0000943,1,PROD00209,SELL00021,518.67,56.13
ORD0000944,1,PROD00133,SELL00099,517.83,50.69
ORD0000945,1,PROD00040,SELL00034,219.1,56.77
ORD0000945,2,PROD00005,SELL00099,191.28,10.94
ORD0000946,1,PROD00217,SELL00004,754.7,24.96
ORD0000946,2,PROD00002,SELL00038,164.56,5.66
ORD0000947,1,PROD00180,SELL00095,358.42,45.23
ORD0000948,1,PROD00033,SELL95881,792.99,51.1
ORD0000948,2,PROD00081,SELL00004,203.92,12.01
ORD0000949,1,PROD00195,SELL00083,123.22,44.85
ORD0000950,1,PROD00285,SELL00038,21.35,18.36
ORD0000950,2,PROD98033,SELL00149,303.17,41.64
ORD0000950,3,PROD00034,SELL00051,827.35,58.23
ORD0000951,1,PROD00083,SELL00020,425.2,48.73
ORD0000951,2,PROD00200,SELL00100,213.3,40.8
ORD0000952,1,PROD00037,SELL00040,378.49,51.7
ORD0000953,1,PROD94294,SELL00125,553.79,44.44
ORD0000954,1,PROD00015,SELL00125,331.39,23.98
ORD0000954,2,PROD00055,SELL00039,642.24,45.68
ORD0000955,1,PROD00168,SELL00025,527.92,23.83
ORD0000955,2,PROD00127,SELL00103,456.08,35.55
ORD0000956,1,PROD00203,SELL00072,765.7,39.24
ORD0000957,1,PROD00081,SELL00129,221.68,32.65
ORD0000957,2,PROD92209,SELL00070,532.42,29.29
ORD0000958,1,PROD00043,SELL00090,401.91,51.15
ORD0000958,2,PROD00085,SELL00099,106.48,36.21
ORD0000959,1,PROD00012,SELL00033,510.72,35.9
ORD0000960,1,PROD00131,SELL00081,417.54,50.85
ORD0000960,2,PROD00039,SELL00060,827.42,34.48
ORD0000961,1,PROD00017,SELL00149,767.13,43.36
ORD0000961,2,PROD00227,SELL00036,851.92,36.04
ORD0000962,1,PROD00096,SELL00003,831.98,36.85
ORD0000962,2,PROD00235,SELL00098,104.31,47.63
ORD0000963,1,PROD00252,SELL00112,130.77,41.79
ORD0000964,1,PROD00109,SELL00140,99.08,8.67
ORD0000964,2,PROD00218,SELL00122,391.36,17.09
ORD0000964,3,PROD00227,SELL00064,457.83,59.28
ORD0000965,1,PROD92648,SELL00000,319.18,41.26
ORD0000966,1,PROD00099,SELL00125,435.6,22.47
ORD0000966,2,PROD00124,SELL00064,655.86,5.31
ORD0000966,3,PROD00138,SELL00140,591.78,32.23
ORD0000967,1,PROD00181,SELL00128,391.49,11.85
ORD0000967,2,PROD00048,SELL00045,385.86,53.52
ORD0000968,1,PROD00260,SELL00008,511.46,33.36
ORD0000969,1,PROD00197,SELL00080,551.37,30.68
ORD0000969,2,PROD00036,SELL00014,869.8,55.89
ORD0000969,3,PROD00163,SELL00112,826.63,44.0
ORD0000970,1,PROD00205,SELL00059,739.95,39.99
ORD0000970,2,PROD00053,SELL00147,482.61,57.05
ORD0000971,1,PROD00055,SELL00003,321.54,11.92
ORD0000972,1,PROD00089,SELL00017,102.07,58.16
ORD0000972,2,PROD00180,SELL00003,524.16,14.13
ORD0000973,1,PROD00289,SELL00009,658.44,17.55
ORD0000974,1,PROD00229,SELL00119,356.28,28.66
ORD0000975,1,PROD00268,SELL00081,807.58,51.06
ORD0000976,1,PROD00008,SELL00144,554.49,58.56
ORD0000976,2,PROD00146,SELL00049,28.9,10.5
ORD0000977,1,PROD00291,SELL00114,637.92,14.92
ORD0000978,1,PROD00002,SELL00089,840.63,35.76
ORD0000979,1,PROD00053,SELL00120,463.23,8.11
ORD0000980,1,PROD00252,SELL00034,888.81,48.02
ORD0000981,1,PROD00017,SELL00015,830.36,34.19
ORD0000981,2,PROD00224,SELL00091,458.0,46.38
ORD0000982,1,PROD97842,SELL98174,444.93,31.52
ORD0000982,2,PROD00136,SELL00120,599.43,14.62
ORD0000983,1,PROD00096,SELL00072,522.71,27.78
ORD0000983,2,PROD00048,SELL00079,291.46,29.89
ORD0000984,1,PROD00152,SELL00132,483.24,59.07
ORD0000985,1,PROD00293,SELL00028,736.47,25.09
ORD0000985,2,PROD00057,SELL00110,433.83,18.73
ORD0000986,1,PROD00235,SELL00107,449.96,7.04
ORD0000986,2,PROD00272,SELL99922,189.92,45.44
ORD0000986,3,PROD00114,SELL00082,635.17,14.76
ORD0000987,1,PROD00127,SELL00076,674.33,54.5
ORD0000988,1,PROD00276,SELL00062,277.48,58.44
ORD0000988,2,PROD00164,SELL00086,78.55,52.5
ORD0000989,1,PROD00068,SELL00137,493.99,50.31
ORD0000989,2,PROD00137,SELL00037,422.85,25.76
ORD0000990,1,PROD00082,SELL00130,819.15,25.78
ORD0000990,2,PROD00128,SELL00046,857.78,59.87
ORD0000991,1,PROD00176,SELL00071,427.83,46.66
ORD0000992,1,PROD00049,SELL00048,826.93,48.81
ORD0000992,2,PROD00143,SELL00044,840.41,43.59
ORD0000993,1,PROD97418,SELL00061,619.73,18.79
ORD0000993,2,PROD00184,SELL00094,257.5,51.38
ORD0000994,1,PROD00122,SELL00000,55.44,17.77
ORD0000995,1,PROD00081,SELL00110,432.51,22.95
ORD0000996,1,PROD00228,SELL00139,856.49,24.82
ORD0000996,2,PROD00257,SELL00111,592.18,10.08
ORD0000997,1,PROD00268,SELL00138,372.83,34.49
ORD0000997,2,PROD00107,SELL00098,54.88,42.4
ORD0000998,1,PROD00010,SELL00092,494.39,14.74
ORD0000998,2,PROD00148,SELL00054,359.61,9.29
ORD0000998,3,PROD00283,SELL00010,101.68,13.67
ORD0000998,4,PROD00263,SELL00060,850.67,43.55
ORD0000999,1,PROD00145,SELL00127,260.25,9.44
ORD0000999,2,PROD00122,SELL00056,773.92,42.39
ORD0001000,1,PROD00050,SELL00060,693.96,28.73
ORD0001001,1,PROD00185,SELL00078,74.31,46.26
ORD0001001,2,PROD00193,SELL00147,323.18,47.01
ORD0001001,3,PROD96115,SELL00020,42.28,45.21
ORD0001001,4,PROD00030,SELL00099,802.9,21.29
ORD0001002,1,PROD00171,SELL00027,818.92,44.55
ORD0001002,2,PROD00159,SELL00006,380.51,39.46
ORD0001003,1,PROD00113,SELL00037,819.07,28.68
ORD0001004,1,PROD00078,SELL00134,519.19,24.06
ORD0001005,1,PROD92249,SELL00003,621.34,46.58
ORD0001005,2,PROD00086,SELL00006,891.42,40.13
ORD0001005,3,PROD00222,SELL00064,491.29,17.87
ORD0001006,1,PROD00041,SELL00147,686.62,24.63
ORD0001007,1,PROD00282,SELL00074,680.73,36.84
ORD0001008,1,PROD00281,SELL00046,52.23,37.26
ORD0001008,2,PROD00056,SELL00100,497.21,11.61
ORD0001008,3,PROD00220,SELL00011,767.32,46.76
ORD0001009,1,PROD00142,SELL00016,216.1,38.04
ORD0001010,1,PROD00086,SELL00043,442.75,38.02
ORD0001011,1,PROD00117,SELL00072,273.06,46.73
ORD0001011,2,PROD00118,SELL00100,325.65,16.58
ORD0001012,1,PROD00287,SELL00134,26.95,17.36
ORD0001013,1,PROD00049,SELL00105,593.17,50.62
ORD0001014,1,PROD00010,SELL00014,680.91,19.98
ORD0001015,1,PROD00171,SELL00080,114.85,11.89
ORD0001015,2,PROD00053,SELL00013,440.04,20.89
ORD0001015,3,PROD00290,SELL00018,429.68,31.64
ORD0001016,1,PROD00131,SELL00135,614.75,32.73
ORD0001016,2,PROD00202,SELL00124,681.24,31.34
ORD0001017,1,PROD00002,SELL00056,360.34,45.13
ORD0001017,2,PROD00240,SELL00037,-28.18,10.81
ORD0001018,1,PROD00078,SELL00033,713.46,42.31
ORD0001018,2,PROD00156,SELL00063,698.51,11.43
ORD0001019,1,PROD00168,SELL00112,342.29,42.95
ORD0001020,1,PROD00026,SELL00025,390.24,27.02
ORD0001020,2,PROD00076,SELL00141,69.58,23.61
ORD0001021,1,PROD00263,SELL00056,20.07,57.6
ORD0001021,2,PROD00187,SELL00101,47.07,40.94
ORD0001021,3,PROD00286,SELL00060,268.25,52.58
ORD0001022,1,PROD00250,SELL00077,415.11,23.1
ORD0001023,1,PROD00230,SELL00009,255.06,37.37
ORD0001024,1,PROD00273,SELL00079,334.39,48.55
ORD0001024,2,PROD00245,SELL00059,552.44,10.18
ORD0001025,1,PROD00128,SELL00120,192.88,54.34
ORD0001025,2,PROD00297,SELL00013,471.71,46.02
ORD0001026,1,PROD00160,SELL00071,802.36,6.74
ORD0001027,1,PROD00257,SELL00129,416.02,29.97
ORD0001027,2,PROD00295,SELL00099,294.94,30.44
ORD0001027,3,PROD00035,SELL00067,488.75,23.25
ORD0001028,1,PROD00056,SELL00098,301.55,31.24
ORD0001028,2,PROD00283,SELL00030,157.86,31.98
ORD0001028,3,PROD00273,SELL00042,239.75,57.54
ORD0001029,1,PROD00271,SELL00089,612.77,35.81
ORD0001029,2,PROD00238,SELL00015,638.38,20.3
ORD0001030,1,PROD00164,SELL00103,874.04,6.2
ORD0001031,1,PROD00130,SELL00024,-12.68,21.8
ORD0001032,1,PROD00189,SELL00038,222.11,52.38
ORD0001033,1,PROD00020,SELL00124,151.33,27.61
ORD0001033,2,PROD00287,SELL00084,676.65,21.8
ORD0001034,1,PROD00248,SELL00038,807.46,25.62
ORD0001035,1,PROD00099,SELL00104,571.55,53.24
ORD0001035,2,PROD00187,SELL00118,754.22,43.62
ORD0001036,1,PROD00247,SELL00015,757.06,22.74
ORD0001036,2,PROD00073,SELL00014,718.42,43.13
ORD0001036,3,PROD00165,SELL00102,11.7,39.93
ORD0001036,4,PROD00010,SELL00040,321.57,57.48
ORD0001037,1,PROD00050,SELL00101,763.48,30.57
ORD0001038,1,PROD92810,SELL00114,522.23,43.86
ORD0001038,2,PROD00220,SELL00083,18.15,53.03
ORD0001039,1,PROD00080,SELL00006,621.82,16.59
ORD0001040,1,PROD00208,SELL00034,840.2,14.24
ORD0001041,1,PROD00159,SELL00018,362.58,59.12
ORD0001042,1,PROD00215,SELL00123,122.14,28.02
ORD0001043,1,PROD00262,SELL00011,616.93,28.97
ORD0001044,1,PROD00179,SELL00047,359.56,8.56
ORD0001044,2,PROD00241,SELL00034,147.61,47.39
ORD0001045,1,PROD00224,SELL00082,264.87,5.23
ORD0001045,2,PROD00142,SELL00029,625.43,27.65
ORD0001045,3,PROD00114,SELL00128,673.32,55.24
ORD0001046,1,PROD00034,SELL00132,38.4,23.31
ORD0001046,2,PROD00193,SELL00113,772.86,46.65
ORD0001047,1,PROD00170,SELL00034,373.7,22.34
ORD0001047,2,PROD96698,SELL00127,17.37,58.02
ORD0001048,1,PROD00204,SELL00068,267.37,11.97
ORD0001048,2,PROD00298,SELL00139,534.4,41.07
ORD0001048,3,PROD00203,SELL00102,229.29,28.7
ORD0001048,4,PROD00171,SELL00016,335.82,31.54
ORD0001049,1,PROD00185,SELL00149,188.57,53.26
ORD0001049,2,PROD00034,SELL00044,414.26,15.88
ORD0001050,1,PROD00271,SELL00016,565.63,32.09
ORD0001051,1,PROD00213,SELL00101,256.64,25.72
ORD0001052,1,PROD00220,SELL00063,144.44,12.76
ORD0001052,2,PROD00230,SELL00130,94.25,59.43
ORD0001052,3,PROD00055,SELL00113,74.25,35.71
ORD0001052,4,PROD00284,SELL00064,229.07,47.24
ORD0001053,1,PROD00061,SELL00102,468.54,31.81
ORD0001053,2,PROD00007,SELL00004,297.93,34.8
ORD0001054,1,PROD00260,SELL00030,248.22,15.59
ORD0001054,2,PROD00174,SELL00141,756.48,11.18
ORD0001054,3,PROD00192,SELL00056,313.63,40.29
ORD0001055,1,PROD00019,SELL00027,702.23,59.98
ORD0001055,2,PROD00291,SELL00005,801.74,57.84
ORD0001056,1,PROD00220,SELL00108,700.34,12.93
ORD0001056,2,PROD00177,SELL00048,362.82,13.73
ORD0001056,3,PROD00260,SELL00067,530.36,42.96
ORD0001057,1,PROD00002,SELL00038,10.33,17.33
ORD0001058,1,PROD00213,SELL00090,450.84,54.58
ORD0001059,1,PROD00262,SELL00054,30.1,58.9
ORD0001060,1,PROD00256,SELL00101,268.62,10.52
ORD0001060,2,PROD00197,SELL00144,790.88,15.45
ORD0001060,3,PROD00115,SELL00037,893.86,54.13
ORD0001061,1,PROD00130,SELL00047,377.67,54.09
ORD0001061,2,PROD00185,SELL00082,494.14,11.52
ORD0001062,1,PROD00102,SELL00079,797.12,6.99
ORD0001062,2,PROD00142,SELL00121,468.21,24.41
ORD0001063,1,PROD00007,SELL00098,341.77,38.73
ORD0001064,1,PROD00072,SELL00111,622.52,12.64
ORD0001064,2,PROD00089,SELL00059,816.04,11.75
ORD0001065,1,PROD00176,SELL00120,753.07,50.17
ORD0001065,2,PROD00068,SELL00004,88.16,29.99
ORD0001066,1,PROD00288,SELL00004,128.73,26.26
ORD0001066,2,PROD00232,SELL00093,603.48,20.27
ORD0001066,3,PROD00144,SELL00018,37.18,16.93
ORD0001066,4,PROD00063,SELL00110,755.7,46.16
ORD0001067,1,PROD00217,SELL00124,864.03,19.14
ORD0001067,2,PROD00026,SELL00024,80.63,52.99
ORD0001067,3,PROD00260,SELL00119,763.0,14.54
ORD0001068,1,PROD00240,SELL00088,583.37,15.36
ORD0001069,1,PROD00166,SELL00057,847.55,12.13
ORD0001069,2,PROD00252,SELL00046,415.73,18.87
ORD0001069,3,PROD00084,SELL00133,477.63,23.94
ORD0001069,4,PROD00144,SELL00110,895.7,17.5
ORD0001070,1,PROD00202,SELL00136,445.28,50.77
ORD0001071,1,PROD00146,SELL00143,229.36,41.49
ORD0001072,1,PROD00028,SELL00147,634.29,44.72
ORD0001073,1,PROD00123,SELL00013,143.59,58.53
ORD0001073,2,PROD00214,SELL00121,536.83,20.94
ORD0001074,1,PROD00034,SELL00145,469.83,28.9
ORD0001075,1,PROD00115,SELL00083,560.28,20.98
ORD0001075,2,PROD00299,SELL00016,112.04,35.82
ORD0001076,1,PROD00170,SELL00013,87.67,20.44
ORD0001077,1,PROD00205,SELL00129,824.49,37.09
ORD0001078,1,PROD00288,SELL00126,614.18,36.36
ORD0001079,1,PROD00069,SELL00140,649.01,11.78
ORD0001079,2,PROD00130,SELL00104,604.25,37.79
ORD0001080,1,PROD00165,SELL00027,235.39,37.05
ORD0001081,1,PROD00227,SELL00003,600.68,5.44
ORD0001082,1,PROD00247,SELL00069,149.3,14.6
ORD0001082,2,PROD00150,SELL00100,386.85,43.71
ORD0001083,1,PROD00022,SELL00088,112.22,11.84
ORD0001084,1,PROD00111,SELL00065,192.95,56.87
ORD0001084,2,PROD00237,SELL00114,614.96,32.37
ORD0001085,1,PROD00066,SELL00085,483.41,31.52
ORD0001085,2,PROD00004,SELL00112,543.25,19.12
ORD0001085,3,PROD00093,SELL00007,860.36,27.71
ORD0001086,1,PROD00246,SELL00100,359.7,43.94
ORD0001086,2,PROD00139,SELL00023,418.82,46.29
ORD0001086,3,PROD00188,SELL00128,594.13,18.47
ORD0001086,4,PROD00078,SELL00050,354.2,59.39
ORD0001087,1,PROD00185,SELL00114,657.51,53.92
ORD0001088,1,PROD92533,SELL00127,166.41,42.87
ORD0001089,1,PROD00197,SELL00106,676.66,58.08
ORD0001090,1,PROD00104,SELL00060,105.41,36.52
ORD0001090,2,PROD00225,SELL00076,237.44,36.91
ORD0001091,1,PROD00172,SELL00102,203.66,5.91
ORD0001091,2,PROD00074,SELL00030,715.26,7.96
ORD0001092,1,PROD00261,SELL00014,785.17,51.16
ORD0001093,1,PROD00186,SELL00050,787.44,42.83
ORD0001094,1,PROD00126,SELL00093,838.5,31.55
ORD0001094,2,PROD00162,SELL00139,359.28,30.34
ORD0001095,1,PROD00299,SELL00009,431.94,59.21
ORD0001096,1,PROD00049,SELL00140,172.84,50.22
ORD0001096,2,PROD00065,SELL00055,700.48,50.4
ORD0001096,3,PROD00260,SELL00120,735.58,28.14
ORD0001097,1,PROD00274,SELL00092,454.65,9.6
ORD0001098,1,PROD00136,SELL00095,66.08,37.47
ORD0001098,2,PROD00242,SELL00093,308.94,38.0
ORD0001099,1,PROD00066,SELL00082,505.07,41.75
ORD0001099,2,PROD00099,SELL93479,693.22,35.08
ORD0001100,1,PROD00120,SELL00036,493.32,29.14
ORD0001101,1,PROD00099,SELL00104,277.19,56.88
ORD0001102,1,PROD00255,SELL00070,611.44,22.65
ORD0001102,2,PROD00266,SELL00002,831.64,11.76
ORD0001103,1,PROD00269,SELL00138,437.26,27.17
ORD0001104,1,PROD00013,SELL00086,493.11,40.78
ORD0001104,2,PROD91024,SELL00142,801.69,50.3
ORD0001104,3,PROD00133,SELL00111,80.55,16.67
ORD0001104,4,PROD00280,SELL00096,182.44,26.13
ORD0001105,1,PROD00112,SELL00113,403.89,45.91
ORD0001106,1,PROD00295,SELL00037,148.93,52.59
ORD0001107,1,PROD00058,SELL00019,316.89,14.97
ORD0001107,2,PROD00255,SELL00080,54.65,58.0
ORD0001107,3,PROD00163,SELL00000,234.62,12.18
ORD0001108,1,PROD00288,SELL00019,249.92,57.22
ORD0001108,2,PROD00209,SELL00146,483.94,45.78
ORD0001109,1,PROD00224,SELL00124,879.42,17.75
ORD0001110,1,PROD00270,SELL00134,410.76,21.47
ORD0001111,1,PROD00185,SELL00062,110.68,39.75
ORD0001111,2,PROD00135,SELL00099,67.32,28.93
ORD0001112,1,PROD00128,SELL00123,257.02,29.12
ORD0001113,1,PROD00263,SELL00094,351.2,49.82
ORD0001114,1,PROD00280,SELL00132,427.38,25.53
ORD0001114,2,PROD00113,SELL00047,734.34,7.23
ORD0001114,3,PROD00165,SELL00081,265.02,45.67
ORD0001115,1,PROD00145,SELL00145,69.67,17.33
ORD0001116,1,PROD00240,SELL00034,177.62,17.89
ORD0001117,1,PROD00208,SELL00051,340.85,48.53
ORD0001117,2,PROD00241,SELL00149,606.69,6.11
ORD0001117,3,PROD00257,SELL00030,538.93,55.39
ORD0001118,1,PROD00166,SELL00129,589.86,35.36
ORD0001118,2,PROD00097,SELL00108,230.22,37.34
ORD0001119,1,PROD00263,SELL00111,762.43,27.66
ORD0001120,1,PROD00257,SELL00085,878.61,48.5
ORD0001120,2,PROD00149,SELL00093,598.87,29.4
ORD0001121,1,PROD00013,SELL00004,836.78,38.67
ORD0001122,1,PROD00182,SELL00132,150.82,20.93
ORD0001122,2,PROD00155,SELL00089,388.47,11.66
ORD0001123,1,PROD00226,SELL00080,502.62,44.42
ORD0001124,1,PROD00017,SELL00128,280.6,32.22
ORD0001124,2,PROD00281,SELL00093,184.16,26.55
ORD0001124,3,PROD00223,SELL00094,39.48,29.94
ORD0001125,1,PROD00097,SELL00104,549.25,29.66
ORD0001126,1,PROD00198,SELL00141,410.31,6.55
ORD0001127,1,PROD00170,SELL00145,790.8,35.62
ORD0001128,1,PROD00293,SELL00021,208.1,10.69
ORD0001129,1,PROD00098,SELL00135,340.96,16.87
ORD0001129,2,PROD00256,SELL00108,702.64,46.96
ORD0001129,3,PROD00082,SELL00101,388.65,41.67
ORD0001130,1,PROD00179,SELL00114,708.25,45.43
ORD0001131,1,PROD00001,SELL00113,438.34,41.24
ORD0001132,1,PROD00168,SELL00136,589.28,45.56
ORD0001133,1,PROD00163,SELL00135,408.22,16.62
ORD0001134,1,PROD00241,SELL00011,478.39,13.41
ORD0001135,1,PROD00189,SELL00119,664.18,56.5
ORD0001136,1,PROD00007,SELL00030,390.93,42.43
ORD0001137,1,PROD00195,SELL00022,215.45,20.65
ORD0001138,1,PROD00023,SELL00079,308.69,21.55
ORD0001139,1,PROD00244,SELL00146,564.34,7.04
ORD0001139,2,PROD00157,SELL00085,398.91,24.16
ORD0001140,1,PROD00020,SELL00057,711.67,26.66
ORD0001140,2,PROD00249,SELL00042,280.82,22.89
ORD0001140,3,PROD00248,SELL00056,219.68,8.55
ORD0001141,1,PROD00094,SELL00104,367.13,18.63
ORD0001142,1,PROD00133,SELL00140,26.08,43.58
ORD0001142,2,PROD00278,SELL00106,451.18,14.11
ORD0001143,1,PROD00192,SELL00112,55.23,36.88
ORD0001144,1,PROD00007,SELL00128,871.96,53.81
ORD0001145,1,PROD00052,SELL00004,214.44,39.47
ORD0001145,2,PROD00092,SELL00093,58.54,25.96
ORD0001145,3,PROD00197,SELL00094,400.78,11.14
ORD0001145,4,PROD00055,SELL00103,538.12,29.88
ORD0001146,1,PROD00299,SELL00127,714.58,40.14
ORD0001146,2,PROD00186,SELL00015,571.37,40.62
ORD0001146,3,PROD00238,SELL00056,89.6,23.53
ORD0001147,1,PROD00142,SELL00021,245.8,54.95
ORD0001147,2,PROD00213,SELL00067,243.52,10.76
ORD0001147,3,PROD00176,SELL00128,668.37,12.89
ORD0001147,4,PROD00146,SELL00094,238.59,41.29
ORD0001148,1,PROD00112,SELL00118,506.26,18.99
ORD0001148,2,PROD00069,SELL00048,731.32,49.44
ORD0001149,1,PROD00084,SELL00044,-9.92,41.86
ORD0001149,2,PROD00061,SELL00066,-41.48,54.15
ORD0001150,1,PROD00097,SELL00083,324.27,26.2
ORD0001150,2,PROD00220,SELL00022,194.86,19.07
ORD0001151,1,PROD00004,SELL00090,253.02,12.29
ORD0001151,2,PROD00072,SELL00086,15.8,27.11
ORD0001152,1,PROD00140,SELL00134,831.07,43.34
ORD0001152,2,PROD00077,SELL00052,283.0,43.07
ORD0001153,1,PROD00053,SELL00063,144.69,30.84
ORD0001153,2,PROD00209,SELL00114,825.04,28.62
ORD0001154,1,PROD00259,SELL00031,526.66,51.45
ORD0001154,2,PROD00228,SELL00117,679.68,37.1
ORD0001154,3,PROD00137,SELL00049,710.66,16.07
ORD0001155,1,PROD00206,SELL00066,641.19,38.19
ORD0001155,2,PROD00169,SELL00108,808.73,40.54
ORD0001156,1,PROD00203,SELL00052,788.02,31.6
ORD0001157,1,PROD00106,SELL00136,207.13,15.98
ORD0001158,1,PROD00049,SELL00026,364.13,20.38
ORD0001158,2,PROD00216,SELL00014,783.06,52.92
ORD0001159,1,PROD00187,SELL00018,108.11,20.18
ORD0001160,1,PROD00278,SELL00092,441.27,19.3
ORD0001160,2,PROD00043,SELL00096,699.56,5.68
ORD0001160,3,PROD00194,SELL00074,363.39,57.28
ORD0001161,1,PROD00073,SELL00126,501.35,38.28
ORD0001161,2,PROD00172,SELL00140,893.79,13.05
ORD0001161,3,PROD00050,SELL00062,310.14,57.55
ORD0001161,4,PROD00148,SELL00082,781.04,51.44
ORD0001162,1,PROD00202,SELL00134,67.12,36.04
ORD0001163,1,PROD00216,SELL00107,840.07,7.73
ORD0001163,2,PROD00047,SELL00142,837.59,42.05
ORD0001164,1,PROD00115,SELL00050,57.89,42.72
ORD0001165,1,PROD00296,SELL00002,546.37,57.47
ORD0001165,2,PROD00200,SELL00010,439.21,39.79
ORD0001165,3,PROD00252,SELL00083,804.5,29.69
ORD0001165,4,PROD00271,SELL00016,215.52,30.4
ORD0001166,1,PROD00078,SELL00053,163.8,36.62
ORD0001166,2,PROD00167,SELL00028,273.98,41.89
ORD0001166,3,PROD00151,SELL00094,269.46,40.25
ORD0001167,1,PROD00137,SELL00013,61.01,49.77
ORD0001168,1,PROD00138,SELL00055,365.71,59.28
ORD0001168,2,PROD00179,SELL00093,586.91,20.41
ORD0001169,1,PROD00184,SELL00127,675.33,58.31
ORD0001170,1,PROD00227,SELL00024,570.73,9.28
ORD0001171,1,PROD00256,SELL94161,196.34,11.05
ORD0001172,1,PROD00135,SELL00012,84.12,27.31
ORD0001172,2,PROD00102,SELL00053,300.82,5.39
ORD0001173,1,PROD00196,SELL00145,194.19,59.43
ORD0001174,1,PROD00116,SELL00097,94.0,7.89
ORD0001175,1,PROD00032,SELL00114,117.66,48.67
ORD0001176,1,PROD00023,SELL00028,547.21,40.03
ORD0001177,1,PROD00005,SELL96451,377.53,29.25
ORD0001177,2,PROD00080,SELL00057,334.57,25.3
ORD0001178,1,PROD00135,SELL00007,143.46,15.21
ORD0001179,1,PROD00245,SELL00013,363.1,22.96
ORD0001180,1,PROD00098,SELL00114,401.77,20.82
ORD0001181,1,PROD00043,SELL00049,144.43,44.23
ORD0001181,2,PROD00252,SELL00089,155.16,59.18
ORD0001182,1,PROD00268,SELL00029,366.83,45.08
ORD0001183,1,PROD00162,SELL00029,93.22,19.19
ORD0001184,1,PROD00256,SELL00093,799.18,58.14
ORD0001185,1,PROD00104,SELL00120,807.07,53.66
ORD0001186,1,PROD00209,SELL00082,286.04,56.92
ORD0001186,2,PROD00243,SELL00001,180.83,5.41
ORD0001187,1,PROD00252,SELL00022,420.64,26.28
ORD0001187,2,PROD00058,SELL00032,412.12,34.27
ORD0001187,3,PROD00267,SELL00022,414.92,6.63
ORD0001187,4,PROD00194,SELL00108,240.88,6.69
ORD0001188,1,PROD00162,SELL00033,705.12,44.75
ORD0001188,2,PROD00283,SELL00038,768.0,9.13
ORD0001189,1,PROD00088,SELL00017,754.13,18.94
ORD0001190,1,PROD00202,SELL00036,254.43,46.41
ORD0001191,1,PROD00217,SELL00075,122.3,9.03
ORD0001192,1,PROD00028,SELL00089,96.94,43.59
ORD0001192,2,PROD00216,SELL00037,67.42,46.45
ORD0001192,3,PROD00096,SELL00059,97.61,28.82
ORD0001192,4,PROD00161,SELL91552,703.32,40.51
ORD0001193,1,PROD00243,SELL00026,838.8,40.3
ORD0001194,1,PROD00123,SELL00003,852.27,34.88
ORD0001195,1,PROD00219,SELL00082,412.95,25.67
ORD0001196,1,PROD00007,SELL00082,574.16,58.18
ORD0001196,2,PROD00255,SELL00068,634.8,25.41
ORD0001196,3,PROD00240,SELL00122,40.54,41.57
ORD0001197,1,PROD00185,SELL00019,602.43,51.3
ORD0001198,1,PROD00002,SELL00054,431.55,9.54
ORD0001198,2,PROD00203,SELL00114,249.01,5.98
ORD0001198,3,PROD00010,SELL00090,38.83,24.26
ORD0001199,1,PROD00136,SELL00039,357.51,32.79
ORD0001200,1,PROD00088,SELL00109,846.42,10.22
ORD0001201,1,PROD00195,SELL00124,466.29,54.06
ORD0001201,2,PROD00272,SELL00013,360.34,48.95
ORD0001201,3,PROD00060,SELL00149,305.59,12.67
ORD0001202,1,PROD00107,SELL00020,174.89,26.46
ORD0001202,2,PROD00109,SELL00088,849.06,54.06
ORD0001203,1,PROD00059,SELL00066,91.72,20.36
ORD0001204,1,PROD00073,SELL00125,216.85,31.95
ORD0001204,2,PROD00051,SELL00079,652.86,5.65
ORD0001205,1,PROD00246,SELL00094,587.94,30.04
ORD0001206,1,PROD00025,SELL00084,896.67,12.48
ORD0001206,2,PROD00115,SELL00000,778.43,36.61
ORD0001207,1,PROD00251,SELL00057,361.79,41.93
ORD0001207,2,PROD00299,SELL00038,207.95,44.69
ORD0001207,3,PROD00036,SELL00038,85.61,22.63
ORD0001208,1,PROD00106,SELL00007,433.03,15.32
ORD0001208,2,PROD00091,SELL00103,877.07,20.34
ORD0001208,3,PROD00147,SELL00026,161.67,12.67
ORD0001209,1,PROD00017,SELL00063,476.01,22.7
ORD0001210,1,PROD00294,SELL00149,749.46,10.77
ORD0001210,2,PROD00180,SELL00112,863.22,16.28
ORD0001210,3,PROD00057,SELL00141,175.27,25.67
ORD0001211,1,PROD00107,SELL00095,104.87,17.75
ORD0001212,1,PROD00278,SELL00063,490.78,15.85
ORD0001212,2,PROD00224,SELL00059,493.82,10.26
ORD0001212,3,PROD00128,SELL00101,160.35,51.33
ORD0001213,1,PROD00007,SELL00059,827.11,22.71
ORD0001214,1,PROD00135,SELL00025,603.65,47.85
ORD0001215,1,PROD00118,SELL00082,61.48,56.18
ORD0001215,2,PROD00251,SELL00141,689.65,57.88
ORD0001216,1,PROD00035,SELL00109,695.33,10.52
ORD0001216,2,PROD00120,SELL00008,407.06,5.89
ORD0001217,1,PROD00205,SELL00059,90.54,36.52
ORD0001217,2,PROD00047,SELL00085,309.79,17.11
ORD0001218,1,PROD00097,SELL00014,214.93,32.11
ORD0001219,1,PROD00110,SELL00054,34.36,10.36
ORD0001220,1,PROD00007,SELL00094,470.35,7.48
ORD0001221,1,PROD00138,SELL00076,122.91,28.74
ORD0001222,1,PROD00164,SELL00108,850.97,50.9
ORD0001223,1,PROD00112,SELL00112,565.5,11.58
ORD0001223,2,PROD00081,SELL00008,562.94,31.22
ORD0001224,1,PROD00119,SELL00082,19.84,58.82
ORD0001224,2,PROD00212,SELL00067,257.03,28.95
ORD0001224,3,PROD00275,SELL00114,244.45,59.78
ORD0001224,4,PROD00028,SELL00092,814.62,58.56
ORD0001225,1,PROD00214,SELL00071,18.46,48.29
ORD0001225,2,PROD00255,SELL00062,41.44,58.95
ORD0001225,3,PROD00040,SELL00008,320.61,39.6
ORD0001225,4,PROD00009,SELL00065,707.15,19.95
ORD0001226,1,PROD00025,SELL95813,43.19,21.11
ORD0001227,1,PROD00236,SELL00054,273.06,58.23
ORD0001227,2,PROD00184,SELL00072,894.14,35.34
ORD0001227,3,PROD00202,SELL00080,404.6,8.33
ORD0001228,1,PROD00169,SELL00022,888.99,11.17
ORD0001229,1,PROD00180,SELL00095,63.19,42.13
ORD0001230,1,PROD00123,SELL00005,400.78,51.1
ORD0001231,1,PROD00221,SELL00123,854.87,31.63
ORD0001231,2,PROD00198,SELL00025,566.9,42.99
ORD0001232,1,PROD00126,SELL00117,367.68,8.19
ORD0001232,2,PROD00051,SELL00065,829.26,20.29
ORD0001233,1,PROD00258,SELL00046,233.55,21.96
ORD0001234,1,PROD00034,SELL00061,778.81,39.8
ORD0001235,1,PROD00252,SELL00040,705.11,30.17
ORD0001235,2,PROD00047,SELL00068,824.65,21.46
ORD0001236,1,PROD00010,SELL00147,597.79,26.15
ORD0001236,2,PROD00130,SELL00060,794.85,48.76
ORD0001236,3,PROD00286,SELL00128,449.86,6.01
ORD0001236,4,PROD00244,SELL00122,381.98,19.01
ORD0001237,1,PROD00023,SELL00070,772.16,24.28
ORD0001237,2,PROD00232,SELL00032,763.45,36.44
ORD0001237,3,PROD00234,SELL00102,680.56,43.06
ORD0001237,4,PROD00097,SELL00041,348.59,18.92
ORD0001238,1,PROD00057,SELL00148,451.53,56.06
ORD0001238,2,PROD00215,SELL00114,293.42,11.42
ORD0001239,1,PROD00108,SELL00106,441.49,41.39
ORD0001239,2,PROD00244,SELL00028,251.71,24.55
ORD0001239,3,PROD00028,SELL00093,896.36,46.24
ORD0001240,1,PROD00131,SELL00009,579.41,48.13
ORD0001241,1,PROD00165,SELL00099,893.99,16.91
ORD0001241,2,PROD00281,SELL00086,661.88,44.02
ORD0001241,3,PROD00209,SELL00086,-4.77,58.44
ORD0001242,1,PROD00174,SELL00002,620.28,13.83
ORD0001243,1,PROD00073,SELL00146,300.92,32.91
ORD0001244,1,PROD00297,SELL00040,664.39,40.48
ORD0001245,1,PROD00216,SELL00138,37.59,39.99
ORD0001246,1,PROD00135,SELL00073,184.83,24.82
ORD0001247,1,PROD00052,SELL00057,435.5,52.89
ORD0001248,1,PROD00251,SELL00073,512.08,8.55
ORD0001249,1,PROD00297,SELL00120,724.41,23.87
ORD0001250,1,PROD00037,SELL00121,481.74,31.42
ORD0001251,1,PROD00023,SELL00016,184.94,46.48
ORD0001252,1,PROD00072,SELL00122,276.59,14.78
ORD0001252,2,PROD00089,SELL00071,-15.16,10.37
ORD0001252,3,PROD00180,SELL00030,114.91,43.18
ORD0001253,1,PROD00020,SELL00027,492.64,35.43
ORD0001254,1,PROD00182,SELL00024,879.68,40.94
ORD0001254,2,PROD00118,SELL00015,893.47,38.15
ORD0001254,3,PROD00221,SELL00064,147.12,36.57
ORD0001255,1,PROD00106,SELL00091,793.58,42.18
ORD0001255,2,PROD00081,SELL00076,352.47,31.07
ORD0001255,3,PROD00281,SELL00083,57.7,18.4
ORD0001256,1,PROD00243,SELL00020,895.84,36.65
ORD0001256,2,PROD00183,SELL00084,323.63,13.69
ORD0001257,1,PROD00156,SELL00130,228.91,30.62
ORD0001257,2,PROD00236,SELL00124,534.27,18.23
ORD0001258,1,PROD00137,SELL00020,723.09,52.03
ORD0001258,2,PROD00259,SELL00065,453.0,34.61
ORD0001259,1,PROD00226,SELL00042,541.06,52.64
ORD0001260,1,PROD00144,SELL00081,442.51,9.09
ORD0001261,1,PROD00135,SELL00002,419.47,10.63
ORD0001262,1,PROD00127,SELL00063,416.09,59.36
ORD0001262,2,PROD00270,SELL00074,561.99,17.21
ORD0001263,1,PROD00189,SELL00016,598.83,6.67
ORD0001264,1,PROD00202,SELL00057,859.31,10.04
ORD0001265,1,PROD00033,SELL00118,254.86,15.48
ORD0001266,1,PROD00014,SELL00059,15.96,56.9
ORD0001267,1,PROD00227,SELL00054,219.98,37.76
ORD0001267,2,PROD00042,SELL00001,96.86,53.46
ORD0001268,1,PROD00282,SELL00040,828.11,13.76
ORD0001269,1,PROD00000,SELL00053,476.45,23.41
ORD0001269,2,PROD00206,SELL00080,771.0,58.67
ORD0001269,3,PROD00021,SELL00120,84.18,50.65
ORD0001270,1,PROD00155,SELL00021,805.72,46.05
ORD0001271,1,PROD00167,SELL00104,61.63,58.03
ORD0001271,2,PROD00097,SELL00070,718.96,58.96
ORD0001272,1,PROD00025,SELL00065,822.26,51.35
ORD0001273,1,PROD00004,SELL00043,169.62,27.04
ORD0001274,1,PROD00134,SELL00128,379.28,11.03
ORD0001275,1,PROD00054,SELL00040,453.69,32.44
ORD0001276,1,PROD00049,SELL00094,868.31,6.16
ORD0001277,1,PROD00169,SELL00125,47.31,14.37
ORD0001278,1,PROD00166,SELL00067,250.94,20.93
ORD0001279,1,PROD00070,SELL00066,691.42,46.18
ORD0001279,2,PROD00271,SELL00088,764.66,8.56
ORD0001279,3,PROD00262,SELL00045,375.43,18.86
ORD0001280,1,PROD00073,SELL00105,655.7,41.59
ORD0001280,2,PROD00002,SELL00097,596.82,9.32
ORD0001280,3,PROD00273,SELL00067,205.67,24.8
ORD0001280,4,PROD00115,SELL00119,358.28,45.55
ORD0001281,1,PROD00235,SELL00082,43.51,48.81
ORD0001282,1,PROD00234,SELL00028,-5.04,34.53
ORD0001283,1,PROD00091,SELL00094,332.6,29.02
ORD0001283,2,PROD00247,SELL00011,395.69,31.85
ORD0001283,3,PROD00081,SELL00045,502.28,17.79
ORD0001284,1,PROD00077,SELL00040,412.6,14.72
ORD0001285,1,PROD00216,SELL00118,821.22,20.42
ORD0001286,1,PROD00052,SELL00011,317.21,37.12
ORD0001286,2,PROD00238,SELL00100,535.8,51.61
ORD0001286,3,PROD00046,SELL00042,314.5,27.28
ORD0001287,1,PROD00007,SELL00138,43.99,24.67
ORD0001288,1,PROD00206,SELL00043,648.64,45.44
ORD0001289,1,PROD00190,SELL00090,797.55,39.25
ORD0001290,1,PROD00039,SELL00105,144.89,36.49
ORD0001291,1,PROD00203,SELL00049,353.23,59.28
ORD0001291,2,PROD00192,SELL00048,834.15,49.52
ORD0001291,3,PROD00141,SELL00140,894.71,55.25
ORD0001291,4,PROD00224,SELL00118,739.15,50.23
ORD0001292,1,PROD00049,SELL00137,824.04,39.98
ORD0001292,2,PROD00028,SELL00001,398.85,22.74
ORD0001292,3,PROD00123,SELL00144,-28.47,6.5
ORD0001293,1,PROD00212,SELL99743,552.11,51.89
ORD0001294,1,PROD00289,SELL00062,-35.87,39.31
ORD0001294,2,PROD00026,SELL00080,675.24,50.18
ORD0001294,3,PROD00064,SELL00135,523.39,13.79
ORD0001295,1,PROD00096,SELL91782,295.27,39.68
ORD0001296,1,PROD00279,SELL00083,824.75,23.06
ORD0001296,2,PROD00260,SELL00138,261.55,31.66
ORD0001296,3,PROD00084,SELL00000,405.43,23.95
ORD0001297,1,PROD00274,SELL00081,759.47,54.41
ORD0001298,1,PROD00041,SELL00112,501.94,31.07
ORD0001299,1,PROD96921,SELL00030,790.64,39.93
ORD0001299,2,PROD00047,SELL00026,123.09,58.23
ORD0001300,1,PROD00021,SELL00095,70.19,28.53
ORD0001301,1,PROD00078,SELL00037,708.19,26.05
ORD0001301,2,PROD00135,SELL00130,424.17,38.65
ORD0001301,3,PROD00189,SELL00052,546.33,25.65
ORD0001302,1,PROD00023,SELL00038,278.39,49.72
ORD0001303,1,PROD00152,SELL00035,584.11,34.44
ORD0001304,1,PROD00199,SELL00048,393.2,16.42
ORD0001304,2,PROD00099,SELL00078,811.9,58.28
ORD0001305,1,PROD00190,SELL00141,686.86,25.25
ORD0001305,2,PROD00055,SELL00097,634.0,48.44
ORD0001306,1,PROD00281,SELL00105,705.04,18.19
ORD0001307,1,PROD00143,SELL00053,224.1,17.21
ORD0001308,1,PROD00291,SELL00037,298.61,38.58
ORD0001308,2,PROD00008,SELL00006,702.51,18.48
ORD0001309,1,PROD00219,SELL00119,45.59,32.48
ORD0001309,2,PROD00082,SELL00122,662.89,38.33
ORD0001309,3,PROD00257,SELL00052,874.07,31.7
ORD0001310,1,PROD00075,SELL00011,512.07,6.62
ORD0001310,2,PROD00277,SELL00118,454.89,39.7
ORD0001310,3,PROD00202,SELL00000,511.36,41.31
ORD0001311,1,PROD00096,SELL00135,841.61,42.71
ORD0001311,2,PROD00216,SELL00146,354.51,5.76
ORD0001312,1,PROD00258,SELL00134,66.23,54.88
ORD0001312,2,PROD00083,SELL00139,607.97,25.76
ORD0001312,3,PROD00279,SELL00115,541.04,13.62
ORD0001313,1,PROD00233,SELL00113,17.37,11.78
ORD0001313,2,PROD00135,SELL00001,559.74,55.28
ORD0001314,1,PROD00271,SELL00141,520.33,56.93
ORD0001314,2,PROD00273,SELL00065,380.56,48.78
ORD0001315,1,PROD00069,SELL00046,98.86,8.86
ORD0001315,2,PROD00216,SELL00106,274.8,22.61
ORD0001315,3,PROD00243,SELL00077,207.99,6.34
ORD0001316,1,PROD00108,SELL00044,830.79,40.33
ORD0001316,2,PROD00123,SELL00032,382.16,53.23
ORD0001317,1,PROD00041,SELL00081,442.98,57.28
ORD0001318,1,PROD00039,SELL00042,875.93,11.57
ORD0001318,2,PROD00070,SELL00070,869.18,18.86
ORD0001319,1,PROD00081,SELL00009,323.05,52.52
ORD0001320,1,PROD00158,SELL00112,473.46,44.32
ORD0001321,1,PROD00170,SELL00075,371.49,26.24
ORD0001321,2,PROD00248,SELL00081,759.72,23.86
ORD0001321,3,PROD00153,SELL00085,510.27,28.21
ORD0001322,1,PROD00028,SELL00041,130.29,44.52
ORD0001322,2,PROD00221,SELL00025,289.75,47.54
ORD0001323,1,PROD00119,SELL00137,477.7,59.4
ORD0001324,1,PROD00268,SELL00039,328.65,53.46
ORD0001324,2,PROD00215,SELL00105,805.06,59.06
ORD0001324,3,PROD00190,SELL00141,56.01,55.27
ORD0001325,1,PROD00156,SELL00148,153.13,13.01
ORD0001325,2,PROD00204,SELL00019,142.19,28.54
ORD0001326,1,PROD00018,SELL00111,77.07,38.27
ORD0001326,2,PROD00042,SELL92742,392.32,24.56
ORD0001326,3,PROD00158,SELL00079,842.49,18.67
ORD0001327,1,PROD00137,SELL00033,592.43,52.81
ORD0001328,1,PROD00080,SELL00001,820.99,22.31
ORD0001328,2,PROD00281,SELL00117,620.9,50.35
ORD0001328,3,PROD00101,SELL00105,892.65,25.54
ORD0001329,1,PROD00023,SELL00015,568.11,42.33
ORD0001330,1,PROD00253,SELL00064,10.73,13.08
ORD0001330,2,PROD00138,SELL00117,894.51,54.95
ORD0001330,3,PROD00294,SELL00105,311.1,55.47
ORD0001331,1,PROD00163,SELL00072,454.09,31.97
ORD0001331,2,PROD00210,SELL99328,342.77,36.52
ORD0001331,3,PROD00281,SELL00127,315.49,37.97
ORD0001332,1,PROD00095,SELL00017,608.96,53.49
ORD0001333,1,PROD00084,SELL00012,727.08,10.44
ORD0001333,2,PROD00118,SELL00063,568.09,59.8
ORD0001334,1,PROD00150,SELL00073,212.16,47.66
ORD0001335,1,PROD00233,SELL00127,626.87,45.23
ORD0001335,2,PROD00241,SELL00033,242.93,40.01
ORD0001336,1,PROD00076,SELL00130,197.77,47.55
ORD0001337,1,PROD00038,SELL00146,403.54,21.04
ORD0001337,2,PROD00084,SELL00063,68.66,39.98
ORD0001338,1,PROD00182,SELL00120,872.85,7.77
ORD0001339,1,PROD00036,SELL96959,427.82,36.51
ORD0001339,2,PROD00270,SELL00058,245.3,59.34
ORD0001340,1,PROD00075,SELL00057,265.17,55.55
ORD0001341,1,PROD00013,SELL00005,378.72,40.88
ORD0001341,2,PROD00168,SELL00074,222.3,56.31
ORD0001342,1,PROD00166,SELL00120,196.15,43.0
ORD0001342,2,PROD00083,SELL00025,716.69,15.04
ORD0001343,1,PROD00261,SELL00065,243.59,32.27
ORD0001344,1,PROD00233,SELL00014,339.13,6.55
ORD0001344,2,PROD00010,SELL00033,352.4,16.95
ORD0001345,1,PROD00103,SELL00085,413.07,5.18
ORD0001346,1,PROD00251,SELL00131,563.05,48.51
ORD0001346,2,PROD00264,SELL00084,155.04,58.38
ORD0001347,1,PROD00099,SELL00027,731.48,21.53
ORD0001347,2,PROD00279,SELL00129,823.79,29.88
ORD0001348,1,PROD00204,SELL00004,99.44,49.18
ORD0001348,2,PROD00295,SELL00123,836.28,29.55
ORD0001349,1,PROD00050,SELL00084,663.67,15.62
ORD0001349,2,PROD00228,SELL00058,73.3,41.58
ORD0001349,3,PROD00168,SELL00016,558.37,28.27
ORD0001350,1,PROD00025,SELL00005,723.48,48.22
ORD0001351,1,PROD00288,SELL00133,606.49,46.54
ORD0001352,1,PROD92976,SELL00083,212.2,54.36
ORD0001353,1,PROD00048,SELL00000,304.41,16.87
ORD0001353,2,PROD00106,SELL00142,426.12,36.66
ORD0001354,1,PROD00254,SELL00098,699.39,14.84
ORD0001355,1,PROD00099,SELL00089,155.43,19.31
ORD0001355,2,PROD00068,SELL00006,405.48,29.53
ORD0001356,1,PROD00153,SELL00068,730.1,48.96
ORD0001357,1,PROD00161,SELL00147,874.27,46.79
ORD0001357,2,PROD00134,SELL00141,257.28,58.12
ORD0001358,1,PROD00252,SELL00019,760.88,29.78
ORD0001358,2,PROD00211,SELL00001,585.78,8.23
ORD0001359,1,PROD00045,SELL00030,713.27,56.57
ORD0001359,2,PROD00231,SELL00004,434.31,36.85
ORD0001359,3,PROD00191,SELL00019,561.02,49.33
ORD0001360,1,PROD00047,SELL00013,647.48,17.9
ORD0001360,2,PROD00000,SELL00100,592.0,23.82
ORD0001361,1,PROD00202,SELL00117,795.24,44.88
ORD0001362,1,PROD00042,SELL00086,12.32,33.58
ORD0001363,1,PROD00077,SELL00013,554.54,21.33
ORD0001363,2,PROD00095,SELL00124,576.36,52.51
ORD0001364,1,PROD00171,SELL00118,205.46,50.94
ORD0001364,2,PROD00151,SELL00000,856.24,44.01
ORD0001364,3,PROD00213,SELL00051,65.45,36.65
ORD0001365,1,PROD00245,SELL00012,394.23,11.7
ORD0001366,1,PROD00235,SELL00147,62.06,11.51
ORD0001367,1,PROD00240,SELL00110,610.41,10.72
ORD0001367,2,PROD00226,SELL00099,608.96,35.22
ORD0001367,3,PROD00035,SELL00038,548.43,56.16
ORD0001368,1,PROD00277,SELL00120,412.46,35.98
ORD0001369,1,PROD00110,SELL00103,887.63,45.74
ORD0001370,1,PROD00129,SELL00047,845.44,17.89
ORD0001371,1,PROD00225,SELL00083,238.94,49.79
ORD0001371,2,PROD00059,SELL00049,768.2,49.1
ORD0001371,3,PROD00077,SELL00022,68.32,23.01
ORD0001371,4,PROD00033,SELL00137,151.75,34.41
ORD0001372,1,PROD00060,SELL00115,80.86,48.57
ORD0001372,2,PROD00085,SELL00055,597.89,25.55
ORD0001373,1,PROD00275,SELL00057,115.06,40.95
ORD0001373,2,PROD00262,SELL00061,349.17,36.91
ORD0001374,1,PROD00024,SELL00078,260.37,19.39
ORD0001375,1,PROD00168,SELL00057,558.34,54.93
ORD0001375,2,PROD00047,SELL00018,563.7,42.71
ORD0001376,1,PROD00010,SELL00109,861.82,7.75
ORD0001376,2,PROD00037,SELL00074,284.29,9.44
ORD0001376,3,PROD00199,SELL00122,685.62,42.67
ORD0001377,1,PROD00209,SELL00120,54.54,58.3
ORD0001378,1,PROD00283,SELL00002,236.8,40.61
ORD0001379,1,PROD00165,SELL00045,263.44,5.37
ORD0001379,2,PROD00187,SELL00133,779.61,10.08
ORD0001380,1,PROD00077,SELL00077,573.86,30.75
ORD0001380,2,PROD00138,SELL00088,778.72,56.27
ORD0001381,1,PROD00019,SELL00034,776.08,49.54
ORD0001382,1,PROD00068,SELL00113,828.12,31.75
ORD0001383,1,PROD00156,SELL00042,386.05,14.48
ORD0001384,1,PROD00135,SELL00071,237.8,48.33
ORD0001384,2,PROD00002,SELL00080,586.58,23.64
ORD0001385,1,PROD00189,SELL00026,197.44,35.01
ORD0001386,1,PROD00127,SELL00052,428.69,5.77
ORD0001386,2,PROD00124,SELL00081,808.43,49.87
ORD0001386,3,PROD00112,SELL00060,233.39,12.96
ORD0001386,4,PROD00247,SELL00110,299.95,29.04
ORD0001387,1,PROD00191,SELL00107,641.32,52.12
ORD0001388,1,PROD00156,SELL00043,555.56,21.09
ORD0001389,1,PROD00194,SELL00088,474.09,46.17
ORD0001389,2,PROD00231,SELL00109,790.12,13.65
ORD0001390,1,PROD00111,SELL00134,63.73,24.36
ORD0001390,2,PROD00214,SELL00051,843.9,41.54
ORD0001390,3,PROD00191,SELL00016,84.98,15.89
ORD0001391,1,PROD00110,SELL00024,748.09,53.09
ORD0001391,2,PROD00172,SELL00139,463.2,42.16
ORD0001391,3,PROD00121,SELL00137,430.46,33.88
ORD0001391,4,PROD00170,SELL00047,490.17,37.08
ORD0001392,1,PROD00076,SELL00057,886.06,52.79
ORD0001393,1,PROD00186,SELL00124,714.87,26.39
ORD0001393,2,PROD00081,SELL00098,147.57,14.3
ORD0001393,3,PROD00105,SELL00104,749.6,42.21
ORD0001394,1,PROD00197,SELL00132,60.52,9.13
ORD0001395,1,PROD00221,SELL00051,548.54,19.46
ORD0001395,2,PROD00270,SELL00038,558.45,8.88
ORD0001395,3,PROD00193,SELL94039,441.32,25.53
ORD0001395,4,PROD00029,SELL00048,574.14,24.82
ORD0001396,1,PROD00212,SELL00080,567.53,42.76
ORD0001396,2,PROD00071,SELL00043,496.83,35.05
ORD0001397,1,PROD99985,SELL00132,842.92,46.94
ORD0001397,2,PROD00001,SELL00072,540.2,14.59
ORD0001398,1,PROD00211,SELL00129,588.54,58.99
ORD0001398,2,PROD00139,SELL00124,129.45,11.21
ORD0001399,1,PROD00253,SELL00106,198.95,35.75
ORD0001400,1,PROD00038,SELL00129,58.69,21.74
ORD0001400,2,PROD00123,SELL00120,517.2,31.85
ORD0001401,1,PROD00133,SELL00142,118.06,46.76
ORD0001402,1,PROD00241,SELL00042,542.46,44.24
ORD0001402,2,PROD00062,SELL00098,327.46,43.05
ORD0001402,3,PROD91938,SELL00054,105.03,8.97
ORD0001403,1,PROD00157,SELL00062,783.01,32.17
ORD0001404,1,PROD00040,SELL00042,31.42,17.03
ORD0001405,1,PROD00232,SELL00101,89.49,53.85
ORD0001406,1,PROD00021,SELL00017,419.02,41.23
ORD0001406,2,PROD00115,SELL00043,148.83,34.88
ORD0001407,1,PROD00016,SELL00144,590.78,35.8
ORD0001408,1,PROD00038,SELL00070,355.37,26.31
ORD0001408,2,PROD00206,SELL00119,450.74,54.2
ORD0001408,3,PROD00144,SELL00146,860.67,5.4
ORD0001409,1,PROD00179,SELL00052,332.45,11.16
ORD0001409,2,PROD00067,SELL00017,41.64,51.37
ORD0001409,3,PROD00061,SELL00009,791.75,24.98
ORD0001410,1,PROD00105,SELL00032,35.99,26.77
ORD0001410,2,PROD00076,SELL00000,435.11,10.13
ORD0001411,1,PROD00214,SELL00061,220.39,7.74
ORD0001412,1,PROD00185,SELL00051,206.84,10.56
ORD0001413,1,PROD00014,SELL00076,100.65,12.79
ORD0001414,1,PROD00158,SELL00061,586.96,19.74
ORD0001415,1,PROD00115,SELL00094,781.75,24.84
ORD0001415,2,PROD00148,SELL00073,582.02,8.23
ORD0001415,3,PROD00010,SELL00043,11.85,25.64
ORD0001415,4,PROD00280,SELL00001,371.21,5.87
ORD0001416,1,PROD00016,SELL00087,116.69,59.07
ORD0001416,2,PROD00236,SELL00090,724.05,20.43
ORD0001416,3,PROD00081,SELL00131,568.19,20.61
ORD0001417,1,PROD00217,SELL00142,750.05,40.14
ORD0001417,2,PROD00072,SELL00065,762.23,57.01
ORD0001418,1,PROD00116,SELL00086,212.36,31.83
ORD0001419,1,PROD00073,SELL00120,112.25,54.88
ORD0001420,1,PROD00032,SELL00093,526.52,24.53
ORD0001420,2,PROD00025,SELL00004,882.16,44.54
ORD0001420,3,PROD00161,SELL00065,130.26,29.7
ORD0001420,4,PROD00211,SELL00009,858.9,38.56
ORD0001421,1,PROD00029,SELL00029,244.96,28.68
ORD0001421,2,PROD00101,SELL00112,272.99,32.06
ORD0001421,3,PROD93841,SELL00085,297.37,55.37
ORD0001421,4,PROD00130,SELL00115,384.82,59.67
ORD0001422,1,PROD00035,SELL00068,614.18,10.29
ORD0001422,2,PROD00018,SELL00140,248.56,14.06
ORD0001422,3,PROD00104,SELL00103,560.31,54.71
ORD0001423,1,PROD00278,SELL00149,386.62,41.35
ORD0001423,2,PROD00069,SELL00097,263.45,20.28
ORD0001423,3,PROD00245,SELL00118,503.85,24.56
ORD0001424,1,PROD00180,SELL00019,587.31,59.93
ORD0001424,2,PROD00293,SELL00039,326.9,53.55
ORD0001424,3,PROD00087,SELL00030,17.27,33.65
ORD0001425,1,PROD00122,SELL00039,296.78,23.35
ORD0001425,2,PROD00277,SELL00086,751.16,11.48
ORD0001426,1,PROD00270,SELL00089,175.15,52.09
ORD0001427,1,PROD00173,SELL00110,445.1,53.93
ORD0001427,2,PROD00027,SELL00134,267.56,10.75
ORD0001428,1,PROD00072,SELL00016,527.59,40.57
ORD0001429,1,PROD00051,SELL00008,545.57,58.8
ORD0001430,1,PROD00142,SELL00111,535.98,59.36
ORD0001430,2,PROD00261,SELL00111,428.93,35.38
ORD0001430,3,PROD00162,SELL00095,377.61,28.35
ORD0001431,1,PROD00288,SELL00104,211.56,44.38
ORD0001431,2,PROD00116,SELL00010,179.58,52.39
ORD0001431,3,PROD00020,SELL00103,690.56,42.58
ORD0001432,1,PROD00119,SELL00005,804.48,26.84
ORD0001432,2,PROD00295,SELL00113,352.24,43.23
ORD0001432,3,PROD00220,SELL00090,731.11,39.5
ORD0001432,4,PROD00003,SELL00068,175.52,18.08
ORD0001433,1,PROD00110,SELL00136,50.18,16.98
ORD0001434,1,PROD00038,SELL00123,646.91,49.26
ORD0001434,2,PROD00063,SELL00073,420.43,55.89
ORD0001434,3,PROD00130,SELL00123,798.29,46.26
ORD0001434,4,PROD00143,SELL00082,839.15,48.64
ORD0001435,1,PROD00099,SELL00025,702.71,33.15
ORD0001436,1,PROD00242,SELL00004,22.18,52.75
ORD0001437,1,PROD00099,SELL00076,496.74,25.12
ORD0001437,2,PROD00053,SELL00110,18.6,34.12
ORD0001438,1,PROD00035,SELL00009,678.34,41.9
ORD0001438,2,PROD00094,SELL00043,394.58,30.7
ORD0001439,1,PROD00279,SELL00111,752.6,9.3
ORD0001440,1,PROD00097,SELL00034,689.07,37.42
ORD0001440,2,PROD00003,SELL00001,588.34,5.18
ORD0001441,1,PROD00141,SELL00020,367.54,31.95
ORD0001442,1,PROD00287,SELL00104,503.83,10.27
ORD0001443,1,PROD00067,SELL00041,575.63,49.54
ORD0001443,2,PROD00038,SELL00053,596.55,15.2
ORD0001443,3,PROD00017,SELL00022,187.99,31.77
ORD0001443,4,PROD00125,SELL00018,823.24,31.05
ORD0001444,1,PROD00252,SELL00003,430.05,27.75
ORD0001445,1,PROD00001,SELL00007,230.78,9.84
ORD0001446,1,PROD00124,SELL00056,545.45,34.7
ORD0001447,1,PROD00029,SELL00039,869.23,48.6
ORD0001447,2,PROD00264,SELL00108,519.13,18.75
ORD0001448,1,PROD00264,SELL00062,852.22,47.7
ORD0001448,2,PROD00153,SELL00106,98.13,42.35
ORD0001448,3,PROD00081,SELL00013,737.56,26.38
ORD0001449,1,PROD00197,SELL00021,256.39,59.1
ORD0001450,1,PROD00130,SELL00026,892.68,53.78
ORD0001450,2,PROD00103,SELL00032,263.52,29.55
ORD0001451,1,PROD00229,SELL00142,388.8,8.86
ORD0001452,1,PROD00231,SELL00104,32.45,27.88
ORD0001452,2,PROD00169,SELL00061,372.7,36.3
ORD0001452,3,PROD00242,SELL00105,538.26,18.81
ORD0001453,1,PROD00124,SELL00121,669.69,50.8
ORD0001453,2,PROD00259,SELL00056,314.86,29.91
ORD0001453,3,PROD00185,SELL00070,868.34,32.78
ORD0001454,1,PROD00262,SELL00049,401.33,22.16
ORD0001455,1,PROD00193,SELL00033,249.02,22.84
ORD0001455,2,PROD00199,SELL00015,148.21,59.24
ORD0001455,3,PROD00170,SELL00142,496.34,8.94
ORD0001456,1,PROD94836,SELL00105,195.31,13.9
ORD0001457,1,PROD00015,SELL00125,237.26,39.38
ORD0001458,1,PROD00004,SELL00096,293.65,52.22
ORD0001458,2,PROD00052,SELL00118,826.87,5.17
ORD0001458,3,PROD00257,SELL00052,613.69,17.92
ORD0001459,1,PROD00187,SELL00046,329.38,7.35
ORD0001460,1,PROD00186,SELL00077,473.97,16.67
ORD0001461,1,PROD99116,SELL00000,707.85,26.69
ORD0001462,1,PROD00107,SELL00072,-48.57,36.47
ORD0001463,1,PROD00059,SELL00017,597.29,15.65
ORD0001464,1,PROD00084,SELL00095,345.08,30.47
ORD0001465,1,PROD00117,SELL00099,781.36,58.63
ORD0001466,1,PROD00134,SELL00004,352.11,15.48
ORD0001467,1,PROD00099,SELL00134,496.33,49.71
ORD0001468,1,PROD00204,SELL00012,496.49,47.98
ORD0001468,2,PROD00059,SELL00081,470.5,6.99
ORD0001469,1,PROD00114,SELL00134,405.87,23.35
ORD0001469,2,PROD00061,SELL00061,781.16,38.69
ORD0001470,1,PROD00106,SELL00074,271.83,56.91
ORD0001471,1,PROD00140,SELL00082,303.92,29.17
ORD0001472,1,PROD00094,SELL00099,705.56,51.89
ORD0001473,1,PROD00195,SELL00107,320.03,52.49
ORD0001474,1,PROD00189,SELL00013,263.39,17.99
ORD0001475,1,PROD00249,SELL00148,594.12,40.41
ORD0001476,1,PROD00196,SELL00119,80.71,28.19
ORD0001476,2,PROD00298,SELL00033,36.7,38.26
ORD0001477,1,PROD00275,SELL00071,812.82,16.19
ORD0001477,2,PROD00193,SELL00114,369.18,20.34
ORD0001478,1,PROD00138,SELL00133,389.43,32.84
ORD0001478,2,PROD00004,SELL00122,471.11,17.76
ORD0001479,1,PROD00276,SELL00082,529.74,46.02
ORD0001479,2,PROD00027,SELL00074,241.67,20.34
ORD0001479,3,PROD00185,SELL00087,656.34,31.42
ORD0001479,4,PROD00171,SELL00041,499.05,20.25
ORD0001480,1,PROD00125,SELL00064,349.73,5.4
ORD0001481,1,PROD00015,SELL00105,475.54,37.91
ORD0001482,1,PROD00190,SELL00122,418.46,53.99
ORD0001482,2,PROD00097,SELL00055,755.75,38.03
ORD0001483,1,PROD00231,SELL00122,625.44,21.75
ORD0001484,1,PROD00245,SELL00017,471.61,14.97
ORD0001485,1,PROD00270,SELL00103,812.71,48.75
ORD0001486,1,PROD00061,SELL00050,136.65,48.97
ORD0001487,1,PROD00215,SELL00064,368.04,25.14
ORD0001487,2,PROD00231,SELL00080,210.15,21.33
ORD0001488,1,PROD00288,SELL00073,101.73,10.99
ORD0001488,2,PROD00276,SELL00019,633.46,52.52
ORD0001488,3,PROD00259,SELL00002,826.14,48.44
ORD0001489,1,PROD00197,SELL00073,573.26,26.97
ORD0001489,2,PROD00020,SELL00020,544.89,53.21
ORD0001489,3,PROD00161,SELL00076,22.88,19.98
ORD0001490,1,PROD00167,SELL00068,628.62,13.0
ORD0001490,2,PROD00047,SELL00044,437.43,49.78
ORD0001490,3,PROD00101,SELL00057,222.63,23.08
ORD0001490,4,PROD00079,SELL00141,248.2,48.81
ORD0001491,1,PROD00089,SELL00093,57.11,27.79
ORD0001491,2,PROD00273,SELL00124,799.99,41.76
ORD0001491,3,PROD00071,SELL00109,338.71,54.13
ORD0001491,4,PROD00032,SELL00015,206.04,46.76
ORD0001492,1,PROD00088,SELL00077,610.53,9.19
ORD0001492,2,PROD00262,SELL00130,809.28,11.3
ORD0001492,3,PROD00170,SELL00086,789.97,40.23
ORD0001492,4,PROD00220,SELL00136,604.73,28.26
ORD0001493,1,PROD00261,SELL00063,706.03,59.95
ORD0001494,1,PROD00037,SELL00065,699.31,30.48
ORD0001494,2,PROD00162,SELL00137,797.28,12.62
ORD0001495,1,PROD00161,SELL00106,643.95,9.29
ORD0001495,2,PROD00220,SELL00089,696.36,29.99
ORD0001496,1,PROD00000,SELL00080,486.18,25.82
ORD0001497,1,PROD00138,SELL00032,496.77,42.84
ORD0001497,2,PROD00299,SELL00053,105.54,24.52
ORD0001498,1,PROD00124,SELL00087,619.14,37.0
ORD0001498,2,PROD00139,SELL00053,851.48,46.03
ORD0001498,3,PROD00012,SELL00093,694.29,25.22
ORD0001498,4,PROD00195,SELL00129,278.26,32.38
ORD0001499,1,PROD00279,SELL00058,538.83,38.13
ORD0001500,1,PROD00179,SELL00138,458.98,24.44
ORD0001501,1,PROD00271,SELL00003,614.08,36.12
ORD0001502,1,PROD00124,SELL00132,186.63,42.52
ORD0001502,2,PROD00221,SELL00133,270.15,46.57
ORD0001503,1,PROD00149,SELL00107,149.95,22.57
ORD0001503,2,PROD00001,SELL00040,408.18,56.66
ORD0001504,1,PROD00231,SELL00013,717.16,35.37
ORD0001505,1,PROD00064,SELL00102,715.8,37.2
ORD0001506,1,PROD00297,SELL00102,744.94,55.58
ORD0001507,1,PROD00085,SELL00076,569.82,19.05
ORD0001507,2,PROD00244,SELL00025,520.9,9.44
ORD0001507,3,PROD00000,SELL00046,61.45,15.77
ORD0001507,4,PROD00036,SELL00064,835.65,54.13
ORD0001508,1,PROD00212,SELL00070,440.14,59.51
ORD0001508,2,PROD00177,SELL00087,383.97,12.43
ORD0001509,1,PROD00098,SELL91084,76.86,26.24
ORD0001510,1,PROD00169,SELL00145,841.96,8.27
ORD0001511,1,PROD00196,SELL00068,197.51,7.07
ORD0001512,1,PROD00120,SELL00125,134.76,12.19
ORD0001512,2,PROD00129,SELL00121,112.86,25.94
ORD0001512,3,PROD00232,SELL00060,447.29,29.92
ORD0001513,1,PROD00062,SELL00010,63.27,13.85
ORD0001513,2,PROD00131,SELL00136,650.69,44.95
ORD0001514,1,PROD00200,SELL00109,668.68,34.66
ORD0001515,1,PROD00010,SELL00057,364.53,30.36
ORD0001515,2,PROD00143,SELL00021,751.68,6.14
ORD0001516,1,PROD00111,SELL00123,480.94,34.7
ORD0001516,2,PROD00111,SELL00137,13.87,22.37
ORD0001517,1,PROD00135,SELL00139,164.85,48.31
ORD0001518,1,PROD00239,SELL00067,407.44,16.13
ORD0001519,1,PROD00045,SELL00053,480.71,23.78
ORD0001519,2,PROD00072,SELL00051,56.8,51.35
ORD0001520,1,PROD00089,SELL00057,619.69,52.61
ORD0001521,1,PROD00132,SELL00003,486.29,43.03
ORD0001521,2,PROD00040,SELL00094,456.78,21.64
ORD0001521,3,PROD00203,SELL00118,831.01,11.98
ORD0001522,1,PROD00264,SELL00144,482.31,10.21
ORD0001523,1,PROD00212,SELL00059,822.34,12.08
ORD0001523,2,PROD00247,SELL00115,111.85,5.69
ORD0001524,1,PROD00269,SELL00070,382.97,45.6
ORD0001524,2,PROD00120,SELL00079,390.58,36.31
ORD0001524,3,PROD00095,SELL00081,418.74,55.9
ORD0001524,4,PROD00251,SELL00056,615.56,36.49
ORD0001525,1,PROD00114,SELL00063,594.26,45.68
ORD0001525,2,PROD00008,SELL00090,644.01,58.14
ORD0001526,1,PROD00179,SELL00024,562.58,57.03
ORD0001526,2,PROD00113,SELL00014,588.85,31.82
ORD0001527,1,PROD00038,SELL00092,578.28,40.33
ORD0001528,1,PROD00117,SELL00129,698.37,10.04
ORD0001529,1,PROD00296,SELL00004,396.52,35.11
ORD0001529,2,PROD00209,SELL00049,33.67,56.16
ORD0001530,1,PROD00267,SELL00051,253.86,36.21
ORD0001531,1,PROD00267,SELL00063,262.99,12.97
ORD0001532,1,PROD00237,SELL00024,722.56,31.99
ORD0001533,1,PROD00255,SELL00051,134.55,34.05
ORD0001534,1,PROD00088,SELL00085,102.68,41.96
ORD0001535,1,PROD00178,SELL00039,345.99,29.09
ORD0001535,2,PROD00095,SELL00024,126.16,47.27
ORD0001536,1,PROD00206,SELL00001,237.83,10.74
ORD0001536,2,PROD00129,SELL00119,388.44,44.33
ORD0001536,3,PROD00205,SELL00102,469.18,23.21
ORD0001537,1,PROD00244,SELL00118,102.74,25.44
ORD0001538,1,PROD00133,SELL00007,-48.85,50.87
ORD0001538,2,PROD00225,SELL00085,641.11,57.52
ORD0001539,1,PROD00265,SELL00057,495.51,18.73
ORD0001540,1,PROD00120,SELL00073,491.09,40.05
ORD0001541,1,PROD00064,SELL00138,487.61,26.28
ORD0001542,1,PROD00127,SELL00124,387.19,50.63
ORD0001543,1,PROD00052,SELL00148,593.55,6.79
ORD0001544,1,PROD00113,SELL00020,570.03,50.56
ORD0001544,2,PROD00160,SELL00072,-45.05,54.23
ORD0001545,1,PROD00226,SELL00026,823.83,26.18
ORD0001546,1,PROD00002,SELL00024,616.12,20.5
ORD0001547,1,PROD00269,SELL94150,35.53,49.12
ORD0001547,2,PROD00081,SELL00011,777.27,19.38
ORD0001547,3,PROD00199,SELL00075,39.21,43.2
ORD0001548,1,PROD00212,SELL00142,412.77,12.12
ORD0001549,1,PROD00197,SELL00045,891.62,7.41
ORD0001550,1,PROD00013,SELL00030,777.98,47.26
ORD0001551,1,PROD00000,SELL00049,415.8,13.46
ORD0001552,1,PROD00082,SELL00039,55.39,46.57
ORD0001552,2,PROD00031,SELL00138,65.54,47.0
ORD0001552,3,PROD00085,SELL00119,346.73,40.61
ORD0001553,1,PROD00034,SELL00143,62.86,5.14
ORD0001554,1,PROD00068,SELL00042,750.22,43.2
ORD0001554,2,PROD00079,SELL00104,202.73,34.59
ORD0001554,3,PROD00085,SELL00099,188.11,37.04
ORD0001555,1,PROD00137,SELL00089,551.92,7.92
ORD0001555,2,PROD00117,SELL00092,333.19,33.85
ORD0001555,3,PROD00076,SELL00056,243.56,41.01
ORD0001556,1,PROD00222,SELL00006,321.53,57.8
ORD0001556,2,PROD00009,SELL00038,532.35,9.75
ORD0001556,3,PROD00029,SELL00076,67.29,30.74
ORD0001557,1,PROD00095,SELL00130,557.37,45.18
ORD0001557,2,PROD00134,SELL00020,730.44,35.93
ORD0001558,1,PROD00262,SELL00132,277.66,45.63
ORD0001559,1,PROD00295,SELL00107,173.53,55.12
ORD0001560,1,PROD00011,SELL00126,594.44,59.3
ORD0001561,1,PROD00182,SELL00005,81.4,54.69
ORD0001561,2,PROD00164,SELL00037,595.16,38.93
ORD0001562,1,PROD00191,SELL00107,455.09,43.62
ORD0001562,2,PROD00006,SELL96561,628.06,35.92
ORD0001562,3,PROD00078,SELL00047,271.02,40.5
ORD0001562,4,PROD00019,SELL96651,113.22,43.09
ORD0001563,1,PROD00157,SELL00108,54.95,56.63
ORD0001563,2,PROD00248,SELL00073,483.97,31.64
ORD0001564,1,PROD00027,SELL00136,199.14,29.17
ORD0001565,1,PROD00048,SELL00014,42.79,42.99
ORD0001565,2,PROD00235,SELL00020,459.25,50.1
ORD0001566,1,PROD00080,SELL00080,704.98,36.0
ORD0001567,1,PROD00221,SELL00047,838.28,51.69
ORD0001568,1,PROD00182,SELL00084,462.84,35.66
ORD0001568,2,PROD00184,SELL00109,688.26,19.71
ORD0001568,3,PROD00085,SELL00079,788.47,33.06
ORD0001568,4,PROD00027,SELL00090,242.36,40.26
ORD0001569,1,PROD00260,SELL00149,246.2,39.47
ORD0001570,1,PROD92937,SELL00079,340.87,23.09
ORD0001571,1,PROD00020,SELL00085,587.3,51.9
ORD0001572,1,PROD00101,SELL00112,771.3,25.02
ORD0001572,2,PROD00143,SELL00147,476.7,10.68
ORD0001573,1,PROD00147,SELL00117,763.86,53.97
ORD0001573,2,PROD00002,SELL00096,402.82,48.11
ORD0001573,3,PROD00194,SELL00067,495.4,58.47
ORD0001574,1,PROD00224,SELL00066,208.68,27.86
ORD0001575,1,PROD00105,SELL00078,700.14,26.47
ORD0001576,1,PROD00258,SELL00100,572.25,9.99
ORD0001577,1,PROD00196,SELL00080,475.82,8.07
ORD0001577,2,PROD00212,SELL00041,655.71,54.79
ORD0001578,1,PROD00014,SELL00049,600.19,12.38
ORD0001578,2,PROD00250,SELL00035,816.85,59.72
ORD0001579,1,PROD00188,SELL00113,386.78,22.65
ORD0001579,2,PROD00087,SELL00023,212.06,32.28
ORD0001579,3,PROD00055,SELL00061,320.11,55.53
ORD0001579,4,PROD00133,SELL00044,189.52,49.6
ORD0001580,1,PROD00147,SELL00127,78.93,10.59
ORD0001581,1,PROD00138,SELL00085,101.29,48.08
ORD0001582,1,PROD00068,SELL00014,146.83,10.48
ORD0001583,1,PROD00268,SELL00011,866.34,5.16
ORD0001583,2,PROD00118,SELL00070,194.88,20.39
ORD0001583,3,PROD00192,SELL00053,228.52,25.17
ORD0001584,1,PROD00280,SELL00126,43.48,14.41
ORD0001584,2,PROD00045,SELL00058,852.83,52.0
ORD0001585,1,PROD00195,SELL00093,48.67,45.16
ORD0001586,1,PROD00198,SELL00036,741.43,59.54
ORD0001587,1,PROD00086,SELL00081,835.46,56.3
ORD0001587,2,PROD00023,SELL00019,865.37,59.64
ORD0001588,1,PROD00271,SELL00034,431.11,51.51
ORD0001589,1,PROD00018,SELL00107,510.44,54.64
ORD0001590,1,PROD00183,SELL00130,339.76,35.51
ORD0001591,1,PROD00107,SELL00112,274.31,48.46
ORD0001592,1,PROD00184,SELL00053,744.7,51.25
ORD0001593,1,PROD00064,SELL00099,10.76,42.06
ORD0001594,1,PROD00189,SELL00116,728.4,5.85
ORD0001595,1,PROD00165,SELL00009,584.42,22.77
ORD0001595,2,PROD00254,SELL00034,155.69,14.31
ORD0001595,3,PROD00009,SELL00061,624.18,36.58
ORD0001596,1,PROD00240,SELL00025,667.6,18.54
ORD0001596,2,PROD00040,SELL00023,762.07,59.01
ORD0001596,3,PROD00078,SELL00027,128.78,12.94
ORD0001597,1,PROD00061,SELL00033,575.95,56.14
ORD0001598,1,PROD00079,SELL00061,29.8,17.73
ORD0001599,1,PROD00049,SELL00114,478.42,38.2
ORD0001599,2,PROD00135,SELL00085,64.52,37.23
ORD0001600,1,PROD00171,SELL00041,547.61,58.52
ORD0001601,1,PROD00094,SELL00132,254.47,45.44
ORD0001601,2,PROD00275,SELL00116,417.85,56.37
ORD0001601,3,PROD00140,SELL94100,10.14,30.57
ORD0001601,4,PROD00121,SELL00032,441.69,15.32
ORD0001602,1,PROD00083,SELL00125,673.74,55.28
ORD0001602,2,PROD00074,SELL00139,519.15,43.92
ORD0001602,3,PROD00093,SELL00049,852.15,13.59
ORD0001602,4,PROD00081,SELL00041,851.97,51.98
ORD0001603,1,PROD00256,SELL00083,167.08,13.98
ORD0001603,2,PROD00197,SELL00007,696.46,52.4
ORD0001604,1,PROD00049,SELL00076,76.13,22.13
ORD0001604,2,PROD00079,SELL00094,355.1,42.14
ORD0001604,3,PROD00290,SELL00058,815.4,43.35
ORD0001604,4,PROD00080,SELL00048,184.89,57.5
ORD0001605,1,PROD00175,SELL00059,194.33,33.73
ORD0001606,1,PROD00040,SELL00005,312.81,46.93
ORD0001606,2,PROD00174,SELL00092,517.54,8.26
ORD0001606,3,PROD00244,SELL00046,669.44,42.45
ORD0001606,4,PROD00286,SELL00017,506.12,38.17
ORD0001607,1,PROD00233,SELL00089,159.59,39.09
ORD0001607,2,PROD00187,SELL00097,783.7,7.27
ORD0001607,3,PROD00069,SELL00035,417.59,56.63
ORD0001608,1,PROD00066,SELL00094,724.44,39.93
ORD0001609,1,PROD00056,SELL00015,803.92,53.08
ORD0001609,2,PROD00155,SELL00036,386.21,27.45
ORD0001609,3,PROD00013,SELL00145,746.29,57.23
ORD0001610,1,PROD00018,SELL00108,741.03,14.38
ORD0001610,2,PROD00101,SELL00039,30.78,22.61
ORD0001611,1,PROD00208,SELL00075,889.7,21.41
ORD0001611,2,PROD00106,SELL00088,142.83,51.3
ORD0001612,1,PROD00033,SELL00105,484.71,40.78
ORD0001612,2,PROD00186,SELL00019,675.12,15.25
ORD0001613,1,PROD00205,SELL00113,260.64,35.2
ORD0001614,1,PROD00195,SELL00041,460.47,39.5
ORD0001615,1,PROD00015,SELL00020,663.64,45.25
ORD0001616,1,PROD00148,SELL00002,340.91,38.33
ORD0001617,1,PROD00260,SELL00005,32.61,19.09
ORD0001618,1,PROD00031,SELL00049,621.97,45.26
ORD0001619,1,PROD00015,SELL00053,24.39,57.67
ORD0001619,2,PROD00043,SELL00015,417.89,41.92
ORD0001619,3,PROD00038,SELL00089,339.62,5.51
ORD0001620,1,PROD00281,SELL00099,379.48,47.39
ORD0001620,2,PROD00059,SELL00067,474.82,24.01
ORD0001621,1,PROD00061,SELL00033,838.79,31.08
ORD0001622,1,PROD00276,SELL00026,868.41,11.72
ORD0001623,1,PROD00241,SELL00065,194.85,25.34
ORD0001623,2,PROD00201,SELL00107,867.4,5.57
ORD0001624,1,PROD00162,SELL00031,765.83,6.98
ORD0001624,2,PROD00095,SELL00112,138.98,45.35
ORD0001625,1,PROD00090,SELL00005,498.33,29.03
ORD0001625,2,PROD00219,SELL00032,292.56,56.99
ORD0001625,3,PROD00050,SELL00149,664.39,38.72
ORD0001625,4,PROD00050,SELL00068,697.51,6.42
ORD0001626,1,PROD00231,SELL00028,894.51,37.3
ORD0001626,2,PROD00094,SELL00114,773.18,21.82
ORD0001627,1,PROD00131,SELL00091,245.47,15.54
ORD0001627,2,PROD00076,SELL00066,583.75,31.36
ORD0001628,1,PROD00201,SELL00071,498.25,53.33
ORD0001628,2,PROD00087,SELL00034,631.87,30.76
ORD0001629,1,PROD00252,SELL00132,217.79,26.2
ORD0001630,1,PROD00261,SELL00034,233.69,7.96
ORD0001631,1,PROD00112,SELL00024,894.0,29.99
ORD0001632,1,PROD00221,SELL00099,582.11,5.89
ORD0001632,2,PROD00077,SELL00083,662.71,42.36
ORD0001633,1,PROD00287,SELL00107,856.38,28.28
ORD0001633,2,PROD00010,SELL00000,609.23,39.36
ORD0001633,3,PROD00244,SELL00123,202.45,27.66
ORD0001634,1,PROD00105,SELL00149,539.92,58.36
ORD0001635,1,PROD00252,SELL00087,325.16,33.94
ORD0001636,1,PROD00024,SELL00013,497.97,7.37
ORD0001637,1,PROD00258,SELL00089,885.25,57.99
ORD0001638,1,PROD00039,SELL00073,699.5,51.43
ORD0001638,2,PROD00200,SELL00003,632.16,37.79
ORD0001638,3,PROD00021,SELL00023,527.22,46.93
ORD0001638,4,PROD00158,SELL00137,197.24,32.13
ORD0001639,1,PROD00047,SELL00071,511.41,57.56
ORD0001640,1,PROD00224,SELL00005,872.35,59.83
ORD0001641,1,PROD00173,SELL00050,666.55,10.79
ORD0001642,1,PROD00067,SELL00082,56.57,34.61
ORD0001643,1,PROD00298,SELL00108,451.07,35.54
ORD0001644,1,PROD00188,SELL00083,848.72,53.87
ORD0001645,1,PROD00252,SELL00034,451.76,33.5
ORD0001645,2,PROD00022,SELL00006,194.56,34.69
ORD0001646,1,PROD00073,SELL00001,457.37,51.59
ORD0001647,1,PROD00004,SELL00006,523.25,24.11
ORD0001648,1,PROD00058,SELL00102,84.99,6.02
ORD0001649,1,PROD00024,SELL00073,672.82,43.84
ORD0001650,1,PROD00072,SELL00043,886.72,42.94
ORD0001650,2,PROD00053,SELL00068,704.57,48.54
ORD0001651,1,PROD00092,SELL00077,767.67,27.67
ORD0001652,1,PROD00271,SELL00098,491.33,49.46
ORD0001652,2,PROD00294,SELL00049,605.02,29.74
ORD0001653,1,PROD00032,SELL00045,217.52,21.17
ORD0001654,1,PROD00155,SELL00057,605.87,47.25
ORD0001655,1,PROD00018,SELL00015,465.66,29.11
ORD0001656,1,PROD00226,SELL00055,103.07,44.34
ORD0001656,2,PROD00293,SELL00040,264.0,37.65
ORD0001657,1,PROD00080,SELL00075,365.45,57.28
ORD0001658,1,PROD00081,SELL00109,447.73,45.43
ORD0001659,1,PROD00045,SELL00109,787.5,32.81
ORD0001659,2,PROD00081,SELL00033,664.09,51.61
ORD0001659,3,PROD00295,SELL00084,232.88,40.12
ORD0001659,4,PROD00150,SELL00004,623.48,53.47
ORD0001660,1,PROD00101,SELL00096,882.18,59.46
ORD0001661,1,PROD00131,SELL00135,358.16,7.4
ORD0001662,1,PROD00115,SELL00142,641.51,17.26
ORD0001663,1,PROD00245,SELL00026,559.89,48.78
ORD0001663,2,PROD00264,SELL00005,77.28,8.42
ORD0001664,1,PROD00122,SELL00070,730.24,8.87
ORD0001664,2,PROD00128,SELL00022,461.98,15.96
ORD0001665,1,PROD00251,SELL00078,138.69,24.25
ORD0001666,1,PROD00068,SELL00051,539.3,50.43
ORD0001666,2,PROD00028,SELL00109,407.94,52.69
ORD0001666,3,PROD00164,SELL00081,440.8,54.93
ORD0001667,1,PROD00030,SELL00100,774.08,16.49
ORD0001667,2,PROD00092,SELL00120,259.85,59.73
ORD0001667,3,PROD00222,SELL00038,557.98,29.02
ORD0001668,1,PROD00080,SELL00067,590.7,27.91
ORD0001668,2,PROD00270,SELL00115,616.16,45.95
ORD0001669,1,PROD00133,SELL00100,36.14,32.09
ORD0001670,1,PROD00013,SELL00015,64.55,45.06
ORD0001671,1,PROD00103,SELL00084,835.12,41.01
ORD0001672,1,PROD00285,SELL00122,350.26,19.34
ORD0001673,1,PROD00062,SELL00029,798.39,29.84
ORD0001674,1,PROD00083,SELL00091,719.8,40.47
ORD0001675,1,PROD00192,SELL00099,168.98,25.34
ORD0001676,1,PROD00119,SELL00149,574.07,33.06
ORD0001676,2,PROD00229,SELL00091,302.92,26.96
ORD0001677,1,PROD00025,SELL00067,399.75,23.24
ORD0001677,2,PROD00203,SELL00051,553.1,58.81
ORD0001677,3,PROD00034,SELL00119,352.63,43.02
ORD0001677,4,PROD00031,SELL00061,465.08,23.21
ORD0001678,1,PROD00032,SELL00090,694.59,33.47
ORD0001678,2,PROD00136,SELL00033,742.34,39.09
ORD0001678,3,PROD00122,SELL00079,250.48,51.6
ORD0001679,1,PROD00132,SELL00137,690.44,21.58
ORD0001680,1,PROD00285,SELL00011,489.84,29.83
ORD0001681,1,PROD00089,SELL00078,400.78,30.59
ORD0001681,2,PROD00233,SELL00137,85.62,53.91
ORD0001681,3,PROD00080,SELL00125,198.25,56.28
ORD0001682,1,PROD00253,SELL00074,27.75,40.19
ORD0001683,1,PROD00060,SELL00106,781.65,44.51
ORD0001684,1,PROD00203,SELL00139,475.12,36.75
ORD0001685,1,PROD00088,SELL00019,456.87,14.91
ORD0001686,1,PROD00064,SELL00103,590.41,53.94
ORD0001686,2,PROD00233,SELL00113,91.78,19.72
ORD0001686,3,PROD00072,SELL00137,339.74,14.49
ORD0001686,4,PROD00257,SELL00006,708.68,15.4
ORD0001687,1,PROD00128,SELL00032,896.01,31.31
ORD0001688,1,PROD00177,SELL00132,892.67,52.16
ORD0001688,2,PROD00289,SELL00113,-8.86,38.2
ORD0001689,1,PROD00218,SELL00050,745.67,11.43
ORD0001690,1,PROD00152,SELL00141,184.73,27.01
ORD0001690,2,PROD00004,SELL00092,227.8,43.19
ORD0001690,3,PROD00089,SELL00022,39.33,13.83
ORD0001691,1,PROD00035,SELL00091,765.58,46.96
ORD0001691,2,PROD00119,SELL00122,11.56,28.57
ORD0001692,1,PROD00095,SELL00068,723.33,16.9
ORD0001693,1,PROD00098,SELL00120,558.21,33.36
ORD0001694,1,PROD00221,SELL00076,884.74,22.15
ORD0001694,2,PROD00059,SELL00103,838.37,15.67
ORD0001694,3,PROD00229,SELL00144,134.16,6.49
ORD0001694,4,PROD00140,SELL00148,272.03,38.88
ORD0001695,1,PROD00089,SELL00067,861.64,40.33
ORD0001695,2,PROD00220,SELL00123,491.83,14.32
ORD0001696,1,PROD00068,SELL00024,133.08,6.02
ORD0001696,2,PROD00258,SELL00010,103.22,53.88
ORD0001697,1,PROD00188,SELL00076,446.06,28.42
ORD0001697,2,PROD00031,SELL00099,466.34,57.25
ORD0001697,3,PROD00015,SELL96353,617.02,43.33
ORD0001697,4,PROD00040,SELL00051,115.37,52.8
ORD0001698,1,PROD00183,SELL00050,175.23,45.45
ORD0001698,2,PROD00176,SELL00085,561.21,45.65
ORD0001698,3,PROD00041,SELL00121,539.66,58.28
ORD0001699,1,PROD00024,SELL00017,219.0,21.1
ORD0001699,2,PROD00291,SELL00094,880.56,21.64
ORD0001699,3,PROD00012,SELL00006,801.87,59.29
ORD0001700,1,PROD00042,SELL00055,891.03,27.9
ORD0001701,1,PROD00186,SELL00050,593.05,54.22
ORD0001702,1,PROD97783,SELL00029,340.64,23.41
ORD0001703,1,PROD00183,SELL00088,868.96,45.98
ORD0001703,2,PROD00287,SELL00143,585.61,42.86
ORD0001703,3,PROD00153,SELL00126,48.36,27.65
ORD0001703,4,PROD00165,SELL00024,617.91,36.36
ORD0001704,1,PROD00170,SELL00115,683.38,41.97
ORD0001704,2,PROD00289,SELL00050,514.36,39.47
ORD0001705,1,PROD00202,SELL00102,452.78,42.8
ORD0001705,2,PROD00184,SELL00129,823.24,23.27
ORD0001706,1,PROD00021,SELL00048,549.34,12.94
ORD0001706,2,PROD00263,SELL00135,532.3,12.86
ORD0001706,3,PROD00166,SELL00051,551.68,50.04
ORD0001706,4,PROD00012,SELL00120,193.37,9.54
ORD0001707,1,PROD00209,SELL00078,472.13,16.29
ORD0001707,2,PROD00234,SELL00019,725.27,19.1
ORD0001707,3,PROD00060,SELL00003,294.18,45.9
ORD0001707,4,PROD00197,SELL00008,12.0,58.26
ORD0001708,1,PROD00055,SELL00034,616.9,41.6
ORD0001709,1,PROD00298,SELL00083,157.12,22.98
ORD0001710,1,PROD00184,SELL00069,249.25,56.52
ORD0001710,2,PROD00288,SELL00015,65.67,51.22
ORD0001711,1,PROD00074,SELL00027,451.56,28.72
ORD0001711,2,PROD00157,SELL00059,150.12,46.26
ORD0001712,1,PROD00069,SELL00105,733.8,12.24
ORD0001713,1,PROD00288,SELL00022,825.91,51.49
ORD0001713,2,PROD00084,SELL00056,879.54,6.26
ORD0001714,1,PROD00188,SELL00099,588.88,54.81
ORD0001714,2,PROD00098,SELL00078,98.4,18.25
ORD0001715,1,PROD00258,SELL00124,244.72,38.15
ORD0001715,2,PROD00262,SELL00146,702.94,5.75
ORD0001715,3,PROD00138,SELL00017,397.93,17.73
ORD0001716,1,PROD00043,SELL00128,446.41,30.68
ORD0001716,2,PROD00025,SELL00095,528.78,55.4
ORD0001716,3,PROD00293,SELL00021,341.98,23.49
ORD0001716,4,PROD00188,SELL00108,237.73,39.48
ORD0001717,1,PROD00282,SELL00067,701.33,31.37
ORD0001718,1,PROD00082,SELL00039,559.22,40.4
ORD0001719,1,PROD00054,SELL00062,649.8,13.01
ORD0001720,1,PROD00056,SELL00062,104.85,24.96
ORD0001721,1,PROD00116,SELL00015,796.4,20.43
ORD0001722,1,PROD00107,SELL00108,279.01,21.91
ORD0001723,1,PROD00257,SELL00007,868.33,25.42
ORD0001724,1,PROD00244,SELL00006,848.66,11.98
ORD0001724,2,PROD00238,SELL00121,555.09,45.48
ORD0001725,1,PROD00206,SELL00111,586.59,21.81
ORD0001726,1,PROD00222,SELL00097,411.91,43.53
ORD0001727,1,PROD00259,SELL00010,404.07,55.09
ORD0001728,1,PROD00182,SELL00032,50.38,8.63
ORD0001729,1,PROD00004,SELL00036,124.34,43.48
ORD0001729,2,PROD00120,SELL00035,197.0,35.35
ORD0001730,1,PROD00038,SELL00103,667.3,39.18
ORD0001731,1,PROD00211,SELL00010,443.99,11.16
ORD0001732,1,PROD00034,SELL00030,339.26,34.98
ORD0001732,2,PROD00030,SELL00126,114.42,40.6
ORD0001732,3,PROD00005,SELL00077,125.8,27.18
ORD0001733,1,PROD00260,SELL00073,642.92,45.74
ORD0001733,2,PROD00143,SELL00141,452.11,52.54
ORD0001733,3,PROD00235,SELL00017,801.08,50.05
ORD0001734,1,PROD00025,SELL00124,744.42,47.56
ORD0001735,1,PROD00118,SELL00052,371.25,28.53
ORD0001736,1,PROD00234,SELL00137,476.28,27.39
ORD0001737,1,PROD00112,SELL00114,422.55,37.35
ORD0001737,2,PROD00149,SELL00032,421.8,17.93
ORD0001738,1,PROD00264,SELL00133,102.95,27.85
ORD0001738,2,PROD00109,SELL00070,568.7,53.1
ORD0001739,1,PROD00015,SELL00015,433.71,29.31
ORD0001739,2,PROD00191,SELL00053,33.75,6.08
ORD0001740,1,PROD00053,SELL00044,865.67,37.33
ORD0001741,1,PROD00182,SELL00032,239.82,25.17
ORD0001742,1,PROD00167,SELL00026,453.18,20.88
ORD0001742,2,PROD00079,SELL00103,284.05,13.56
ORD0001743,1,PROD00079,SELL00034,705.98,6.3
ORD0001744,1,PROD95793,SELL00103,47.25,13.91
ORD0001745,1,PROD00054,SELL00131,420.48,7.59
ORD0001745,2,PROD00224,SELL00008,58.8,18.12
ORD0001746,1,PROD00199,SELL00049,712.31,8.26
ORD0001747,1,PROD00203,SELL00099,820.16,11.24
ORD0001748,1,PROD00266,SELL00089,122.58,26.83
ORD0001748,2,PROD00052,SELL00006,722.24,48.71
ORD0001748,3,PROD00291,SELL00103,674.5,21.36
ORD0001748,4,PROD00125,SELL00024,754.39,11.59
ORD0001749,1,PROD00192,SELL00045,802.51,27.43
ORD0001750,1,PROD00138,SELL00054,250.63,14.8
ORD0001751,1,PROD00111,SELL00011,839.18,30.16
ORD0001751,2,PROD00129,SELL00085,822.06,36.15
ORD0001751,3,PROD00150,SELL00101,39.25,31.74
ORD0001752,1,PROD00271,SELL00054,815.85,46.96
ORD0001752,2,PROD00032,SELL00008,590.99,14.47
ORD0001752,3,PROD00106,SELL00093,832.11,14.04
ORD0001753,1,PROD00146,SELL00007,363.7,18.32
ORD0001754,1,PROD00204,SELL00104,40.73,51.43
ORD0001755,1,PROD00202,SELL00093,299.05,22.1
ORD0001755,2,PROD00292,SELL00033,117.38,53.61
ORD0001756,1,PROD00017,SELL00097,74.75,13.18
ORD0001757,1,PROD00187,SELL00021,532.33,7.45
ORD0001758,1,PROD00016,SELL00106,417.88,53.33
ORD0001759,1,PROD00086,SELL00115,737.49,58.92
ORD0001760,1,PROD00203,SELL99803,686.33,53.95
ORD0001760,2,PROD00016,SELL00081,679.83,45.26
ORD0001761,1,PROD00036,SELL00019,734.56,32.98
ORD0001762,1,PROD00232,SELL00148,78.59,37.83
ORD0001763,1,PROD00072,SELL00063,496.09,8.89
ORD0001763,2,PROD00244,SELL00099,87.01,27.29
ORD0001764,1,PROD00186,SELL00133,879.31,53.21
ORD0001765,1,PROD00110,SELL00072,52.31,16.06
ORD0001766,1,PROD00200,SELL00028,322.9,39.9
ORD0001767,1,PROD00195,SELL00006,492.36,6.22
ORD0001768,1,PROD00012,SELL00036,441.14,25.05
ORD0001769,1,PROD00008,SELL00001,560.62,35.82
ORD0001769,2,PROD00044,SELL00028,202.07,30.97
ORD0001770,1,PROD00116,SELL00036,619.76,59.41
ORD0001771,1,PROD00167,SELL00127,742.57,45.78
ORD0001771,2,PROD00126,SELL00146,786.12,33.09
ORD0001772,1,PROD00089,SELL00131,85.97,59.57
ORD0001773,1,PROD00213,SELL00128,32.56,48.97
ORD0001773,2,PROD00273,SELL00015,243.77,39.37
ORD0001774,1,PROD00137,SELL00084,747.77,15.21
ORD0001774,2,PROD00199,SELL00034,623.56,44.1
ORD0001775,1,PROD00161,SELL00060,139.85,7.76
ORD0001776,1,PROD00095,SELL00113,235.61,10.31
ORD0001776,2,PROD00035,SELL00139,364.99,47.62
ORD0001777,1,PROD00054,SELL00148,-13.23,49.73
ORD0001777,2,PROD00237,SELL00038,580.75,27.34
ORD0001778,1,PROD00047,SELL00054,-42.25,12.4
ORD0001778,2,PROD00060,SELL00022,488.13,58.54
ORD0001778,3,PROD00027,SELL00055,394.94,43.23
ORD0001779,1,PROD00032,SELL00117,795.1,52.86
ORD0001780,1,PROD00297,SELL00097,898.29,27.69
ORD0001781,1,PROD00101,SELL00078,519.07,36.53
ORD0001782,1,PROD00120,SELL00001,666.68,15.84
ORD0001782,2,PROD00151,SELL00107,148.15,15.86
ORD0001783,1,PROD00139,SELL00037,97.8,15.23
ORD0001784,1,PROD00245,SELL00131,92.35,45.29
ORD0001784,2,PROD00119,SELL00052,102.42,22.97
ORD0001784,3,PROD00187,SELL00143,300.87,32.84
ORD0001784,4,PROD00051,SELL00080,194.37,57.58
ORD0001785,1,PROD00103,SELL00075,896.54,8.6
ORD0001786,1,PROD00033,SELL00097,214.81,49.35
ORD0001787,1,PROD00183,SELL00054,226.27,40.14
ORD0001788,1,PROD00055,SELL00105,494.51,58.02
ORD0001788,2,PROD00203,SELL00034,516.85,40.47
ORD0001788,3,PROD00282,SELL00044,836.93,56.22
ORD0001789,1,PROD00293,SELL00025,683.21,41.51
ORD0001790,1,PROD00189,SELL00050,104.93,21.63
ORD0001791,1,PROD00111,SELL00111,108.67,17.27
ORD0001792,1,PROD00220,SELL00002,293.56,18.26
ORD0001793,1,PROD00121,SELL00020,122.98,43.54
ORD0001794,1,PROD00191,SELL00019,164.83,29.94
ORD0001795,1,PROD00000,SELL00099,563.3,29.81
ORD0001795,2,PROD00072,SELL00069,89.17,28.65
ORD0001796,1,PROD00054,SELL00113,501.14,53.69
ORD0001797,1,PROD00197,SELL00125,868.37,5.79
ORD0001797,2,PROD00073,SELL00088,229.52,11.64
ORD0001798,1,PROD97407,SELL00111,109.75,43.83
ORD0001799,1,PROD00025,SELL00119,121.77,25.83
ORD0001799,2,PROD00214,SELL00014,527.77,9.9
ORD0001800,1,PROD00180,SELL00104,612.63,8.09
ORD0001800,2,PROD00082,SELL00133,175.48,11.37
ORD0001800,3,PROD00218,SELL00055,805.6,52.28
ORD0001800,4,PROD00186,SELL00027,785.49,30.48
ORD0001801,1,PROD00262,SELL00147,141.65,23.38
ORD0001802,1,PROD00208,SELL00103,167.11,32.35
ORD0001802,2,PROD00223,SELL00054,868.93,23.84
ORD0001802,3,PROD00099,SELL00094,727.94,28.37
ORD0001802,4,PROD00257,SELL00032,550.06,34.6
ORD0001803,1,PROD00236,SELL00133,306.74,43.2
ORD0001803,2,PROD00104,SELL00076,821.91,9.68
ORD0001803,3,PROD00134,SELL00018,326.94,22.05
ORD0001804,1,PROD00236,SELL00037,286.94,12.84
ORD0001804,2,PROD00133,SELL00005,854.04,25.35
ORD0001804,3,PROD00238,SELL00005,188.84,18.83
ORD0001805,1,PROD00118,SELL00115,712.42,41.24
ORD0001806,1,PROD00039,SELL00000,528.57,26.74
ORD0001806,2,PROD00050,SELL00072,30.47,14.33
ORD0001806,3,PROD00208,SELL00010,251.93,44.17
ORD0001807,1,PROD00077,SELL00036,742.3,9.84
ORD0001808,1,PROD96831,SELL00023,280.33,19.12
ORD0001808,2,PROD00090,SELL00014,640.28,59.96
ORD0001809,1,PROD00014,SELL00126,316.89,43.62
ORD0001810,1,PROD00145,SELL00097,216.28,16.59
ORD0001811,1,PROD00285,SELL00078,796.94,52.66
ORD0001811,2,PROD00021,SELL00074,509.59,48.56
ORD0001812,1,PROD00060,SELL00012,370.87,47.4
ORD0001813,1,PROD00297,SELL00093,578.45,36.13
ORD0001813,2,PROD00060,SELL00123,667.87,39.39
ORD0001813,3,PROD00119,SELL00010,861.73,43.69
ORD0001814,1,PROD00077,SELL00025,566.64,34.22
ORD0001815,1,PROD00222,SELL00145,156.72,17.09
ORD0001816,1,PROD00266,SELL00021,598.56,50.32
ORD0001817,1,PROD00120,SELL00142,224.39,26.95
ORD0001817,2,PROD00003,SELL00035,719.9,41.86
ORD0001817,3,PROD00162,SELL00091,386.45,19.87
ORD0001817,4,PROD00096,SELL00115,627.53,33.79
ORD0001818,1,PROD00083,SELL00004,600.47,17.73
ORD0001818,2,PROD00073,SELL00018,432.55,23.98
ORD0001818,3,PROD00022,SELL00006,592.76,39.22
ORD0001818,4,PROD00266,SELL00061,557.13,17.96
ORD0001819,1,PROD00045,SELL00123,211.47,16.72
ORD0001819,2,PROD00163,SELL00075,490.71,7.89
ORD0001820,1,PROD00266,SELL00043,219.47,35.65
ORD0001821,1,PROD00013,SELL00028,883.88,43.47
ORD0001821,2,PROD00186,SELL00077,698.57,35.28
ORD0001822,1,PROD95440,SELL00026,720.6,50.3
ORD0001822,2,PROD00007,SELL00034,161.25,44.74
ORD0001823,1,PROD00068,SELL00064,675.81,39.49
ORD0001824,1,PROD00013,SELL00053,166.49,43.01
ORD0001825,1,PROD00067,SELL00017,58.66,13.26
ORD0001826,1,PROD00174,SELL00114,300.69,24.65
ORD0001826,2,PROD00109,SELL00014,449.44,38.4
ORD0001827,1,PROD00106,SELL00046,150.84,10.69
ORD0001827,2,PROD00272,SELL00044,114.99,14.03
ORD0001827,3,PROD00106,SELL00093,523.52,44.44
ORD0001827,4,PROD00188,SELL00089,363.91,8.52
ORD0001828,1,PROD00016,SELL00145,280.41,21.33
ORD0001828,2,PROD00106,SELL00109,762.81,46.54
ORD0001829,1,PROD00089,SELL00106,842.22,47.33
ORD0001829,2,PROD00159,SELL00111,381.65,24.7
ORD0001829,3,PROD00248,SELL00082,114.57,27.38
ORD0001830,1,PROD00297,SELL00071,779.13,8.66
ORD0001830,2,PROD00160,SELL00084,377.32,30.1
ORD0001830,3,PROD00134,SELL00127,559.32,7.55
ORD0001831,1,PROD00203,SELL00001,626.33,39.54
ORD0001832,1,PROD00093,SELL00008,647.16,10.62
ORD0001832,2,PROD00000,SELL00041,34.47,38.8
ORD0001833,1,PROD00114,SELL00044,526.86,41.96
ORD0001834,1,PROD00068,SELL00096,226.6,57.6
ORD0001834,2,PROD00261,SELL00120,570.64,22.33
ORD0001835,1,PROD00141,SELL00143,542.38,45.16
ORD0001835,2,PROD00116,SELL00075,517.63,39.5
ORD0001836,1,PROD00221,SELL00057,850.05,55.72
ORD0001836,2,PROD00173,SELL00140,646.69,40.88
ORD0001837,1,PROD91723,SELL00022,451.82,21.61
ORD0001838,1,PROD00040,SELL00108,222.45,28.3
ORD0001839,1,PROD00027,SELL00000,260.73,59.74
ORD0001840,1,PROD00052,SELL00115,810.78,57.92
ORD0001840,2,PROD00185,SELL00093,701.02,16.44
ORD0001841,1,PROD00139,SELL00004,647.22,13.96
ORD0001841,2,PROD00045,SELL00047,495.26,55.94
ORD0001841,3,PROD00018,SELL00140,404.12,22.84
ORD0001841,4,PROD00061,SELL00030,549.43,36.56
ORD0001842,1,PROD00001,SELL00113,747.18,36.86
ORD0001842,2,PROD00205,SELL00108,532.3,11.2
ORD0001842,3,PROD00087,SELL00067,711.38,35.61
ORD0001843,1,PROD00184,SELL00093,488.8,13.81
ORD0001843,2,PROD00209,SELL00033,798.61,27.87
ORD0001844,1,PROD00288,SELL00064,542.15,28.92
ORD0001845,1,PROD00217,SELL00002,160.94,17.39
ORD0001846,1,PROD00132,SELL00098,529.25,23.39
ORD0001846,2,PROD00133,SELL00049,510.5,56.0
ORD0001847,1,PROD00290,SELL00068,537.01,9.68
ORD0001848,1,PROD00270,SELL00000,110.47,33.37
ORD0001848,2,PROD00044,SELL00059,217.85,31.03
ORD0001849,1,PROD00103,SELL00060,158.02,9.48
ORD0001849,2,PROD98623,SELL00025,138.55,32.68
ORD0001850,1,PROD00261,SELL00010,758.99,44.86
ORD0001851,1,PROD00025,SELL00036,171.03,7.98
ORD0001851,2,PROD00122,SELL00028,547.21,33.32
ORD0001851,3,PROD00212,SELL00090,433.37,49.17
ORD0001851,4,PROD00072,SELL00087,892.45,37.52
ORD0001852,1,PROD00261,SELL00034,254.64,10.36
ORD0001852,2,PROD00114,SELL00024,222.22,32.07
ORD0001853,1,PROD00030,SELL00121,520.74,23.27
ORD0001854,1,PROD00125,SELL00133,112.44,27.47
ORD0001855,1,PROD00171,SELL00124,558.38,35.42
ORD0001856,1,PROD00197,SELL00002,574.05,27.94
ORD0001857,1,PROD00067,SELL00117,757.29,41.1
ORD0001858,1,PROD00109,SELL00147,123.7,46.6
ORD0001858,2,PROD00022,SELL00025,103.24,19.9
ORD0001859,1,PROD00296,SELL00033,739.57,9.54
ORD0001860,1,PROD00131,SELL00149,257.33,37.66
ORD0001861,1,PROD00028,SELL00064,710.23,21.86
ORD0001862,1,PROD00210,SELL00065,532.15,56.77
ORD0001863,1,PROD00154,SELL00107,627.35,24.97
ORD0001864,1,PROD00162,SELL00034,635.85,33.14
ORD0001865,1,PROD00194,SELL00004,797.35,38.57
ORD0001865,2,PROD00042,SELL00142,271.33,9.2
ORD0001866,1,PROD00255,SELL00134,204.62,16.81
ORD0001867,1,PROD00225,SELL00092,233.61,13.34
ORD0001867,2,PROD00162,SELL00000,647.65,51.85
ORD0001867,3,PROD00050,SELL00121,132.23,17.63
ORD0001868,1,PROD00227,SELL00017,543.19,24.0
ORD0001869,1,PROD00219,SELL00060,540.13,55.86
ORD0001870,1,PROD00233,SELL00095,151.68,59.57
ORD0001870,2,PROD00096,SELL00117,335.38,42.53
ORD0001871,1,PROD00212,SELL00040,853.17,34.01
ORD0001871,2,PROD00189,SELL00015,505.43,24.07
ORD0001872,1,PROD00047,SELL00025,721.02,38.09
ORD0001872,2,PROD00254,SELL00143,219.18,12.42
ORD0001873,1,PROD00163,SELL00079,183.87,20.61
ORD0001874,1,PROD00227,SELL00003,250.55,50.58
ORD0001874,2,PROD00110,SELL00037,256.46,15.78
ORD0001875,1,PROD00012,SELL00020,615.71,58.12
ORD0001875,2,PROD00098,SELL00075,586.57,5.21
ORD0001876,1,PROD00087,SELL00122,457.33,51.15
ORD0001876,2,PROD00060,SELL00021,820.44,14.19
ORD0001877,1,PROD00221,SELL00019,54.27,21.68
ORD0001877,2,PROD00091,SELL00041,896.69,21.0
ORD0001877,3,PROD00019,SELL00146,528.69,49.81
ORD0001878,1,PROD00043,SELL00144,422.43,32.87
ORD0001878,2,PROD00183,SELL00014,838.69,53.36
ORD0001878,3,PROD00151,SELL00036,425.33,26.44
ORD0001879,1,PROD00199,SELL00120,337.32,6.35
ORD0001879,2,PROD00210,SELL00089,429.51,22.17
ORD0001879,3,PROD00243,SELL00060,498.23,52.17
ORD0001880,1,PROD00279,SELL00093,457.5,52.62
ORD0001880,2,PROD00090,SELL00019,486.9,15.56
ORD0001881,1,PROD00169,SELL00023,133.92,41.51
ORD0001881,2,PROD00105,SELL00022,56.82,25.94
ORD0001881,3,PROD00018,SELL00116,609.22,35.63
ORD0001882,1,PROD00078,SELL00083,260.3,53.94
ORD0001882,2,PROD00142,SELL00056,732.35,28.79
ORD0001883,1,PROD00027,SELL00086,210.42,59.95
ORD0001884,1,PROD00104,SELL00065,398.82,29.85
ORD0001884,2,PROD00085,SELL00123,356.86,32.12
ORD0001884,3,PROD00142,SELL00085,846.22,46.59
ORD0001885,1,PROD00184,SELL00109,241.94,59.32
ORD0001885,2,PROD00272,SELL00069,214.08,9.57
ORD0001886,1,PROD00020,SELL00048,268.05,46.29
ORD0001886,2,PROD00113,SELL00109,51.18,24.14
ORD0001886,3,PROD00289,SELL00047,834.91,10.27
ORD0001886,4,PROD00162,SELL00046,236.91,10.14
ORD0001887,1,PROD00238,SELL00015,636.24,27.87
ORD0001887,2,PROD00262,SELL00134,649.16,25.31
ORD0001888,1,PROD00114,SELL00082,243.89,35.9
ORD0001889,1,PROD00247,SELL00089,662.85,55.71
ORD0001889,2,PROD00029,SELL00077,199.47,34.16
ORD0001890,1,PROD00299,SELL00135,301.64,49.37
ORD0001891,1,PROD00220,SELL00123,834.4,46.96
ORD0001892,1,PROD00271,SELL97620,867.34,33.73
ORD0001892,2,PROD00133,SELL00027,762.94,54.24
ORD0001893,1,PROD00145,SELL00018,584.58,40.34
ORD0001893,2,PROD00172,SELL00112,-42.66,6.11
ORD0001894,1,PROD00188,SELL00098,179.47,9.06
ORD0001894,2,PROD00179,SELL00093,191.38,14.96
ORD0001895,1,PROD00010,SELL00079,728.13,20.05
ORD0001896,1,PROD00288,SELL00073,73.07,8.15
ORD0001896,2,PROD00007,SELL00056,146.69,45.15
ORD0001897,1,PROD00020,SELL00023,415.79,50.79
ORD0001898,1,PROD00248,SELL00117,100.09,19.55
ORD0001898,2,PROD00282,SELL00059,433.36,58.41
ORD0001899,1,PROD00073,SELL00043,446.3,27.76
ORD0001900,1,PROD00226,SELL00013,11.34,42.9
ORD0001901,1,PROD00203,SELL00018,-4.48,25.79
ORD0001902,1,PROD00020,SELL92021,748.02,10.51
ORD0001902,2,PROD00067,SELL00043,634.89,35.78
ORD0001903,1,PROD00163,SELL00009,118.39,58.16
ORD0001903,2,PROD00279,SELL00096,513.9,48.43
ORD0001903,3,PROD00195,SELL00111,558.14,54.55
ORD0001903,4,PROD00056,SELL00078,80.53,48.53
ORD0001904,1,PROD00091,SELL00038,332.79,36.21
ORD0001904,2,PROD00168,SELL00098,118.07,29.53
ORD0001904,3,PROD00248,SELL00039,733.24,18.93
ORD0001904,4,PROD00199,SELL00009,875.03,43.84
ORD0001905,1,PROD00265,SELL00036,825.08,50.86
ORD0001906,1,PROD00238,SELL00084,11.66,53.41
ORD0001907,1,PROD00070,SELL00062,868.62,14.87
ORD0001907,2,PROD00164,SELL00113,452.89,11.87
ORD0001907,3,PROD00001,SELL00102,90.09,16.35
ORD0001907,4,PROD00120,SELL00134,379.54,28.39
ORD0001908,1,PROD00265,SELL00045,464.05,31.91
ORD0001908,2,PROD00031,SELL00076,554.7,17.67
ORD0001908,3,PROD00213,SELL00114,684.2,29.03
ORD0001909,1,PROD00222,SELL00079,761.36,37.9
ORD0001910,1,PROD00252,SELL00106,274.95,59.87
ORD0001910,2,PROD00164,SELL00067,662.19,55.01
ORD0001911,1,PROD00125,SELL00115,108.92,15.86
ORD0001912,1,PROD00089,SELL00118,694.98,13.03
ORD0001913,1,PROD00193,SELL00082,238.68,45.35
ORD0001914,1,PROD00148,SELL00078,314.96,20.13
ORD0001915,1,PROD00014,SELL00025,766.21,17.85
ORD0001915,2,PROD00288,SELL00051,503.07,35.42
ORD0001915,3,PROD00127,SELL00085,653.59,17.01
ORD0001916,1,PROD00067,SELL00134,542.72,45.39
ORD0001917,1,PROD00188,SELL00038,601.34,58.53
ORD0001918,1,PROD00000,SELL00059,730.33,30.67
ORD0001918,2,PROD00039,SELL00116,438.72,5.44
ORD0001918,3,PROD00058,SELL00091,676.24,34.06
ORD0001919,1,PROD00181,SELL00069,152.71,9.03
ORD0001919,2,PROD00207,SELL00147,700.35,25.7
ORD0001919,3,PROD00186,SELL00112,739.94,38.3
ORD0001920,1,PROD00189,SELL00142,748.12,8.42
ORD0001921,1,PROD00007,SELL00117,444.33,12.61
ORD0001921,2,PROD00203,SELL00037,407.26,27.72
ORD0001921,3,PROD99620,SELL00050,841.37,52.92
ORD0001922,1,PROD00051,SELL00063,80.35,8.38
ORD0001923,1,PROD00243,SELL00070,106.71,51.78
ORD0001923,2,PROD00149,SELL00056,37.26,25.7
ORD0001923,3,PROD00195,SELL00072,846.94,32.84
ORD0001924,1,PROD00032,SELL00076,640.62,12.39
ORD0001924,2,PROD00160,SELL00013,326.53,20.64
ORD0001924,3,PROD00298,SELL00086,128.79,32.96
ORD0001925,1,PROD00156,SELL00117,822.02,35.57
ORD0001925,2,PROD00147,SELL00075,33.38,40.82
ORD0001925,3,PROD00004,SELL00102,115.32,46.86
ORD0001926,1,PROD00143,SELL00144,667.53,40.69
ORD0001927,1,PROD00194,SELL00032,878.96,28.71
ORD0001928,1,PROD00173,SELL00002,38.85,41.94
ORD0001928,2,PROD00179,SELL00085,775.88,15.08
ORD0001929,1,PROD00249,SELL00055,103.8,49.94
ORD0001930,1,PROD00250,SELL00031,206.49,10.22
ORD0001931,1,PROD00251,SELL00052,334.61,15.79
ORD0001932,1,PROD00090,SELL00022,312.32,36.85
ORD0001933,1,PROD00243,SELL00017,215.47,57.3
ORD0001933,2,PROD00262,SELL00021,822.46,55.27
ORD0001934,1,PROD00089,SELL00040,652.11,31.62
ORD0001935,1,PROD00103,SELL00110,83.28,13.48
ORD0001935,2,PROD00281,SELL00136,598.38,43.7
ORD0001936,1,PROD00246,SELL00080,207.69,41.15
ORD0001937,1,PROD00181,SELL00098,344.1,37.6
ORD0001938,1,PROD00279,SELL00101,470.91,36.1
ORD0001938,2,PROD00146,SELL00060,192.76,47.12
ORD0001939,1,PROD00277,SELL00007,161.33,46.17
ORD0001940,1,PROD00005,SELL00104,232.24,17.7
ORD0001941,1,PROD00087,SELL00022,390.41,24.48
ORD0001942,1,PROD00225,SELL00061,721.46,33.36
ORD0001942,2,PROD00148,SELL00082,858.28,21.94
ORD0001943,1,PROD00149,SELL00115,666.8,30.79
ORD0001944,1,PROD00215,SELL00088,782.26,32.58
ORD0001944,2,PROD00089,SELL00056,774.73,57.34
ORD0001945,1,PROD00233,SELL00118,621.78,49.75
ORD0001946,1,PROD00095,SELL00086,30.57,44.55
ORD0001947,1,PROD00294,SELL00091,27.06,56.51
ORD0001948,1,PROD00215,SELL00104,341.38,52.27
ORD0001949,1,PROD00130,SELL00027,587.07,19.28
ORD0001950,1,PROD00133,SELL00111,473.04,33.31
ORD0001951,1,PROD00025,SELL92101,-24.32,42.75
ORD0001951,2,PROD00110,SELL00141,118.26,16.85
ORD0001952,1,PROD00041,SELL00129,537.15,49.37
ORD0001952,2,PROD00273,SELL00032,95.63,23.29
ORD0001953,1,PROD00185,SELL00002,101.17,6.76
ORD0001954,1,PROD00163,SELL00032,376.13,21.84
ORD0001954,2,PROD00265,SELL00043,464.13,54.88
ORD0001955,1,PROD00041,SELL00125,188.72,16.34
ORD0001956,1,PROD00148,SELL00029,222.87,12.57
ORD0001956,2,PROD00218,SELL00088,314.89,18.59
ORD0001957,1,PROD00265,SELL00082,399.09,53.26
ORD0001957,2,PROD00196,SELL00028,415.53,30.78
ORD0001958,1,PROD00211,SELL00023,782.82,59.28
ORD0001959,1,PROD00012,SELL00072,367.9,44.25
ORD0001960,1,PROD00258,SELL00114,278.25,45.97
ORD0001960,2,PROD00129,SELL00029,468.5,53.89
ORD0001961,1,PROD00090,SELL00032,805.82,54.8
ORD0001962,1,PROD00143,SELL00089,61.59,47.32
ORD0001962,2,PROD00194,SELL00139,637.02,27.87
ORD0001962,3,PROD00219,SELL00056,495.41,48.41
ORD0001962,4,PROD00040,SELL00022,157.05,45.93
ORD0001963,1,PROD00127,SELL00022,32.61,25.28
ORD0001964,1,PROD00228,SELL00097,336.25,47.04
ORD0001964,2,PROD00215,SELL00012,781.54,54.06
ORD0001964,3,PROD00225,SELL00124,414.09,22.13
ORD0001965,1,PROD00286,SELL00149,427.42,11.71
ORD0001965,2,PROD00095,SELL00014,812.78,16.98
ORD0001965,3,PROD00125,SELL00130,172.93,45.48
ORD0001966,1,PROD00069,SELL00013,197.84,41.54
ORD0001966,2,PROD00223,SELL00024,759.77,32.59
ORD0001966,3,PROD00260,SELL00119,478.0,33.16
ORD0001967,1,PROD00251,SELL00091,423.97,36.95
ORD0001967,2,PROD00044,SELL00075,380.8,40.6
ORD0001967,3,PROD00090,SELL00146,724.6,10.3
ORD0001968,1,PROD00104,SELL00126,606.74,57.92
ORD0001968,2,PROD00277,SELL00146,477.29,13.04
ORD0001969,1,PROD00169,SELL00058,896.37,53.3
ORD0001970,1,PROD00086,SELL00113,897.85,25.57
ORD0001971,1,PROD00091,SELL00072,544.07,31.2
ORD0001971,2,PROD00291,SELL00018,894.4,34.7
ORD0001971,3,PROD00290,SELL00122,57.73,47.5
ORD0001972,1,PROD00203,SELL00145,409.19,32.0
ORD0001972,2,PROD00100,SELL00082,369.48,8.75
ORD0001972,3,PROD00061,SELL00050,841.61,55.39
ORD0001972,4,PROD00155,SELL00147,782.23,44.23
ORD0001973,1,PROD00025,SELL00084,523.41,7.34
ORD0001973,2,PROD00089,SELL00115,38.39,27.24
ORD0001973,3,PROD00251,SELL00055,78.99,21.44
ORD0001973,4,PROD00149,SELL00112,120.19,33.19
ORD0001974,1,PROD00038,SELL00120,548.83,55.99
ORD0001974,2,PROD00150,SELL00045,97.61,49.86
ORD0001974,3,PROD00136,SELL00034,81.91,23.74
ORD0001975,1,PROD00010,SELL00125,618.53,28.2
ORD0001976,1,PROD00140,SELL00020,563.76,28.09
ORD0001977,1,PROD00202,SELL00123,91.7,24.3
ORD0001977,2,PROD00272,SELL00110,703.09,28.97
ORD0001978,1,PROD00261,SELL00114,421.52,42.19
ORD0001978,2,PROD00033,SELL00146,870.9,51.98
ORD0001978,3,PROD00044,SELL00122,10.83,52.45
ORD0001978,4,PROD00000,SELL00112,523.8,28.31
ORD0001979,1,PROD00226,SELL00074,854.51,5.0
ORD0001980,1,PROD00256,SELL00010,383.74,48.07
ORD0001981,1,PROD00288,SELL00022,596.13,52.04
ORD0001981,2,PROD00155,SELL00130,442.94,19.95
ORD0001981,3,PROD00003,SELL00148,135.59,25.79
ORD0001982,1,PROD00105,SELL00095,873.3,45.58
ORD0001983,1,PROD00167,SELL00098,799.17,16.79
ORD0001984,1,PROD00147,SELL00129,109.25,12.09
ORD0001985,1,PROD00132,SELL00041,385.09,21.82
ORD0001985,2,PROD00001,SELL00080,339.08,45.65
ORD0001985,3,PROD00146,SELL00038,596.85,28.32
ORD0001985,4,PROD00129,SELL00109,12.07,58.9
ORD0001986,1,PROD00246,SELL00015,53.47,19.03
ORD0001986,2,PROD00270,SELL00109,252.72,39.59
ORD0001987,1,PROD00199,SELL00062,595.55,46.63
ORD0001988,1,PROD00103,SELL00050,654.66,33.98
ORD0001989,1,PROD00204,SELL00135,143.09,33.2
ORD0001989,2,PROD00222,SELL00026,820.73,25.84
ORD0001990,1,PROD00251,SELL00060,437.03,58.62
ORD0001991,1,PROD00296,SELL00006,345.34,33.4
ORD0001991,2,PROD00015,SELL00053,836.86,14.71
ORD0001992,1,PROD00029,SELL00118,146.93,44.58
ORD0001992,2,PROD00094,SELL00014,409.98,29.22
ORD0001993,1,PROD00211,SELL00058,633.99,31.52
ORD0001994,1,PROD00183,SELL00112,245.54,28.66
ORD0001995,1,PROD00111,SELL00055,625.91,20.43
ORD0001995,2,PROD00131,SELL00030,59.15,17.95
ORD0001996,1,PROD00255,SELL00089,106.62,34.51
ORD0001996,2,PROD00274,SELL00100,82.05,12.77
ORD0001996,3,PROD00186,SELL00046,245.22,27.16
ORD0001996,4,PROD00243,SELL00101,597.76,33.79
ORD0001997,1,PROD00153,SELL00130,586.92,43.2
ORD0001998,1,PROD99371,SELL00145,153.23,43.35
ORD0001998,2,PROD00160,SELL00083,67.57,19.7
ORD0001998,3,PROD00239,SELL00088,651.44,31.83
ORD0001999,1,PROD00164,SELL00097,758.28,39.02
ORD0001999,2,PROD00249,SELL00146,548.53,29.45
ORD0001999,3,PROD00219,SELL00096,660.01,9.65
ORD0002000,1,PROD00017,SELL99139,19.79,30.31
ORD0002000,2,PROD00243,SELL00120,689.85,43.11
ORD0002000,3,PROD00275,SELL00081,106.26,24.71
ORD0002000,4,PROD00005,SELL00111,468.89,53.0
ORD0002001,1,PROD00175,SELL00013,32.41,38.65
ORD0002001,2,PROD00041,SELL00093,481.37,56.0
ORD0002001,3,PROD00299,SELL00040,779.71,52.66
ORD0002001,4,PROD00223,SELL00054,171.43,10.28
ORD0002002,1,PROD00143,SELL00048,563.39,47.55
ORD0002003,1,PROD00205,SELL00050,195.56,7.85
ORD0002003,2,PROD00298,SELL00010,438.55,24.21
ORD0002004,1,PROD00033,SELL98067,741.68,16.48
ORD0002004,2,PROD00032,SELL00132,767.82,21.02
ORD0002005,1,PROD00232,SELL00006,621.18,36.78
ORD0002006,1,PROD00141,SELL00139,402.22,59.95
ORD0002006,2,PROD00297,SELL00101,130.01,36.7
ORD0002006,3,PROD94065,SELL00014,330.85,9.11
ORD0002007,1,PROD00286,SELL00027,518.05,13.24
ORD0002008,1,PROD00181,SELL00135,514.76,22.93
ORD0002009,1,PROD00139,SELL00003,538.77,18.3
ORD0002009,2,PROD00180,SELL00117,71.65,47.39
ORD0002010,1,PROD00190,SELL00117,282.29,30.96
ORD0002010,2,PROD00115,SELL00012,-17.56,26.59
ORD0002011,1,PROD00055,SELL00024,133.19,53.93
ORD0002012,1,PROD00171,SELL00101,569.15,52.29
ORD0002012,2,PROD00184,SELL00089,559.54,50.89
ORD0002013,1,PROD00219,SELL00137,803.17,16.7
ORD0002013,2,PROD00127,SELL00078,443.79,17.42
ORD0002014,1,PROD00097,SELL00039,83.46,48.49
ORD0002014,2,PROD00198,SELL00004,537.22,6.48
ORD0002015,1,PROD00036,SELL00078,176.59,42.16
ORD0002015,2,PROD00038,SELL00148,53.67,29.03
ORD0002015,3,PROD00120,SELL00049,892.81,56.25
ORD0002016,1,PROD00127,SELL99802,226.5,59.82
ORD0002017,1,PROD00006,SELL00098,202.91,15.78
ORD0002018,1,PROD00078,SELL00106,294.6,58.04
ORD0002019,1,PROD00017,SELL00085,828.85,7.24
ORD0002020,1,PROD00179,SELL00055,494.48,23.02
ORD0002021,1,PROD00047,SELL00069,206.48,34.89
ORD0002021,2,PROD00170,SELL00027,508.14,7.71
ORD0002021,3,PROD00140,SELL00027,721.1,53.4
ORD0002022,1,PROD00058,SELL00069,390.54,10.1
ORD0002022,2,PROD00129,SELL00023,41.52,52.72
ORD0002022,3,PROD00072,SELL00100,390.99,35.43
ORD0002023,1,PROD00120,SELL00102,205.55,56.21
ORD0002023,2,PROD00180,SELL00011,160.03,17.57
ORD0002024,1,PROD00287,SELL00109,170.99,25.97
ORD0002024,2,PROD00158,SELL00027,478.48,26.56
ORD0002025,1,PROD00119,SELL00085,488.27,8.29
ORD0002025,2,PROD00044,SELL00021,570.55,9.25
ORD0002025,3,PROD00058,SELL00113,807.96,14.01
ORD0002026,1,PROD00233,SELL00147,711.86,29.51
ORD0002027,1,PROD00056,SELL00097,77.67,43.44
ORD0002028,1,PROD00177,SELL00087,602.89,33.75
ORD0002028,2,PROD00100,SELL00080,629.53,42.44
ORD0002029,1,PROD00140,SELL00115,183.72,31.22
ORD0002030,1,PROD00177,SELL00112,441.64,36.45
ORD0002031,1,PROD00124,SELL00067,142.81,11.84
ORD0002032,1,PROD00160,SELL00032,267.46,25.3
ORD0002032,2,PROD00121,SELL00064,15.3,57.95
ORD0002033,1,PROD00194,SELL00030,280.71,22.9
ORD0002034,1,PROD00091,SELL00092,349.14,10.26
ORD0002035,1,PROD00152,SELL00089,794.07,17.53
ORD0002035,2,PROD00265,SELL00022,189.33,8.94
ORD0002036,1,PROD00249,SELL00095,438.81,10.62
ORD0002037,1,PROD00298,SELL00071,528.25,42.98
ORD0002037,2,PROD00096,SELL00054,351.36,7.0
ORD0002037,3,PROD00201,SELL00019,761.86,33.46
ORD0002038,1,PROD00035,SELL00138,286.63,12.7
ORD0002039,1,PROD00011,SELL00008,415.45,5.96
ORD0002040,1,PROD00174,SELL91358,-32.12,25.77
ORD0002040,2,PROD00024,SELL00131,436.57,16.61
ORD0002040,3,PROD00193,SELL00035,728.82,30.13
ORD0002040,4,PROD00113,SELL00082,62.63,50.71
ORD0002041,1,PROD00169,SELL00066,423.15,24.62
ORD0002041,2,PROD00214,SELL00093,241.46,16.33
ORD0002042,1,PROD00107,SELL00144,426.63,15.44
ORD0002042,2,PROD00099,SELL00088,730.22,37.31
ORD0002042,3,PROD00194,SELL00006,552.86,39.22
ORD0002043,1,PROD00160,SELL00062,111.76,51.89
ORD0002044,1,PROD00045,SELL00111,336.7,22.08
ORD0002044,2,PROD00080,SELL00073,797.75,14.53
ORD0002045,1,PROD00294,SELL00042,178.41,19.29
ORD0002046,1,PROD00096,SELL00081,832.08,21.53
ORD0002047,1,PROD00166,SELL00123,257.97,31.74
ORD0002047,2,PROD00227,SELL00101,335.83,10.62
ORD0002048,1,PROD00170,SELL00051,487.0,28.55
ORD0002048,2,PROD00232,SELL00020,664.22,9.31
ORD0002049,1,PROD00264,SELL00053,580.39,42.42
ORD0002050,1,PROD00261,SELL00085,266.69,47.65
ORD0002051,1,PROD00259,SELL00059,560.3,53.71
ORD0002051,2,PROD00065,SELL00095,782.06,16.83
ORD0002052,1,PROD00127,SELL00086,163.76,8.52
ORD0002053,1,PROD00194,SELL00005,846.79,28.79
ORD0002054,1,PROD00077,SELL00065,428.39,57.94
ORD0002054,2,PROD00053,SELL00011,601.27,9.23
ORD0002055,1,PROD00052,SELL00053,527.99,57.86
ORD0002055,2,PROD00213,SELL00057,131.29,13.43
ORD0002055,3,PROD00134,SELL00042,374.16,17.69
ORD0002056,1,PROD00058,SELL00081,190.49,31.11
ORD0002056,2,PROD00164,SELL00100,444.66,52.4
ORD0002057,1,PROD00040,SELL00090,687.68,10.52
ORD0002058,1,PROD00089,SELL00100,179.15,24.54
ORD0002059,1,PROD00098,SELL00144,637.97,9.76
ORD0002059,2,PROD00227,SELL00116,230.03,16.01
ORD0002060,1,PROD00070,SELL00143,659.23,29.04
ORD0002061,1,PROD93984,SELL00084,392.16,6.2
ORD0002061,2,PROD00273,SELL00020,543.64,25.52
ORD0002062,1,PROD00291,SELL00145,518.48,36.14
ORD0002062,2,PROD00291,SELL00031,799.26,39.52
ORD0002063,1,PROD00235,SELL00030,164.16,57.98
ORD0002063,2,PROD00004,SELL00074,90.93,23.53
ORD0002063,3,PROD00266,SELL00055,809.7,55.67
ORD0002063,4,PROD00084,SELL00008,126.1,47.63
ORD0002064,1,PROD00256,SELL00136,338.29,34.66
ORD0002065,1,PROD00082,SELL00015,643.93,43.17
ORD0002066,1,PROD00129,SELL00052,710.38,56.42
ORD0002066,2,PROD00148,SELL00020,26.1,24.45
ORD0002066,3,PROD00104,SELL00036,420.14,36.53
ORD0002067,1,PROD00296,SELL00140,350.81,29.83
ORD0002067,2,PROD00266,SELL00065,812.34,15.36
ORD0002067,3,PROD00170,SELL00025,160.15,43.9
ORD0002067,4,PROD00023,SELL00001,683.27,54.25
ORD0002068,1,PROD00294,SELL00149,112.64,11.83
ORD0002069,1,PROD00183,SELL00142,320.21,41.59
ORD0002069,2,PROD00245,SELL00041,873.45,42.84
ORD0002070,1,PROD00093,SELL00105,279.76,12.46
ORD0002070,2,PROD00294,SELL00045,263.89,16.65
ORD0002071,1,PROD00064,SELL00137,859.28,29.95
ORD0002072,1,PROD00121,SELL00102,479.75,23.56
ORD0002073,1,PROD00221,SELL00045,26.95,10.38
ORD0002074,1,PROD00196,SELL00066,796.41,47.86
ORD0002075,1,PROD00082,SELL98668,532.26,5.84
ORD0002075,2,PROD00051,SELL00081,564.15,9.11
ORD0002076,1,PROD00028,SELL00089,806.73,18.16
ORD0002077,1,PROD00157,SELL00060,426.16,31.32
ORD0002078,1,PROD00101,SELL00126,133.04,42.66
ORD0002079,1,PROD00102,SELL00047,309.53,26.05
ORD0002080,1,PROD00128,SELL00017,179.75,54.84
ORD0002081,1,PROD00212,SELL00074,888.26,46.28
ORD0002082,1,PROD00221,SELL00094,279.24,16.67
ORD0002083,1,PROD00105,SELL00079,625.26,11.46
ORD0002083,2,PROD00175,SELL00097,394.47,9.84
ORD0002083,3,PROD00100,SELL00077,298.99,15.11
ORD0002084,1,PROD00166,SELL00079,465.15,22.65
ORD0002085,1,PROD00290,SELL00065,540.42,27.35
ORD0002085,2,PROD00281,SELL00056,318.31,11.56
ORD0002086,1,PROD00150,SELL98097,266.6,12.9
ORD0002087,1,PROD00039,SELL00010,148.35,19.37
ORD0002087,2,PROD00231,SELL00003,105.18,15.83
ORD0002087,3,PROD00097,SELL00146,112.27,10.62
ORD0002087,4,PROD00194,SELL00101,188.8,56.07
ORD0002088,1,PROD00037,SELL00103,852.91,19.38
ORD0002089,1,PROD00214,SELL00123,553.87,28.84
ORD0002090,1,PROD00095,SELL00131,373.32,15.7
ORD0002091,1,PROD00112,SELL00143,665.52,56.92
ORD0002092,1,PROD00231,SELL97832,602.9,31.62
ORD0002093,1,PROD00144,SELL00138,323.03,21.95
ORD0002094,1,PROD00212,SELL00053,494.7,37.07
ORD0002095,1,PROD00214,SELL00047,758.1,58.39
ORD0002095,2,PROD00206,SELL00021,680.36,36.11
ORD0002096,1,PROD00086,SELL00048,150.54,23.55
ORD0002097,1,PROD00280,SELL00011,386.87,5.82
ORD0002098,1,PROD00146,SELL00123,665.57,50.0
ORD0002098,2,PROD00040,SELL00035,427.09,6.35
ORD0002099,1,PROD00270,SELL00092,578.1,50.78
ORD0002100,1,PROD00071,SELL00039,883.48,6.94
ORD0002100,2,PROD00104,SELL00141,143.49,17.34
ORD0002100,3,PROD00034,SELL00030,861.9,39.46
ORD0002101,1,PROD00240,SELL00062,491.46,41.38
ORD0002101,2,PROD00239,SELL00112,848.45,50.19
ORD0002102,1,PROD00150,SELL00098,730.63,46.69
ORD0002103,1,PROD00133,SELL00096,311.44,19.89
ORD0002104,1,PROD00195,SELL00079,611.48,58.55
ORD0002105,1,PROD00063,SELL00112,135.59,14.52
ORD0002106,1,PROD00002,SELL00060,830.56,17.01
ORD0002107,1,PROD00281,SELL00019,633.57,39.81
ORD0002108,1,PROD00172,SELL00116,680.11,20.38
ORD0002109,1,PROD00122,SELL00043,402.41,50.42
ORD0002110,1,PROD00003,SELL00133,259.96,57.34
ORD0002110,2,PROD00209,SELL00096,536.69,58.84
ORD0002111,1,PROD00029,SELL00134,692.26,59.0
ORD0002111,2,PROD00219,SELL00061,460.18,15.77
ORD0002111,3,PROD00163,SELL00075,77.95,18.36
ORD0002112,1,PROD00171,SELL00031,649.56,12.07
ORD0002113,1,PROD00179,SELL00110,218.4,32.12
ORD0002113,2,PROD00210,SELL00071,645.86,27.58
ORD0002114,1,PROD00097,SELL00015,715.05,10.53
ORD0002114,2,PROD00051,SELL00133,697.31,55.8
ORD0002114,3,PROD00061,SELL00141,337.1,9.47
ORD0002115,1,PROD00196,SELL00048,691.55,25.39
ORD0002115,2,PROD00203,SELL00130,536.94,10.36
ORD0002115,3,PROD00058,SELL00062,309.47,17.53
ORD0002115,4,PROD00195,SELL00036,413.06,26.84
ORD0002116,1,PROD00284,SELL00119,466.1,42.75
ORD0002117,1,PROD00101,SELL00136,214.2,32.43
ORD0002118,1,PROD00045,SELL95186,432.05,59.53
ORD0002118,2,PROD00094,SELL00042,847.92,16.86
ORD0002119,1,PROD00088,SELL00023,749.5,21.55
ORD0002119,2,PROD00151,SELL00145,423.25,39.47
ORD0002120,1,PROD00113,SELL00004,686.95,56.14
ORD0002120,2,PROD00115,SELL00092,16.34,19.21
ORD0002121,1,PROD00022,SELL00113,700.59,52.24
ORD0002122,1,PROD00054,SELL00102,505.06,19.72
ORD0002123,1,PROD00069,SELL00007,838.61,33.72
ORD0002123,2,PROD00267,SELL00018,465.48,34.4
ORD0002124,1,PROD00143,SELL00065,59.52,25.34
ORD0002124,2,PROD00255,SELL00043,83.72,17.23
ORD0002125,1,PROD00206,SELL00149,76.1,5.42
ORD0002125,2,PROD00150,SELL00122,664.59,13.67
ORD0002125,3,PROD00014,SELL00014,631.79,26.47
ORD0002126,1,PROD00224,SELL00139,716.35,48.27
ORD0002127,1,PROD00128,SELL00013,727.85,21.76
ORD0002127,2,PROD00187,SELL00022,745.9,49.22
ORD0002127,3,PROD00177,SELL00071,99.65,28.56
ORD0002128,1,PROD00234,SELL00028,874.21,50.22
ORD0002129,1,PROD00267,SELL00004,626.3,39.43
ORD0002129,2,PROD00188,SELL00125,571.62,49.46
ORD0002129,3,PROD00093,SELL00086,132.05,30.32
ORD0002129,4,PROD00121,SELL00131,584.5,34.45
ORD0002130,1,PROD00264,SELL00048,679.04,50.05
ORD0002131,1,PROD00253,SELL00055,126.29,52.73
ORD0002131,2,PROD94939,SELL00149,-49.32,50.45
ORD0002131,3,PROD95051,SELL00107,316.68,22.01
ORD0002131,4,PROD00290,SELL00004,104.27,21.72
ORD0002132,1,PROD00075,SELL00115,497.86,7.05
ORD0002133,1,PROD00166,SELL00036,617.05,30.35
ORD0002133,2,PROD97404,SELL00017,702.09,46.95
ORD0002133,3,PROD00098,SELL00107,793.89,34.18
ORD0002134,1,PROD00212,SELL00049,355.98,29.48
ORD0002135,1,PROD00234,SELL00105,647.01,42.46
ORD0002135,2,PROD00092,SELL00025,328.09,19.96
ORD0002135,3,PROD00276,SELL00022,607.64,19.56
ORD0002136,1,PROD00227,SELL00120,41.45,7.1
ORD0002137,1,PROD00173,SELL00110,155.0,21.24
ORD0002137,2,PROD00274,SELL00098,403.19,57.85
ORD0002137,3,PROD00051,SELL00146,110.38,36.73
ORD0002137,4,PROD00142,SELL00020,275.84,14.25
ORD0002138,1,PROD00275,SELL00054,501.27,53.8
ORD0002139,1,PROD00159,SELL00099,167.34,31.11
ORD0002139,2,PROD00183,SELL00047,201.84,41.48
ORD0002140,1,PROD00292,SELL96010,293.37,21.32
ORD0002141,1,PROD00127,SELL00045,753.14,58.71
ORD0002142,1,PROD00164,SELL00099,510.19,10.59
ORD0002143,1,PROD00241,SELL00000,519.78,9.18
ORD0002143,2,PROD00256,SELL00071,363.05,28.07
ORD0002144,1,PROD00047,SELL00055,646.03,24.31
ORD0002144,2,PROD00247,SELL00034,71.27,58.86
ORD0002145,1,PROD00013,SELL00087,342.42,6.32
ORD0002145,2,PROD00140,SELL00109,767.69,50.83
ORD0002146,1,PROD00191,SELL00040,452.12,28.86
ORD0002147,1,PROD00083,SELL00081,491.1,14.84
ORD0002147,2,PROD00011,SELL00117,35.92,45.94
ORD0002147,3,PROD00014,SELL00116,174.32,41.95
ORD0002148,1,PROD00098,SELL00036,212.31,30.6
ORD0002148,2,PROD00215,SELL00069,842.51,26.34
ORD0002148,3,PROD00095,SELL00075,459.66,13.59
ORD0002149,1,PROD00281,SELL00124,402.66,31.19
ORD0002149,2,PROD00176,SELL00112,498.64,26.7
ORD0002150,1,PROD00091,SELL00114,515.26,19.6
ORD0002151,1,PROD00286,SELL00023,364.58,12.94
ORD0002152,1,PROD00167,SELL00140,425.46,34.17
ORD0002153,1,PROD00145,SELL00122,601.87,29.27
ORD0002153,2,PROD00100,SELL00019,858.98,59.87
ORD0002153,3,PROD00224,SELL00045,452.5,53.05
ORD0002153,4,PROD00209,SELL00129,717.07,41.84
ORD0002154,1,PROD00089,SELL00084,620.48,6.67
ORD0002154,2,PROD00273,SELL00103,166.04,50.26
ORD0002155,1,PROD00047,SELL00103,773.13,47.45
ORD0002156,1,PROD00036,SELL00059,643.84,11.89
ORD0002157,1,PROD00024,SELL00110,598.13,28.5
ORD0002157,2,PROD00129,SELL00104,728.82,48.08
ORD0002158,1,PROD00179,SELL00106,422.07,10.89
ORD0002159,1,PROD00084,SELL00078,79.18,12.35
ORD0002159,2,PROD00191,SELL00092,649.15,35.87
ORD0002160,1,PROD00162,SELL00139,222.15,5.31
ORD0002160,2,PROD00237,SELL00021,200.64,9.44
ORD0002160,3,PROD00142,SELL00013,38.27,47.06
ORD0002160,4,PROD00161,SELL00085,330.22,42.64
ORD0002161,1,PROD00286,SELL00017,177.43,59.68
ORD0002161,2,PROD00123,SELL00148,732.38,59.58
ORD0002162,1,PROD00005,SELL00099,544.28,49.71
ORD0002163,1,PROD00232,SELL00130,252.76,23.42
ORD0002164,1,PROD00238,SELL00036,240.78,21.44
ORD0002165,1,PROD00277,SELL00007,545.59,25.88
ORD0002166,1,PROD00268,SELL00013,736.48,13.09
ORD0002167,1,PROD00169,SELL00136,830.48,37.46
ORD0002168,1,PROD00153,SELL00062,82.97,45.03
ORD0002168,2,PROD00021,SELL00044,417.99,37.23
ORD0002168,3,PROD00264,SELL00020,137.38,7.09
ORD0002168,4,PROD00049,SELL00129,324.92,16.56
ORD0002169,1,PROD00055,SELL00084,-11.68,17.65
ORD0002170,1,PROD00243,SELL00013,678.2,16.31
ORD0002170,2,PROD00013,SELL00073,686.42,30.54
ORD0002170,3,PROD00218,SELL00065,793.68,22.03
ORD0002171,1,PROD00031,SELL00053,134.79,59.14
ORD0002171,2,PROD00181,SELL00062,407.37,28.91
ORD0002172,1,PROD00280,SELL00044,78.57,28.26
ORD0002173,1,PROD00214,SELL00035,251.48,10.12
ORD0002173,2,PROD00040,SELL00093,848.33,32.6
ORD0002174,1,PROD00105,SELL00139,116.24,11.11
ORD0002174,2,PROD00239,SELL00105,410.87,8.22
ORD0002175,1,PROD00095,SELL00076,235.66,44.21
ORD0002175,2,PROD00240,SELL00112,71.67,17.68
ORD0002176,1,PROD00212,SELL00124,197.59,42.06
ORD0002176,2,PROD00151,SELL00109,798.47,36.45
ORD0002176,3,PROD00146,SELL00054,640.68,49.41
ORD0002177,1,PROD00284,SELL00128,643.59,12.44
ORD0002178,1,PROD00179,SELL00047,446.78,8.9
ORD0002179,1,PROD00003,SELL00140,705.21,49.78
ORD0002180,1,PROD00015,SELL00111,878.41,56.36
ORD0002181,1,PROD00252,SELL00080,525.04,39.13
ORD0002181,2,PROD00059,SELL00103,600.0,49.95
ORD0002182,1,PROD00176,SELL00048,527.12,48.35
ORD0002182,2,PROD00061,SELL00130,429.62,42.76
ORD0002183,1,PROD00091,SELL00014,329.36,12.22
ORD0002184,1,PROD00183,SELL00012,480.83,34.06
ORD0002185,1,PROD00059,SELL00003,779.29,20.73
ORD0002186,1,PROD00180,SELL00025,694.28,54.75
ORD0002187,1,PROD00165,SELL00103,468.16,39.63
ORD0002188,1,PROD00019,SELL00050,117.7,6.09
ORD0002189,1,PROD00156,SELL00087,23.79,50.23
ORD0002190,1,PROD00031,SELL00089,147.39,54.92
ORD0002191,1,PROD00131,SELL00080,393.73,21.49
ORD0002191,2,PROD00203,SELL00065,376.34,52.13
ORD0002192,1,PROD00004,SELL00003,754.73,11.04
ORD0002193,1,PROD00229,SELL00125,661.08,5.95
ORD0002193,2,PROD00091,SELL00046,140.97,51.59
ORD0002193,3,PROD00114,SELL00109,704.45,54.7
ORD0002193,4,PROD00107,SELL00068,303.16,11.36
ORD0002194,1,PROD00236,SELL00107,898.73,29.04
ORD0002195,1,PROD00179,SELL00031,481.31,25.97
ORD0002195,2,PROD00122,SELL00052,861.69,32.95
ORD0002196,1,PROD00199,SELL00057,86.61,22.6
ORD0002197,1,PROD00024,SELL00128,437.92,32.41
ORD0002197,2,PROD00108,SELL00057,664.4,35.34
ORD0002198,1,PROD00275,SELL00065,355.36,56.31
ORD0002199,1,PROD00277,SELL00129,336.41,59.34
ORD0002200,1,PROD00158,SELL00057,153.05,27.16
ORD0002200,2,PROD00023,SELL00114,232.05,51.25
ORD0002200,3,PROD00024,SELL00049,367.35,24.03
ORD0002201,1,PROD00094,SELL00059,80.22,7.09
ORD0002201,2,PROD00246,SELL00107,765.79,55.83
ORD0002201,3,PROD00000,SELL00005,277.5,32.8
ORD0002202,1,PROD00184,SELL00025,85.5,45.54
ORD0002203,1,PROD00044,SELL00123,288.66,28.69
ORD0002203,2,PROD00121,SELL00126,296.28,59.37
ORD0002204,1,PROD00296,SELL00034,456.32,37.55
ORD0002205,1,PROD00061,SELL00081,585.54,35.0
ORD0002206,1,PROD00195,SELL00043,163.46,27.88
ORD0002206,2,PROD00293,SELL00086,698.54,34.08
ORD0002206,3,PROD96729,SELL00141,701.52,25.25
ORD0002207,1,PROD00148,SELL00010,461.09,24.14
ORD0002207,2,PROD00279,SELL00021,805.25,50.86
ORD0002207,3,PROD00083,SELL00113,460.31,16.53
ORD0002207,4,PROD00096,SELL00128,80.21,35.63
ORD0002208,1,PROD00251,SELL00024,115.99,17.42
ORD0002209,1,PROD00112,SELL00127,286.6,30.03
ORD0002210,1,PROD00033,SELL00135,15.03,48.58
ORD0002211,1,PROD00116,SELL00043,651.98,20.2
ORD0002212,1,PROD00040,SELL00063,752.75,47.39
ORD0002213,1,PROD00285,SELL00019,526.3,30.63
ORD0002214,1,PROD00229,SELL00073,296.75,9.15
ORD0002215,1,PROD00218,SELL00025,342.14,42.86
ORD0002215,2,PROD00105,SELL00084,562.62,29.37
ORD0002216,1,PROD00053,SELL00118,670.4,42.82
ORD0002217,1,PROD00007,SELL00057,208.17,33.72
ORD0002217,2,PROD00177,SELL00145,428.29,39.93
ORD0002218,1,PROD00069,SELL00105,618.22,36.91
ORD0002219,1,PROD00080,SELL00117,783.57,42.07
ORD0002219,2,PROD00217,SELL00096,325.93,55.61
ORD0002219,3,PROD00217,SELL00115,403.56,57.44
ORD0002220,1,PROD00246,SELL00129,23.85,54.63
ORD0002220,2,PROD00210,SELL00049,593.43,18.65
ORD0002220,3,PROD00114,SELL00071,426.09,20.54
ORD0002221,1,PROD00255,SELL00103,736.07,29.68
ORD0002221,2,PROD00278,SELL00094,242.65,27.15
ORD0002222,1,PROD00235,SELL00053,-33.39,18.67
ORD0002222,2,PROD00286,SELL00130,477.41,5.83
ORD0002223,1,PROD00080,SELL00088,306.86,46.35
ORD0002223,2,PROD00111,SELL00133,488.26,32.4
ORD0002224,1,PROD00035,SELL00002,381.41,15.36
ORD0002225,1,PROD00115,SELL00075,565.84,35.96
ORD0002226,1,PROD00279,SELL00073,491.6,26.84
ORD0002226,2,PROD00081,SELL00135,571.7,50.58
ORD0002226,3,PROD00216,SELL00012,873.13,18.78
ORD0002227,1,PROD00200,SELL00045,246.64,32.8
ORD0002228,1,PROD00042,SELL00063,136.88,10.56
ORD0002228,2,PROD00229,SELL00019,464.52,11.53
ORD0002229,1,PROD00293,SELL00040,647.52,7.48
ORD0002230,1,PROD00281,SELL00005,143.27,9.33
ORD0002230,2,PROD00203,SELL00008,179.71,22.18
ORD0002230,3,PROD00046,SELL00075,89.91,58.71
ORD0002231,1,PROD00208,SELL00088,334.05,23.02
ORD0002232,1,PROD00105,SELL00087,334.02,9.12
ORD0002233,1,PROD00044,SELL00105,371.39,6.29
ORD0002233,2,PROD00262,SELL00078,462.88,23.3
ORD0002234,1,PROD00166,SELL00081,763.92,5.08
ORD0002234,2,PROD00187,SELL00066,420.22,49.39
ORD0002234,3,PROD00245,SELL00025,741.71,16.44
ORD0002234,4,PROD00076,SELL00070,497.23,28.83
ORD0002235,1,PROD00110,SELL00006,517.86,41.78
ORD0002236,1,PROD00266,SELL00096,844.92,37.92
ORD0002237,1,PROD00186,SELL00052,138.76,30.07
ORD0002238,1,PROD00053,SELL00109,691.57,59.63
ORD0002239,1,PROD00264,SELL00120,642.98,45.31
ORD0002239,2,PROD00081,SELL00092,53.24,38.31
ORD0002239,3,PROD00122,SELL00038,596.25,50.0
ORD0002239,4,PROD00298,SELL00034,785.26,28.57
ORD0002240,1,PROD00086,SELL00146,671.4,12.7
ORD0002240,2,PROD00108,SELL91435,390.47,52.9
ORD0002241,1,PROD00087,SELL00029,378.75,36.38
ORD0002242,1,PROD00293,SELL00125,561.85,9.7
ORD0002243,1,PROD00076,SELL00083,512.75,18.69
ORD0002243,2,PROD00191,SELL00110,159.04,46.49
ORD0002244,1,PROD00181,SELL00005,696.47,44.53
ORD0002244,2,PROD00294,SELL00068,716.0,41.58
ORD0002245,1,PROD00272,SELL00137,164.04,34.49
ORD0002245,2,PROD00280,SELL00024,366.06,25.65
ORD0002245,3,PROD99571,SELL00072,582.93,43.3
ORD0002246,1,PROD00118,SELL00041,203.66,12.65
ORD0002246,2,PROD00221,SELL00142,655.19,26.6
ORD0002247,1,PROD00150,SELL00034,841.04,47.78
ORD0002248,1,PROD00003,SELL00119,261.8,9.97
ORD0002249,1,PROD00001,SELL00076,604.18,6.85
ORD0002250,1,PROD00090,SELL00032,248.5,50.97
ORD0002251,1,PROD00191,SELL00094,294.04,5.28
ORD0002251,2,PROD00230,SELL00067,449.65,44.43
ORD0002252,1,PROD00014,SELL00108,-14.7,48.54
ORD0002252,2,PROD00095,SELL00049,596.75,29.67
ORD0002253,1,PROD00280,SELL00042,260.66,18.77
ORD0002254,1,PROD00265,SELL00060,15.07,46.33
ORD0002255,1,PROD00286,SELL00130,166.18,44.85
ORD0002255,2,PROD00256,SELL00046,162.13,6.98
ORD0002256,1,PROD00002,SELL00070,692.8,15.75
ORD0002257,1,PROD00108,SELL00040,445.91,47.82
ORD0002258,1,PROD00085,SELL00005,23.66,41.99
ORD0002258,2,PROD00287,SELL00034,761.01,51.06
ORD0002258,3,PROD00262,SELL00063,306.23,38.68
ORD0002259,1,PROD00086,SELL00008,216.41,51.24
ORD0002259,2,PROD00239,SELL00008,21.07,31.46
ORD0002260,1,PROD00025,SELL00138,301.61,21.15
ORD0002261,1,PROD00299,SELL00147,153.77,42.11
ORD0002262,1,PROD00095,SELL00130,380.72,26.08
ORD0002263,1,PROD00233,SELL00074,524.18,55.51
ORD0002263,2,PROD00191,SELL00015,218.79,21.26
ORD0002263,3,PROD00127,SELL00088,556.06,49.1
ORD0002263,4,PROD00074,SELL00147,389.11,20.36
ORD0002264,1,PROD00069,SELL00113,491.37,41.32
ORD0002265,1,PROD00094,SELL00145,623.9,54.35
ORD0002266,1,PROD00165,SELL00020,710.9,21.61
ORD0002266,2,PROD00026,SELL00022,544.07,9.59
ORD0002266,3,PROD00024,SELL00048,204.76,49.81
ORD0002266,4,PROD00058,SELL00120,169.69,19.61
ORD0002267,1,PROD00164,SELL00139,584.59,28.86
ORD0002267,2,PROD00139,SELL00138,424.89,25.65
ORD0002268,1,PROD00059,SELL00133,686.16,39.14
ORD0002269,1,PROD00058,SELL00098,299.37,36.94
ORD0002270,1,PROD00199,SELL00140,116.69,17.27
ORD0002271,1,PROD00000,SELL00145,496.57,53.98
ORD0002272,1,PROD00284,SELL00070,755.49,17.94
ORD0002273,1,PROD00291,SELL00080,81.36,33.26
ORD0002273,2,PROD00296,SELL00084,774.15,8.58
ORD0002274,1,PROD00122,SELL00142,813.57,7.24
ORD0002275,1,PROD00131,SELL00052,35.37,59.75
ORD0002276,1,PROD00035,SELL00001,380.5,22.92
ORD0002277,1,PROD00110,SELL00048,86.23,30.89
ORD0002278,1,PROD00147,SELL00060,-21.8,29.58
ORD0002279,1,PROD00220,SELL00132,112.54,25.65
ORD0002279,2,PROD00226,SELL00094,97.08,49.25
ORD0002280,1,PROD00013,SELL00084,201.37,32.43
ORD0002280,2,PROD00182,SELL00050,538.52,9.68
ORD0002281,1,PROD00170,SELL00144,868.37,19.07
ORD0002281,2,PROD00075,SELL00105,470.22,33.27
ORD0002281,3,PROD00285,SELL00061,166.39,9.45
ORD0002282,1,PROD00251,SELL00134,117.29,45.62
ORD0002282,2,PROD00088,SELL00135,494.3,9.67
ORD0002283,1,PROD00084,SELL00118,382.48,53.55
ORD0002283,2,PROD00230,SELL00068,286.74,19.48
ORD0002283,3,PROD00009,SELL00035,725.88,23.99
ORD0002284,1,PROD00094,SELL00076,788.22,34.98
ORD0002285,1,PROD00180,SELL00100,66.65,36.55
ORD0002286,1,PROD00135,SELL00005,307.81,56.2
ORD0002287,1,PROD00191,SELL00028,384.59,18.54
ORD0002287,2,PROD00111,SELL00012,417.06,27.2
ORD0002287,3,PROD00077,SELL00076,171.65,58.2
ORD0002288,1,PROD00246,SELL00126,17.96,55.66
ORD0002288,2,PROD00052,SELL00071,338.1,8.21
ORD0002288,3,PROD00223,SELL00010,611.19,39.32
ORD0002289,1,PROD00071,SELL00117,116.49,47.7
ORD0002290,1,PROD00117,SELL00107,10.99,30.36
ORD0002291,1,PROD00175,SELL00017,755.6,16.22
ORD0002292,1,PROD00133,SELL00115,829.08,53.52
ORD0002293,1,PROD00282,SELL00051,584.94,51.63
ORD0002293,2,PROD00026,SELL00057,48.25,50.65
ORD0002293,3,PROD00158,SELL00116,93.46,55.83
ORD0002293,4,PROD00112,SELL00019,312.61,21.23
ORD0002294,1,PROD00284,SELL00086,181.96,10.86
ORD0002295,1,PROD00121,SELL00073,510.71,11.09
ORD0002296,1,PROD00212,SELL00133,425.37,8.47
ORD0002296,2,PROD00107,SELL00053,895.22,13.85
ORD0002297,1,PROD00262,SELL00000,95.03,13.58
ORD0002297,2,PROD00171,SELL00067,872.22,50.29
ORD0002297,3,PROD00188,SELL00026,494.72,15.47
ORD0002297,4,PROD00007,SELL00019,427.45,44.23
ORD0002298,1,PROD00175,SELL00121,806.9,45.53
ORD0002299,1,PROD00176,SELL00115,751.52,10.63
ORD0002299,2,PROD00116,SELL00093,623.97,31.38
ORD0002300,1,PROD00174,SELL00044,195.19,5.32
ORD0002300,2,PROD00091,SELL00115,91.39,59.52
ORD0002301,1,PROD00098,SELL00091,825.24,49.61
ORD0002301,2,PROD00081,SELL00016,71.05,12.34
ORD0002301,3,PROD00004,SELL00148,198.86,8.06
ORD0002301,4,PROD00131,SELL00029,657.55,10.14
ORD0002302,1,PROD00125,SELL00019,45.61,52.76
ORD0002302,2,PROD00134,SELL00012,740.34,15.23
ORD0002302,3,PROD00174,SELL00106,485.91,27.03
ORD0002303,1,PROD00183,SELL00046,130.46,47.49
ORD0002304,1,PROD00093,SELL00002,158.11,48.41
ORD0002305,1,PROD00011,SELL00104,542.63,44.88
ORD0002306,1,PROD00161,SELL00146,323.63,37.79
ORD0002307,1,PROD00120,SELL00042,787.36,47.42
ORD0002307,2,PROD00232,SELL00016,854.63,27.34
ORD0002308,1,PROD00278,SELL00030,506.53,12.97
ORD0002309,1,PROD00293,SELL00071,414.05,49.24
ORD0002309,2,PROD00268,SELL00101,702.59,48.51
ORD0002310,1,PROD00134,SELL00094,422.39,39.14
ORD0002311,1,PROD00028,SELL00056,190.55,36.86
ORD0002312,1,PROD00206,SELL00101,112.48,47.14
ORD0002312,2,PROD00165,SELL00037,807.63,44.84
ORD0002312,3,PROD00226,SELL00002,743.35,48.67
ORD0002313,1,PROD00235,SELL00061,769.01,38.65
ORD0002313,2,PROD00202,SELL00122,315.76,57.1
ORD0002313,3,PROD00044,SELL00149,857.05,35.2
ORD0002314,1,PROD00042,SELL00053,796.08,44.78
ORD0002314,2,PROD00256,SELL00082,312.26,24.98
ORD0002314,3,PROD00048,SELL00067,378.81,30.33
ORD0002314,4,PROD00208,SELL00120,841.82,43.84
ORD0002315,1,PROD00090,SELL00129,747.0,57.71
ORD0002316,1,PROD00179,SELL00068,537.46,29.88
ORD0002316,2,PROD00151,SELL00054,227.16,19.39
ORD0002316,3,PROD00001,SELL00036,134.32,54.91
ORD0002317,1,PROD00257,SELL00025,191.88,12.05
ORD0002317,2,PROD00125,SELL00146,473.06,44.19
ORD0002318,1,PROD00094,SELL00010,156.68,57.5
ORD0002318,2,PROD00255,SELL00112,50.51,48.93
ORD0002319,1,PROD00280,SELL00042,346.45,27.48
ORD0002320,1,PROD00003,SELL00123,443.99,23.03
ORD0002320,2,PROD00209,SELL00089,536.09,45.19
ORD0002321,1,PROD00096,SELL00041,310.81,18.89
ORD0002322,1,PROD00219,SELL00119,64.67,31.16
ORD0002323,1,PROD00107,SELL00068,468.27,15.09
ORD0002324,1,PROD00169,SELL00126,170.58,53.94
ORD0002324,2,PROD00116,SELL00101,731.22,56.54
ORD0002325,1,PROD00282,SELL00090,292.22,13.48
ORD0002325,2,PROD00188,SELL99566,736.49,45.0
ORD0002325,3,PROD00286,SELL00148,523.08,57.85
ORD0002326,1,PROD00286,SELL00104,789.97,32.8
ORD0002326,2,PROD00204,SELL00087,847.03,53.91
ORD0002327,1,PROD00159,SELL00008,289.37,41.31
ORD0002328,1,PROD00048,SELL00059,590.72,5.98
ORD0002329,1,PROD00071,SELL00011,788.61,41.23
ORD0002330,1,PROD00150,SELL00001,798.92,29.34
ORD0002330,2,PROD00226,SELL00143,466.11,9.58
ORD0002330,3,PROD00299,SELL00089,697.24,6.36
ORD0002331,1,PROD00151,SELL00114,475.11,39.81
ORD0002332,1,PROD00053,SELL00131,774.89,54.91
ORD0002332,2,PROD00295,SELL00019,297.61,56.77
ORD0002333,1,PROD00058,SELL00051,415.83,47.23
ORD0002333,2,PROD00283,SELL00003,284.16,31.27
ORD0002333,3,PROD00005,SELL00148,285.68,47.6
ORD0002334,1,PROD00295,SELL00128,278.66,30.7
ORD0002335,1,PROD00233,SELL00110,309.05,47.82
ORD0002336,1,PROD00225,SELL00107,193.22,29.38
ORD0002337,1,PROD00058,SELL00103,726.46,25.3
ORD0002338,1,PROD00036,SELL00030,392.85,32.17
ORD0002338,2,PROD00208,SELL00069,661.47,16.22
ORD0002338,3,PROD92341,SELL00142,475.76,43.15
ORD0002338,4,PROD00034,SELL00013,85.41,45.78
ORD0002339,1,PROD00156,SELL00143,92.89,22.23
ORD0002340,1,PROD00140,SELL00048,702.95,8.11
ORD0002341,1,PROD00275,SELL00122,676.98,32.99
ORD0002342,1,PROD00236,SELL00092,409.17,45.27
ORD0002343,1,PROD00091,SELL00118,63.97,14.47
ORD0002344,1,PROD00149,SELL00111,549.73,12.24
ORD0002345,1,PROD00292,SELL00033,707.39,47.56
ORD0002346,1,PROD00224,SELL00130,792.57,56.81
ORD0002346,2,PROD00154,SELL00070,321.76,37.02
ORD0002347,1,PROD00088,SELL00005,622.4,57.49
ORD0002347,2,PROD00256,SELL00035,505.74,20.32
ORD0002347,3,PROD00264,SELL00033,596.43,35.37
ORD0002348,1,PROD00151,SELL00075,728.69,30.18
ORD0002348,2,PROD00167,SELL00060,807.06,39.81
ORD0002348,3,PROD00009,SELL00110,28.65,34.69
ORD0002349,1,PROD00075,SELL91266,22.17,40.01
ORD0002350,1,PROD00246,SELL00141,133.54,19.75
ORD0002351,1,PROD93415,SELL00043,117.54,33.27
ORD0002352,1,PROD00163,SELL00055,698.39,54.78
ORD0002352,2,PROD00085,SELL00057,281.32,12.6
ORD0002353,1,PROD00029,SELL00142,477.19,40.44
ORD0002353,2,PROD00299,SELL00069,492.23,41.82
ORD0002354,1,PROD00098,SELL00128,846.0,21.56
ORD0002355,1,PROD00298,SELL00020,50.3,43.9
ORD0002355,2,PROD00075,SELL00028,223.4,17.47
ORD0002355,3,PROD00091,SELL00066,316.72,24.65
ORD0002355,4,PROD00079,SELL00013,787.13,59.48
ORD0002356,1,PROD00252,SELL00065,157.02,14.63
ORD0002356,2,PROD00231,SELL00055,447.44,33.33
ORD0002356,3,PROD00268,SELL00112,757.36,51.56
ORD0002357,1,PROD00026,SELL00001,749.25,48.0
ORD0002358,1,PROD00124,SELL00097,439.76,24.99
ORD0002358,2,PROD00226,SELL00023,657.1,55.14
ORD0002359,1,PROD00170,SELL00128,198.47,47.12
ORD0002359,2,PROD00126,SELL00074,705.28,8.08
ORD0002359,3,PROD00234,SELL00026,857.13,14.28
ORD0002360,1,PROD00022,SELL00102,147.62,34.75
ORD0002360,2,PROD00180,SELL00067,594.65,46.49
ORD0002360,3,PROD00230,SELL00114,144.49,9.34
ORD0002361,1,PROD00032,SELL00082,577.77,23.31
ORD0002361,2,PROD00150,SELL00094,109.47,53.95
ORD0002362,1,PROD00260,SELL00010,708.99,32.0
ORD0002363,1,PROD00265,SELL00131,56.46,6.0
ORD0002364,1,PROD00069,SELL00000,880.57,5.53
ORD0002365,1,PROD00245,SELL00030,703.56,43.88
ORD0002366,1,PROD00099,SELL00058,-12.42,52.08
ORD0002367,1,PROD00127,SELL00056,107.21,56.24
ORD0002368,1,PROD00138,SELL00131,567.88,58.58
ORD0002368,2,PROD00277,SELL00093,512.88,59.39
ORD0002369,1,PROD00298,SELL00123,477.31,39.21
ORD0002370,1,PROD00294,SELL00101,197.39,36.79
ORD0002371,1,PROD00219,SELL00143,379.02,15.81
ORD0002372,1,PROD00198,SELL00146,681.46,34.99
ORD0002373,1,PROD00275,SELL00065,252.48,20.07
ORD0002374,1,PROD00054,SELL00042,401.81,58.45
ORD0002375,1,PROD00052,SELL00011,477.53,12.46
ORD0002375,2,PROD00114,SELL00041,580.08,31.15
ORD0002375,3,PROD00248,SELL00095,150.73,42.8
ORD0002376,1,PROD00075,SELL00030,633.85,17.19
ORD0002377,1,PROD00119,SELL00106,421.09,46.64
ORD0002378,1,PROD00238,SELL00146,462.85,20.13
ORD0002379,1,PROD00201,SELL00084,578.09,29.22
ORD0002380,1,PROD00275,SELL00136,859.35,47.97
ORD0002380,2,PROD00218,SELL00102,711.79,38.78
ORD0002381,1,PROD00098,SELL00004,299.72,46.59
ORD0002381,2,PROD00278,SELL00021,705.97,6.28
ORD0002382,1,PROD00059,SELL00132,750.17,13.61
ORD0002382,2,PROD00128,SELL00138,441.25,45.98
ORD0002383,1,PROD00263,SELL00050,215.39,42.07
ORD0002384,1,PROD00149,SELL00067,597.13,24.25
ORD0002384,2,PROD00246,SELL00113,471.54,32.19
ORD0002384,3,PROD00144,SELL00117,830.65,9.17
ORD0002384,4,PROD00200,SELL00115,515.82,36.78
ORD0002385,1,PROD00192,SELL00120,391.77,58.55
ORD0002385,2,PROD00192,SELL00143,126.41,58.72
ORD0002385,3,PROD00104,SELL00139,448.08,52.28
ORD0002386,1,PROD00256,SELL00045,852.25,56.84
ORD0002387,1,PROD00284,SELL00111,435.55,6.85
ORD0002388,1,PROD00166,SELL00026,550.87,15.56
ORD0002389,1,PROD00147,SELL00124,608.38,48.86
ORD0002389,2,PROD00130,SELL00025,781.5,24.52
ORD0002390,1,PROD00095,SELL00017,491.26,32.52
ORD0002391,1,PROD00203,SELL00110,821.31,41.35
ORD0002392,1,PROD00250,SELL00068,54.58,38.52
ORD0002393,1,PROD00249,SELL00136,851.58,19.18
ORD0002394,1,PROD00194,SELL00025,505.29,49.72
ORD0002394,2,PROD00260,SELL00069,892.68,46.21
ORD0002395,1,PROD00291,SELL00095,843.05,34.68
ORD0002395,2,PROD00297,SELL00064,58.41,53.35
ORD0002396,1,PROD00280,SELL00121,156.39,52.51
ORD0002397,1,PROD00164,SELL00044,309.23,18.67
ORD0002398,1,PROD00094,SELL00043,341.71,53.41
ORD0002399,1,PROD00161,SELL00063,615.95,29.91
ORD0002399,2,PROD00128,SELL00120,870.33,13.17
ORD0002400,1,PROD00097,SELL00113,294.11,9.43
ORD0002401,1,PROD00207,SELL00076,21.49,43.2
ORD0002402,1,PROD00238,SELL00043,559.28,44.82
ORD0002402,2,PROD00007,SELL00017,264.18,41.73
ORD0002402,3,PROD00093,SELL00092,350.17,6.06
ORD0002402,4,PROD00143,SELL00018,882.9,19.92
ORD0002403,1,PROD00167,SELL00008,640.98,12.42
ORD0002404,1,PROD00041,SELL00076,791.45,59.56
ORD0002404,2,PROD00124,SELL00011,321.51,18.93
ORD0002404,3,PROD00134,SELL00026,443.27,38.34
ORD0002404,4,PROD00033,SELL00008,491.5,50.32
ORD0002405,1,PROD00128,SELL00101,102.45,14.88
ORD0002406,1,PROD00249,SELL00085,459.92,22.6
ORD0002407,1,PROD00275,SELL00020,388.91,28.06
ORD0002407,2,PROD00168,SELL00147,498.68,46.29
ORD0002408,1,PROD00243,SELL00046,84.21,40.22
ORD0002409,1,PROD00236,SELL00122,831.96,30.42
ORD0002409,2,PROD00175,SELL00141,652.15,41.84
ORD0002410,1,PROD00145,SELL00059,836.56,51.94
ORD0002410,2,PROD00036,SELL00082,388.85,13.27
ORD0002411,1,PROD00176,SELL00098,153.95,27.05
ORD0002411,2,PROD00041,SELL00094,121.85,59.29
ORD0002411,3,PROD00285,SELL00101,221.86,10.61
ORD0002412,1,PROD00209,SELL00102,574.68,36.03
ORD0002412,2,PROD00248,SELL00137,197.33,33.64
ORD0002413,1,PROD00134,SELL00039,328.21,20.71
ORD0002414,1,PROD00089,SELL00100,392.28,22.7
ORD0002414,2,PROD00044,SELL00005,28.98,51.43
ORD0002415,1,PROD00085,SELL00102,374.22,9.95
ORD0002416,1,PROD00207,SELL00078,627.63,55.54
ORD0002417,1,PROD00073,SELL00124,702.46,24.01
ORD0002418,1,PROD00082,SELL00021,147.08,49.71
ORD0002418,2,PROD00103,SELL00116,301.55,37.2
ORD0002419,1,PROD00237,SELL00100,818.06,25.68
ORD0002419,2,PROD00097,SELL00006,107.27,41.8
ORD0002419,3,PROD00022,SELL00118,681.41,54.86
ORD0002419,4,PROD00113,SELL00143,819.95,19.59
ORD0002420,1,PROD99971,SELL00051,94.59,12.26
ORD0002420,2,PROD00163,SELL00057,252.61,32.43
ORD0002421,1,PROD00015,SELL00056,412.65,10.75
ORD0002421,2,PROD00209,SELL00135,619.82,35.78
ORD0002421,3,PROD00232,SELL00049,858.33,12.19
ORD0002422,1,PROD00148,SELL00105,201.65,24.79
ORD0002423,1,PROD00034,SELL00145,729.92,19.44
ORD0002423,2,PROD00178,SELL00048,797.6,23.53
ORD0002424,1,PROD00293,SELL00069,516.55,31.84
ORD0002424,2,PROD00148,SELL00092,613.3,37.31
ORD0002424,3,PROD00036,SELL91615,579.41,16.27
ORD0002424,4,PROD00231,SELL00109,29.63,20.84
ORD0002425,1,PROD00003,SELL00104,491.69,38.48
ORD0002426,1,PROD00269,SELL00110,289.11,14.64
ORD0002427,1,PROD00264,SELL00036,172.6,38.95
ORD0002428,1,PROD00145,SELL00117,88.67,24.1
ORD0002428,2,PROD00073,SELL00105,681.01,50.95
ORD0002429,1,PROD00264,SELL00036,646.19,23.39
ORD0002430,1,PROD00096,SELL00147,603.46,41.28
ORD0002430,2,PROD00186,SELL00013,280.61,31.57
ORD0002431,1,PROD00228,SELL00118,788.91,53.27
ORD0002432,1,PROD00157,SELL00059,148.73,50.05
ORD0002433,1,PROD00029,SELL00053,280.53,16.6
ORD0002434,1,PROD00118,SELL00018,241.36,57.19
ORD0002434,2,PROD00015,SELL00014,716.52,58.78
ORD0002435,1,PROD00161,SELL00015,198.66,32.22
ORD0002435,2,PROD00061,SELL00005,255.76,19.87
ORD0002435,3,PROD00022,SELL00013,737.58,37.31
ORD0002436,1,PROD00296,SELL00005,58.71,34.1
ORD0002436,2,PROD00257,SELL00134,359.04,23.0
ORD0002436,3,PROD00179,SELL00118,401.36,33.74
ORD0002437,1,PROD00150,SELL00036,527.27,32.18
ORD0002438,1,PROD00184,SELL00104,743.91,22.17
ORD0002439,1,PROD00088,SELL00098,61.54,57.85
ORD0002439,2,PROD00052,SELL00140,410.47,42.9
ORD0002439,3,PROD00113,SELL00116,794.15,29.72
ORD0002440,1,PROD00125,SELL00054,343.66,46.49
ORD0002441,1,PROD00179,SELL00119,187.99,21.37
ORD0002441,2,PROD00221,SELL00111,294.95,34.5
ORD0002441,3,PROD00220,SELL00076,832.07,39.62
ORD0002442,1,PROD00034,SELL00141,517.19,17.05
ORD0002442,2,PROD00251,SELL00082,899.42,56.2
ORD0002442,3,PROD00159,SELL00032,850.44,33.82
ORD0002442,4,PROD00239,SELL00005,419.29,6.3
ORD0002443,1,PROD00180,SELL00024,48.5,56.2
ORD0002444,1,PROD00266,SELL00097,798.06,9.75
ORD0002444,2,PROD00032,SELL00128,400.06,11.93
ORD0002445,1,PROD00095,SELL00129,200.18,11.43
ORD0002446,1,PROD00095,SELL00012,343.01,53.2
ORD0002447,1,PROD00246,SELL00002,315.43,18.57
ORD0002448,1,PROD00064,SELL00017,548.03,53.7
ORD0002448,2,PROD00000,SELL00063,163.97,43.85
ORD0002448,3,PROD00242,SELL00032,312.58,29.84
ORD0002449,1,PROD00122,SELL00051,775.83,32.98
ORD0002450,1,PROD00209,SELL00052,894.54,53.14
ORD0002450,2,PROD00040,SELL00071,757.88,26.73
ORD0002450,3,PROD00036,SELL00098,688.01,45.17
ORD0002451,1,PROD00253,SELL00053,321.23,42.54
ORD0002451,2,PROD00097,SELL00027,207.79,10.23
ORD0002452,1,PROD99185,SELL00026,219.91,40.82
ORD0002452,2,PROD00142,SELL00115,809.49,27.65
ORD0002452,3,PROD00284,SELL00098,625.6,39.65
ORD0002453,1,PROD00097,SELL00085,815.03,56.85
ORD0002454,1,PROD00239,SELL00005,738.32,29.24
ORD0002455,1,PROD00265,SELL00137,278.07,14.72
ORD0002456,1,PROD00002,SELL00141,885.24,28.3
ORD0002456,2,PROD00171,SELL00049,678.42,45.15
ORD0002457,1,PROD00062,SELL00009,370.87,31.88
ORD0002457,2,PROD00003,SELL00142,181.02,27.87
ORD0002457,3,PROD00250,SELL00132,237.92,23.24
ORD0002458,1,PROD00094,SELL00117,885.18,23.57
ORD0002458,2,PROD00233,SELL00079,887.19,28.07
ORD0002458,3,PROD00099,SELL00085,765.25,52.75
ORD0002458,4,PROD00093,SELL00114,242.69,26.75
ORD0002459,1,PROD00251,SELL00056,835.65,53.78
ORD0002460,1,PROD00251,SELL00035,154.66,48.37
ORD0002460,2,PROD00082,SELL00011,39.76,21.8
ORD0002460,3,PROD00143,SELL00012,176.99,42.28
ORD0002461,1,PROD00190,SELL00053,329.33,6.81
ORD0002461,2,PROD00210,SELL00050,368.5,27.85
ORD0002462,1,PROD00173,SELL00077,558.44,38.32
ORD0002462,2,PROD00164,SELL00029,757.16,44.04
ORD0002463,1,PROD00164,SELL00041,540.76,32.39
ORD0002464,1,PROD00079,SELL00022,458.0,34.9
ORD0002464,2,PROD00214,SELL00062,733.94,15.16
ORD0002464,3,PROD00041,SELL00066,661.05,25.85
ORD0002465,1,PROD00002,SELL00066,603.41,11.26
ORD0002465,2,PROD00133,SELL00109,340.31,19.86
ORD0002466,1,PROD00217,SELL00070,878.64,54.02
ORD0002467,1,PROD00102,SELL00066,842.97,27.73
ORD0002467,2,PROD00154,SELL00083,385.44,23.19
ORD0002467,3,PROD00079,SELL00054,762.73,37.67
ORD0002468,1,PROD00290,SELL00104,882.52,50.05
ORD0002469,1,PROD00289,SELL00055,214.73,55.67
ORD0002470,1,PROD00296,SELL00148,661.36,47.66
ORD0002471,1,PROD00051,SELL00057,833.81,57.56
ORD0002472,1,PROD00024,SELL00057,84.7,45.35
ORD0002472,2,PROD00263,SELL00067,798.23,19.5
ORD0002473,1,PROD00269,SELL00051,126.63,30.16
ORD0002474,1,PROD00129,SELL00029,600.12,59.18
ORD0002474,2,PROD00042,SELL00119,620.9,44.24
ORD0002474,3,PROD00284,SELL00068,857.5,6.15
ORD0002474,4,PROD00033,SELL00149,528.83,44.48
ORD0002475,1,PROD00062,SELL00123,266.81,26.48
ORD0002476,1,PROD00014,SELL00020,886.93,50.91
ORD0002477,1,PROD00256,SELL00055,588.18,6.65
ORD0002478,1,PROD00141,SELL00022,505.24,58.95
ORD0002478,2,PROD00298,SELL00065,367.7,50.88
ORD0002479,1,PROD00183,SELL00145,521.58,48.83
ORD0002479,2,PROD00204,SELL00058,99.09,23.42
ORD0002479,3,PROD98124,SELL00013,248.91,42.18
ORD0002480,1,PROD00229,SELL00054,296.66,41.89
ORD0002480,2,PROD00076,SELL00135,151.19,51.87
ORD0002481,1,PROD00257,SELL00101,853.62,41.46
ORD0002482,1,PROD00265,SELL00072,77.42,14.66
ORD0002482,2,PROD00194,SELL00052,683.81,7.33
ORD0002482,3,PROD00115,SELL00100,250.52,58.0
ORD0002483,1,PROD00265,SELL00136,431.96,43.91
ORD0002484,1,PROD00259,SELL00095,825.38,32.71
ORD0002484,2,PROD00026,SELL00065,376.45,19.68
ORD0002484,3,PROD00125,SELL00131,784.36,39.66
ORD0002485,1,PROD00216,SELL00141,826.92,27.75
ORD0002486,1,PROD00118,SELL00078,560.02,47.14
ORD0002487,1,PROD00200,SELL00146,511.1,11.92
ORD0002487,2,PROD00277,SELL00101,885.96,39.78
ORD0002488,1,PROD00146,SELL00048,779.77,34.43
ORD0002488,2,PROD00111,SELL00119,74.67,28.83
ORD0002488,3,PROD00233,SELL00103,706.7,42.96
ORD0002489,1,PROD00167,SELL00111,356.85,42.97
ORD0002489,2,PROD00099,SELL00141,603.81,11.23
ORD0002489,3,PROD00071,SELL00053,776.22,54.79
ORD0002490,1,PROD00251,SELL00146,498.5,15.23
ORD0002491,1,PROD00110,SELL00011,824.65,10.09
ORD0002491,2,PROD00229,SELL00145,732.45,45.96
ORD0002492,1,PROD00177,SELL00020,168.97,12.14
ORD0002492,2,PROD00079,SELL00017,218.49,29.42
ORD0002493,1,PROD00136,SELL00141,801.03,7.71
ORD0002494,1,PROD00040,SELL00020,883.85,38.22
ORD0002495,1,PROD00296,SELL00079,564.55,35.03
ORD0002496,1,PROD00122,SELL00004,645.59,17.0
ORD0002497,1,PROD00222,SELL00050,850.33,27.25
ORD0002498,1,PROD00211,SELL00073,797.74,53.88
ORD0002498,2,PROD00163,SELL00129,108.87,9.11
ORD0002498,3,PROD00147,SELL00038,720.79,54.16
ORD0002498,4,PROD00120,SELL00125,671.41,36.87
ORD0002499,1,PROD00297,SELL00037,47.2,54.87
ORD0002500,1,PROD00265,SELL00001,437.79,17.63
ORD0002500,2,PROD00254,SELL00112,471.66,49.05
ORD0002501,1,PROD00063,SELL99781,190.97,46.89
ORD0002501,2,PROD00127,SELL00035,247.28,46.69
ORD0002501,3,PROD00169,SELL00121,676.29,7.38
ORD0002502,1,PROD00097,SELL00016,342.92,55.2
ORD0002503,1,PROD00122,SELL00113,694.55,43.72
ORD0002504,1,PROD00046,SELL00039,884.85,21.54
ORD0002504,2,PROD00199,SELL00014,826.01,46.94
ORD0002504,3,PROD00144,SELL00140,426.91,48.12
ORD0002504,4,PROD00276,SELL00022,623.81,55.94
ORD0002505,1,PROD00213,SELL00005,278.13,47.26
ORD0002506,1,PROD00045,SELL00023,622.68,53.99
ORD0002506,2,PROD00269,SELL00038,316.14,37.58
ORD0002507,1,PROD00059,SELL00142,153.24,51.15
ORD0002508,1,PROD00258,SELL00010,285.8,55.02
ORD0002509,1,PROD00288,SELL00011,460.23,40.38
ORD0002509,2,PROD00044,SELL00003,823.69,11.92
ORD0002509,3,PROD00107,SELL00134,747.51,35.74
ORD0002510,1,PROD00114,SELL00133,786.57,21.26
ORD0002511,1,PROD00027,SELL00018,62.95,31.42
ORD0002511,2,PROD00122,SELL00081,492.91,15.91
ORD0002512,1,PROD00239,SELL00021,669.95,50.79
ORD0002512,2,PROD00260,SELL00135,189.39,32.91
ORD0002512,3,PROD00049,SELL00079,209.93,51.16
ORD0002513,1,PROD00057,SELL00128,519.27,51.23
ORD0002513,2,PROD00231,SELL00107,567.21,44.79
ORD0002514,1,PROD00008,SELL00011,602.97,51.34
ORD0002515,1,PROD00060,SELL00131,-6.35,17.99
ORD0002516,1,PROD00274,SELL00070,554.81,58.08
ORD0002517,1,PROD00226,SELL00060,200.13,14.69
ORD0002517,2,PROD00104,SELL00097,669.49,52.09
ORD0002518,1,PROD00030,SELL00035,18.58,34.23
ORD0002518,2,PROD00152,SELL00147,789.3,13.41
ORD0002519,1,PROD00143,SELL00019,495.97,42.58
ORD0002520,1,PROD00058,SELL00011,111.66,19.59
ORD0002520,2,PROD00259,SELL00070,26.12,29.73
ORD0002521,1,PROD00215,SELL00025,664.93,35.89
ORD0002522,1,PROD00225,SELL00079,750.71,44.94
ORD0002523,1,PROD00113,SELL00061,766.21,48.24
ORD0002524,1,PROD00167,SELL00139,344.21,48.77
ORD0002525,1,PROD00024,SELL00080,520.65,32.17
ORD0002526,1,PROD00116,SELL00011,174.59,35.84
ORD0002526,2,PROD00271,SELL00095,882.88,31.85
ORD0002526,3,PROD00069,SELL00088,82.05,35.87
ORD0002527,1,PROD00222,SELL00028,575.91,37.2
ORD0002527,2,PROD00152,SELL00059,846.53,44.02
ORD0002528,1,PROD00095,SELL00106,554.69,51.16
ORD0002529,1,PROD00077,SELL97040,747.44,50.97
ORD0002530,1,PROD00128,SELL00048,665.64,17.71
ORD0002530,2,PROD00139,SELL00092,814.63,35.93
ORD0002531,1,PROD00240,SELL00056,222.65,32.09
ORD0002532,1,PROD00005,SELL00005,212.19,6.11
ORD0002533,1,PROD00113,SELL00017,113.28,21.48
ORD0002533,2,PROD00292,SELL00111,159.61,51.85
ORD0002534,1,PROD00147,SELL00015,306.79,21.56
ORD0002535,1,PROD00172,SELL00005,715.47,13.13
ORD0002535,2,PROD00273,SELL00100,81.26,57.11
ORD0002536,1,PROD00263,SELL00007,446.52,48.52
ORD0002536,2,PROD00062,SELL00057,320.24,21.18
ORD0002537,1,PROD00212,SELL00139,404.98,7.89
ORD0002538,1,PROD00079,SELL00123,63.79,38.53
ORD0002539,1,PROD00149,SELL00097,323.69,35.23
ORD0002539,2,PROD00286,SELL00042,219.61,44.96
ORD0002539,3,PROD00258,SELL00071,651.39,45.14
ORD0002540,1,PROD00129,SELL00132,474.45,14.67
ORD0002540,2,PROD00136,SELL00011,531.7,19.26
ORD0002541,1,PROD00033,SELL00036,273.51,7.1
ORD0002541,2,PROD00145,SELL00024,216.7,24.31
ORD0002541,3,PROD00126,SELL00043,777.47,22.69
ORD0002541,4,PROD00200,SELL00140,116.4,19.58
ORD0002542,1,PROD00232,SELL00142,60.2,29.76
ORD0002542,2,PROD00096,SELL00109,378.43,12.51
ORD0002543,1,PROD00054,SELL00131,684.0,55.62
ORD0002543,2,PROD00162,SELL00070,341.99,24.19
ORD0002544,1,PROD00190,SELL00109,784.8,59.07
ORD0002544,2,PROD00118,SELL00051,342.55,57.14
ORD0002545,1,PROD00124,SELL00015,587.39,8.19
ORD0002546,1,PROD00131,SELL00138,831.64,26.59
ORD0002547,1,PROD00183,SELL00127,260.3,19.53
ORD0002548,1,PROD00116,SELL00036,98.34,5.89
ORD0002549,1,PROD00259,SELL00071,704.56,38.97
ORD0002550,1,PROD00200,SELL00050,333.72,39.15
ORD0002550,2,PROD00199,SELL00026,670.16,21.01
ORD0002551,1,PROD00232,SELL00134,489.24,50.51
ORD0002552,1,PROD00031,SELL00110,68.03,10.07
ORD0002552,2,PROD00072,SELL00117,587.72,55.27
ORD0002552,3,PROD00034,SELL00124,436.34,14.81
ORD0002552,4,PROD00114,SELL00113,660.8,26.3
ORD0002553,1,PROD00222,SELL00102,143.73,49.74
ORD0002554,1,PROD00205,SELL00009,888.75,37.42
ORD0002555,1,PROD00284,SELL00019,431.66,31.99
ORD0002556,1,PROD00113,SELL00019,106.42,57.22
ORD0002556,2,PROD00196,SELL00146,478.0,29.08
ORD0002557,1,PROD00180,SELL00118,198.76,21.51
ORD0002557,2,PROD00001,SELL00075,408.93,42.2
ORD0002558,1,PROD00083,SELL00102,700.23,56.35
ORD0002558,2,PROD00210,SELL00010,494.62,36.54
ORD0002559,1,PROD00196,SELL00109,661.7,31.95
ORD0002559,2,PROD00192,SELL00095,123.9,18.13
ORD0002560,1,PROD00188,SELL91148,589.41,20.16
ORD0002560,2,PROD00118,SELL00146,55.19,8.65
ORD0002561,1,PROD00067,SELL98686,541.45,59.19
ORD0002562,1,PROD00257,SELL00137,615.56,11.8
ORD0002562,2,PROD00035,SELL00066,45.62,14.41
ORD0002563,1,PROD00013,SELL00045,614.59,21.18
ORD0002564,1,PROD00166,SELL00092,509.66,26.89
ORD0002565,1,PROD00254,SELL00076,817.07,34.95
ORD0002565,2,PROD00292,SELL00133,245.81,39.24
ORD0002565,3,PROD00202,SELL00019,415.01,47.14
ORD0002566,1,PROD00151,SELL00053,755.85,36.23
ORD0002567,1,PROD00233,SELL00082,276.87,13.49
ORD0002567,2,PROD00137,SELL00099,622.08,49.36
ORD0002567,3,PROD00128,SELL00028,455.81,51.25
ORD0002567,4,PROD00276,SELL00059,792.83,11.3
ORD0002568,1,PROD00229,SELL00120,367.43,56.78
ORD0002569,1,PROD95095,SELL00110,283.98,12.19
ORD0002570,1,PROD00092,SELL00079,100.17,59.58
ORD0002571,1,PROD00055,SELL00005,160.63,19.18
ORD0002571,2,PROD00295,SELL00020,796.68,36.31
ORD0002572,1,PROD00160,SELL00099,294.25,44.4
ORD0002573,1,PROD00165,SELL00045,372.67,33.12
ORD0002574,1,PROD00251,SELL00049,643.27,10.46
ORD0002575,1,PROD00153,SELL00045,463.98,57.09
ORD0002575,2,PROD00148,SELL00149,733.74,6.17
ORD0002575,3,PROD00280,SELL00144,124.35,48.35
ORD0002576,1,PROD00030,SELL00026,208.88,28.22
ORD0002577,1,PROD00197,SELL00135,425.56,22.28
ORD0002577,2,PROD00051,SELL00117,718.35,31.62
ORD0002577,3,PROD00277,SELL00085,77.41,43.09
ORD0002577,4,PROD00108,SELL00064,865.03,59.44
ORD0002578,1,PROD00291,SELL00118,661.34,48.19
ORD0002578,2,PROD00001,SELL00064,815.14,19.09
ORD0002579,1,PROD00213,SELL00079,-36.8,11.77
ORD0002580,1,PROD00072,SELL00008,805.26,43.31
ORD0002581,1,PROD00192,SELL00048,845.37,19.27
ORD0002581,2,PROD00117,SELL00042,808.45,8.5
ORD0002581,3,PROD00203,SELL00124,205.22,43.6
ORD0002581,4,PROD00055,SELL00107,72.18,56.11
ORD0002582,1,PROD00059,SELL00117,519.36,13.46
ORD0002583,1,PROD00058,SELL00012,213.2,40.02
ORD0002583,2,PROD00170,SELL00133,887.14,11.81
ORD0002583,3,PROD00138,SELL00144,754.37,31.97
ORD0002584,1,PROD00093,SELL00001,822.22,52.24
ORD0002585,1,PROD00028,SELL00141,852.71,46.45
ORD0002585,2,PROD00103,SELL00038,138.58,47.06
ORD0002585,3,PROD00129,SELL00010,202.65,59.89
ORD0002586,1,PROD00152,SELL00105,134.07,30.16
ORD0002587,1,PROD00189,SELL00113,609.71,59.77
ORD0002588,1,PROD00255,SELL00061,116.22,54.73
ORD0002589,1,PROD00217,SELL00075,485.87,29.26
ORD0002589,2,PROD00200,SELL00024,128.54,51.22
ORD0002589,3,PROD00178,SELL00040,795.63,10.8
ORD0002589,4,PROD00169,SELL00101,772.3,23.38
ORD0002590,1,PROD00172,SELL00026,197.65,9.0
ORD0002591,1,PROD00274,SELL00133,69.62,19.85
ORD0002591,2,PROD00166,SELL00064,411.26,27.02
ORD0002591,3,PROD00181,SELL00128,297.85,19.37
ORD0002592,1,PROD00022,SELL00012,282.17,36.87
ORD0002593,1,PROD00296,SELL00139,780.91,21.75
ORD0002594,1,PROD00198,SELL00008,518.17,25.12
ORD0002595,1,PROD00053,SELL00134,520.61,6.02
ORD0002596,1,PROD00255,SELL00136,860.39,32.66
ORD0002596,2,PROD00083,SELL00056,193.94,57.44
ORD0002597,1,PROD00072,SELL00148,131.57,17.87
ORD0002598,1,PROD00229,SELL00026,710.7,12.89
ORD0002598,2,PROD00183,SELL00143,463.15,19.3
ORD0002599,1,PROD00040,SELL00124,254.89,12.54
ORD0002599,2,PROD00045,SELL00083,277.86,19.94
ORD0002599,3,PROD00179,SELL00076,683.16,43.4
ORD0002599,4,PROD00199,SELL00023,793.19,32.21
ORD0002600,1,PROD00250,SELL00085,846.57,43.81
ORD0002601,1,PROD94117,SELL00044,60.65,7.18
ORD0002601,2,PROD00152,SELL95970,832.56,10.64
ORD0002602,1,PROD00105,SELL00079,187.89,8.81
ORD0002602,2,PROD00043,SELL00004,233.52,9.56
ORD0002603,1,PROD00217,SELL00112,317.16,21.14
ORD0002603,2,PROD00256,SELL00051,350.59,16.35
ORD0002603,3,PROD00144,SELL00024,371.64,51.15
ORD0002603,4,PROD00296,SELL00000,622.04,30.97
ORD0002604,1,PROD00194,SELL00131,427.86,57.98
ORD0002605,1,PROD00116,SELL00033,247.12,26.45
ORD0002605,2,PROD00156,SELL00099,259.27,23.36
ORD0002606,1,PROD00121,SELL00067,572.72,39.33
ORD0002606,2,PROD00156,SELL00114,613.17,31.98
ORD0002606,3,PROD00080,SELL00042,547.86,40.71
ORD0002607,1,PROD00201,SELL00103,619.72,40.51
ORD0002608,1,PROD00076,SELL00064,831.24,6.48
ORD0002609,1,PROD00268,SELL00021,816.64,53.67
ORD0002609,2,PROD00141,SELL00133,610.84,8.88
ORD0002610,1,PROD00163,SELL00043,84.1,29.33
ORD0002610,2,PROD00152,SELL00037,246.95,20.87
ORD0002611,1,PROD00216,SELL00101,58.68,27.21
ORD0002612,1,PROD00082,SELL00100,804.82,58.45
ORD0002612,2,PROD00111,SELL00055,558.79,31.44
ORD0002612,3,PROD00244,SELL00057,448.64,45.03
ORD0002613,1,PROD00090,SELL00043,439.49,22.15
ORD0002614,1,PROD00251,SELL00027,128.83,45.48
ORD0002615,1,PROD00298,SELL00141,420.7,38.51
ORD0002615,2,PROD00258,SELL00079,626.69,7.05
ORD0002615,3,PROD00234,SELL00023,653.69,21.19
ORD0002615,4,PROD00096,SELL00133,843.63,32.68
ORD0002616,1,PROD00081,SELL00019,848.46,26.29
ORD0002617,1,PROD00274,SELL00081,71.81,15.03
ORD0002617,2,PROD00065,SELL00123,455.94,53.42
ORD0002618,1,PROD97886,SELL00096,898.9,55.57
ORD0002618,2,PROD00122,SELL00032,447.41,6.67
ORD0002619,1,PROD00106,SELL00138,537.58,56.99
ORD0002620,1,PROD00115,SELL00017,154.69,59.0
ORD0002620,2,PROD00289,SELL00056,639.93,24.47
ORD0002620,3,PROD00148,SELL00012,312.09,7.15
ORD0002620,4,PROD00044,SELL00005,661.98,40.34
ORD0002621,1,PROD00022,SELL00145,149.08,19.36
ORD0002622,1,PROD00172,SELL00130,228.99,13.54
ORD0002622,2,PROD00086,SELL00105,493.08,26.48
ORD0002622,3,PROD00082,SELL00046,476.85,51.87
ORD0002622,4,PROD00201,SELL00111,775.54,37.42
ORD0002623,1,PROD00056,SELL00093,892.03,42.17
ORD0002623,2,PROD00196,SELL00017,291.08,35.67
ORD0002623,3,PROD00156,SELL00050,261.54,43.55
ORD0002624,1,PROD00220,SELL00119,496.95,47.7
ORD0002625,1,PROD00033,SELL00084,840.68,26.94
ORD0002625,2,PROD00001,SELL00098,283.46,8.16
ORD0002625,3,PROD00219,SELL00019,429.1,34.97
ORD0002626,1,PROD00145,SELL00120,212.39,29.89
ORD0002626,2,PROD00076,SELL00127,660.23,43.49
ORD0002627,1,PROD00057,SELL00109,566.1,52.76
ORD0002627,2,PROD00078,SELL00074,788.43,40.88
ORD0002627,3,PROD00279,SELL00050,724.61,28.3
ORD0002628,1,PROD00285,SELL00100,795.55,20.05
ORD0002629,1,PROD00181,SELL00116,185.23,52.56
ORD0002630,1,PROD00240,SELL00135,81.47,56.14
ORD0002631,1,PROD00116,SELL00123,786.59,27.15
ORD0002631,2,PROD00145,SELL00127,193.37,47.42
ORD0002632,1,PROD00196,SELL00104,272.89,52.24
ORD0002633,1,PROD00246,SELL00058,246.82,36.95
ORD0002633,2,PROD00225,SELL00088,110.89,49.19
ORD0002634,1,PROD00144,SELL00014,376.98,13.38
ORD0002634,2,PROD00196,SELL00046,395.54,27.84
ORD0002634,3,PROD00083,SELL00116,711.36,32.74
ORD0002634,4,PROD00109,SELL00045,347.46,16.44
ORD0002635,1,PROD00264,SELL00049,384.07,32.51
ORD0002636,1,PROD00220,SELL00114,150.48,30.23
ORD0002637,1,PROD00154,SELL00119,727.03,5.82
ORD0002637,2,PROD00278,SELL00065,620.22,21.1
ORD0002637,3,PROD00197,SELL00027,322.46,5.06
ORD0002637,4,PROD00177,SELL00140,305.05,16.01
ORD0002638,1,PROD00260,SELL00136,777.66,23.46
ORD0002639,1,PROD00026,SELL00098,834.8,24.06
ORD0002640,1,PROD00156,SELL00076,252.1,40.12
ORD0002640,2,PROD00001,SELL00073,851.24,5.07
ORD0002640,3,PROD00281,SELL00044,70.13,32.48
ORD0002641,1,PROD00241,SELL00007,863.54,49.2
ORD0002641,2,PROD00250,SELL00036,120.6,57.56
ORD0002642,1,PROD00199,SELL00129,211.01,53.53
ORD0002643,1,PROD00049,SELL00106,328.49,49.9
ORD0002643,2,PROD00208,SELL00042,687.62,13.42
ORD0002644,1,PROD00032,SELL00035,99.32,52.18
ORD0002644,2,PROD00292,SELL00060,545.93,19.31
ORD0002644,3,PROD00271,SELL00068,362.81,46.65
ORD0002645,1,PROD00227,SELL00119,514.01,52.11
ORD0002645,2,PROD00145,SELL00119,742.1,25.71
ORD0002646,1,PROD00203,SELL00056,161.42,58.76
ORD0002647,1,PROD00058,SELL00123,730.77,9.52
ORD0002648,1,PROD00173,SELL00128,638.6,58.55
ORD0002649,1,PROD00017,SELL00084,596.22,45.12
ORD0002650,1,PROD00031,SELL00069,313.94,33.08
ORD0002650,2,PROD00095,SELL00021,544.56,18.37
ORD0002650,3,PROD00016,SELL00143,335.32,8.38
ORD0002651,1,PROD00281,SELL00100,322.36,27.61
ORD0002652,1,PROD00261,SELL00085,657.43,43.47
ORD0002653,1,PROD00049,SELL00145,324.9,53.41
ORD0002654,1,PROD00092,SELL00045,624.51,19.92
ORD0002654,2,PROD00204,SELL00021,768.24,36.55
ORD0002655,1,PROD00251,SELL00071,738.97,26.27
ORD0002656,1,PROD00178,SELL00086,622.8,11.54
ORD0002656,2,PROD00058,SELL00043,258.51,25.76
ORD0002657,1,PROD00028,SELL00009,501.54,11.26
ORD0002658,1,PROD99100,SELL00051,312.62,57.88
ORD0002658,2,PROD00100,SELL00067,147.83,8.27
ORD0002658,3,PROD00237,SELL00057,393.32,36.28
ORD0002658,4,PROD00244,SELL00047,712.54,31.37
ORD0002659,1,PROD00134,SELL00147,858.18,38.84
ORD0002659,2,PROD00036,SELL00017,658.26,12.89
ORD0002660,1,PROD00092,SELL00018,350.69,10.08
ORD0002660,2,PROD00254,SELL00037,660.15,9.36
ORD0002660,3,PROD00049,SELL00052,21.7,16.36
ORD0002660,4,PROD00296,SELL00057,577.12,51.05
ORD0002661,1,PROD00034,SELL00063,890.36,42.25
ORD0002661,2,PROD00085,SELL00123,741.52,9.38
ORD0002661,3,PROD00276,SELL00045,480.83,56.14
ORD0002662,1,PROD00020,SELL00059,461.54,41.88
ORD0002662,2,PROD00003,SELL98932,733.82,45.61
ORD0002662,3,PROD00235,SELL00008,549.53,30.44
ORD0002663,1,PROD00033,SELL00134,297.05,21.96
ORD0002664,1,PROD00133,SELL00085,729.6,11.68
ORD0002665,1,PROD00114,SELL00065,46.79,25.52
ORD0002666,1,PROD00169,SELL00002,477.61,38.35
ORD0002667,1,PROD00000,SELL00115,253.27,22.88
ORD0002668,1,PROD00221,SELL00101,631.15,35.75
ORD0002668,2,PROD00173,SELL00126,876.13,23.18
ORD0002669,1,PROD00230,SELL00137,209.89,15.44
ORD0002669,2,PROD00057,SELL92939,715.76,13.31
ORD0002670,1,PROD00245,SELL00072,384.95,47.25
ORD0002671,1,PROD00176,SELL00018,355.51,38.87
ORD0002672,1,PROD00138,SELL00087,113.13,43.01
ORD0002673,1,PROD00012,SELL00108,67.93,49.15
ORD0002673,2,PROD00139,SELL00075,155.81,22.61
ORD0002674,1,PROD00237,SELL00055,65.36,44.31
ORD0002675,1,PROD00249,SELL00148,31.68,34.1
ORD0002675,2,PROD00288,SELL00041,655.93,58.0
ORD0002675,3,PROD00184,SELL00029,219.69,17.45
ORD0002676,1,PROD00190,SELL00050,128.61,15.09
ORD0002676,2,PROD00182,SELL00127,500.85,48.56
ORD0002676,3,PROD00242,SELL00040,686.38,21.94
ORD0002676,4,PROD00061,SELL00140,614.24,12.79
ORD0002677,1,PROD00217,SELL00072,836.88,24.77
ORD0002677,2,PROD00083,SELL00004,787.28,56.94
ORD0002678,1,PROD00189,SELL00078,10.29,26.62
ORD0002678,2,PROD00153,SELL00055,153.66,15.39
ORD0002678,3,PROD91493,SELL00138,445.42,11.24
ORD0002678,4,PROD00096,SELL00042,41.76,6.6
ORD0002679,1,PROD00229,SELL00042,602.28,34.53
ORD0002680,1,PROD00279,SELL00017,527.5,53.63
ORD0002681,1,PROD00220,SELL00015,624.23,37.59
ORD0002681,2,PROD00184,SELL00019,465.64,22.07
ORD0002681,3,PROD00249,SELL00009,219.54,11.65
ORD0002682,1,PROD00150,SELL00057,172.37,59.07
ORD0002683,1,PROD00114,SELL00058,385.82,50.41
ORD0002684,1,PROD00094,SELL00037,785.5,45.02
ORD0002685,1,PROD00054,SELL00142,165.05,34.4
ORD0002685,2,PROD00165,SELL00039,413.4,38.57
ORD0002686,1,PROD00235,SELL00147,383.39,7.82
ORD0002686,2,PROD00111,SELL00065,418.14,45.75
ORD0002687,1,PROD00269,SELL00068,185.65,48.51
ORD0002688,1,PROD00259,SELL00082,240.14,51.17
ORD0002688,2,PROD00106,SELL00002,47.13,45.07
ORD0002688,3,PROD00207,SELL00038,219.56,59.86
ORD0002689,1,PROD00023,SELL00032,573.64,49.41
ORD0002690,1,PROD91063,SELL00034,532.93,12.38
ORD0002690,2,PROD00052,SELL00074,96.87,26.25
ORD0002691,1,PROD00022,SELL00066,692.7,17.96
ORD0002692,1,PROD00188,SELL00060,342.53,18.17
ORD0002693,1,PROD00084,SELL00137,797.13,21.53
ORD0002693,2,PROD00018,SELL00124,283.02,54.88
ORD0002694,1,PROD00046,SELL00097,105.9,17.45
ORD0002695,1,PROD00278,SELL00094,563.64,55.52
ORD0002696,1,PROD00205,SELL00001,501.25,26.26
ORD0002697,1,PROD00160,SELL00144,743.71,57.67
ORD0002697,2,PROD00034,SELL00074,25.28,59.1
ORD0002698,1,PROD00013,SELL00006,569.63,24.65
ORD0002699,1,PROD00138,SELL00025,141.43,11.01
ORD0002700,1,PROD00113,SELL00047,31.66,55.83
ORD0002701,1,PROD00280,SELL00118,415.35,33.16
ORD0002701,2,PROD00122,SELL00038,194.95,44.46
ORD0002701,3,PROD00050,SELL00099,664.51,32.56
ORD0002702,1,PROD00184,SELL00093,817.77,13.97
ORD0002702,2,PROD00163,SELL00146,313.01,22.32
ORD0002703,1,PROD00027,SELL00140,448.74,53.94
ORD0002704,1,PROD00285,SELL00008,389.21,19.47
ORD0002704,2,PROD00153,SELL00092,674.25,53.71
ORD0002704,3,PROD00195,SELL00063,705.17,23.26
ORD0002704,4,PROD00051,SELL00091,-28.6,34.1
ORD0002705,1,PROD00170,SELL00001,568.32,54.34
ORD0002705,2,PROD00199,SELL00123,50.76,52.65
ORD0002706,1,PROD00031,SELL00090,852.89,26.8
ORD0002707,1,PROD00269,SELL00078,899.04,15.02
ORD0002708,1,PROD00027,SELL00070,167.8,55.54
ORD0002709,1,PROD00294,SELL00139,210.08,6.95
ORD0002710,1,PROD00152,SELL00133,46.56,39.47
ORD0002711,1,PROD00202,SELL00078,574.78,16.71
ORD0002711,2,PROD00223,SELL00050,285.71,11.84
ORD0002712,1,PROD00252,SELL00048,766.2,36.62
ORD0002713,1,PROD00213,SELL00056,181.62,38.03
ORD0002714,1,PROD00079,SELL00011,504.13,11.46
ORD0002714,2,PROD00277,SELL00048,836.39,58.18
ORD0002715,1,PROD00228,SELL00143,545.14,50.2
ORD0002716,1,PROD00231,SELL00106,777.27,56.78
ORD0002716,2,PROD00102,SELL00022,395.75,6.79
ORD0002717,1,PROD00092,SELL00075,549.56,7.45
ORD0002718,1,PROD00102,SELL00058,258.57,57.97
ORD0002719,1,PROD00125,SELL00072,230.74,22.41
ORD0002720,1,PROD00264,SELL96509,695.75,41.64
ORD0002721,1,PROD00009,SELL00046,757.44,6.94
ORD0002722,1,PROD00194,SELL00102,63.78,11.08
ORD0002722,2,PROD00186,SELL00012,317.5,39.43
ORD0002722,3,PROD00238,SELL00096,842.61,10.04
ORD0002723,1,PROD00156,SELL00126,434.85,43.85
ORD0002723,2,PROD00045,SELL00128,45.74,39.74
ORD0002724,1,PROD00052,SELL00082,594.08,31.21
ORD0002724,2,PROD00183,SELL00068,134.19,13.25
ORD0002724,3,PROD00226,SELL00149,841.93,5.37
ORD0002725,1,PROD00209,SELL00057,805.82,32.32
ORD0002726,1,PROD00283,SELL00015,32.35,50.71
ORD0002727,1,PROD00090,SELL00018,725.1,29.71
ORD0002727,2,PROD00203,SELL00034,342.08,37.02
ORD0002727,3,PROD00241,SELL00028,96.36,45.25
ORD0002727,4,PROD00047,SELL00044,896.18,31.75
ORD0002728,1,PROD00131,SELL00073,884.42,31.01
ORD0002728,2,PROD00044,SELL00122,108.44,8.86
ORD0002728,3,PROD00257,SELL00145,543.24,9.14
ORD0002728,4,PROD00271,SELL00032,411.66,37.69
ORD0002729,1,PROD00176,SELL98628,222.83,47.08
ORD0002730,1,PROD00244,SELL00131,153.65,20.07
ORD0002731,1,PROD00079,SELL00074,557.28,39.48
ORD0002731,2,PROD00156,SELL00099,792.19,49.33
ORD0002732,1,PROD00221,SELL00145,117.8,10.42
ORD0002733,1,PROD00084,SELL00135,92.92,53.58
ORD0002733,2,PROD00272,SELL00050,388.72,58.6
ORD0002733,3,PROD00016,SELL00141,881.21,17.77
ORD0002733,4,PROD00036,SELL00149,302.42,14.08
ORD0002734,1,PROD00146,SELL00004,195.94,30.83
ORD0002735,1,PROD00044,SELL00054,749.17,20.3
ORD0002736,1,PROD00050,SELL00071,170.54,17.26
ORD0002737,1,PROD00140,SELL00095,778.22,11.73
ORD0002737,2,PROD00118,SELL00049,14.4,27.36
ORD0002737,3,PROD00259,SELL00094,409.26,9.97
ORD0002737,4,PROD00037,SELL00090,308.73,42.01
ORD0002738,1,PROD00198,SELL00019,693.74,28.88
ORD0002739,1,PROD00247,SELL00040,793.05,14.55
ORD0002740,1,PROD00145,SELL00025,512.07,43.84
ORD0002740,2,PROD00148,SELL00025,496.94,5.86
ORD0002741,1,PROD00166,SELL00132,664.67,49.25
ORD0002741,2,PROD00081,SELL00119,687.13,26.88
ORD0002741,3,PROD00019,SELL00118,535.92,48.65
ORD0002742,1,PROD00115,SELL00142,797.13,6.21
ORD0002742,2,PROD00235,SELL00019,306.71,54.96
ORD0002743,1,PROD00248,SELL00082,395.78,7.7
ORD0002743,2,PROD00220,SELL00139,486.02,11.5
ORD0002743,3,PROD00103,SELL00094,139.8,33.37
ORD0002743,4,PROD00030,SELL00086,853.54,20.86
ORD0002744,1,PROD00204,SELL00149,506.13,9.92
ORD0002744,2,PROD00041,SELL00125,885.82,34.43
ORD0002745,1,PROD00164,SELL00064,557.08,27.21
ORD0002746,1,PROD00194,SELL00074,31.52,15.56
ORD0002747,1,PROD00147,SELL00098,508.46,38.72
ORD0002747,2,PROD00176,SELL00056,733.62,39.93
ORD0002747,3,PROD00011,SELL00108,496.74,21.08
ORD0002747,4,PROD00138,SELL00015,164.89,33.55
ORD0002748,1,PROD00096,SELL00137,112.51,21.25
ORD0002748,2,PROD00026,SELL00146,362.45,43.45
ORD0002748,3,PROD00073,SELL00041,143.95,47.94
ORD0002748,4,PROD00182,SELL00109,159.55,52.15
ORD0002749,1,PROD00092,SELL00033,400.97,12.47
ORD0002750,1,PROD00140,SELL00003,333.7,36.76
ORD0002751,1,PROD00123,SELL00065,343.2,48.36
ORD0002752,1,PROD00264,SELL00102,508.94,12.63
ORD0002753,1,PROD00026,SELL00148,623.2,31.85
ORD0002754,1,PROD00043,SELL00017,391.74,57.11
ORD0002755,1,PROD00014,SELL00114,139.98,14.16
ORD0002756,1,PROD00086,SELL00148,403.9,55.54
ORD0002756,2,PROD98214,SELL00017,291.14,14.25
ORD0002756,3,PROD00136,SELL00022,49.44,57.52
ORD0002756,4,PROD00073,SELL00054,896.83,30.95
ORD0002757,1,PROD00094,SELL00087,742.33,41.66
ORD0002757,2,PROD00263,SELL00131,769.96,56.92
ORD0002757,3,PROD00096,SELL00116,103.03,50.26
ORD0002758,1,PROD00169,SELL00078,317.19,48.44
ORD0002758,2,PROD00252,SELL00139,730.17,26.81
ORD0002759,1,PROD00252,SELL00141,614.94,48.43
ORD0002759,2,PROD00279,SELL00043,178.96,48.5
ORD0002760,1,PROD00171,SELL97677,257.91,30.4
ORD0002760,2,PROD00248,SELL00099,331.92,50.0
ORD0002760,3,PROD00027,SELL00104,397.47,9.67
ORD0002760,4,PROD00042,SELL00009,731.22,13.63
ORD0002761,1,PROD00283,SELL00104,56.87,26.85
ORD0002761,2,PROD00204,SELL00041,373.65,14.96
ORD0002762,1,PROD00009,SELL00097,183.38,48.11
ORD0002763,1,PROD00143,SELL00046,530.65,46.09
ORD0002764,1,PROD00223,SELL00099,263.9,57.21
ORD0002765,1,PROD00251,SELL00070,714.18,46.76
ORD0002765,2,PROD00251,SELL00017,476.98,35.56
ORD0002766,1,PROD00136,SELL00004,197.49,20.49
ORD0002767,1,PROD00039,SELL00122,187.87,43.41
ORD0002768,1,PROD00046,SELL00006,422.46,35.71
ORD0002769,1,PROD00194,SELL00033,744.94,5.55
ORD0002770,1,PROD00288,SELL00118,111.83,46.07
ORD0002771,1,PROD00213,SELL00076,602.18,36.29
ORD0002772,1,PROD00049,SELL00074,54.01,6.56
ORD0002773,1,PROD00184,SELL00067,114.21,17.22
ORD0002773,2,PROD00186,SELL00104,825.59,17.0
ORD0002773,3,PROD00021,SELL00035,661.47,7.46
ORD0002774,1,PROD00182,SELL00122,561.35,37.87
ORD0002775,1,PROD00143,SELL00108,451.37,26.82
ORD0002776,1,PROD00047,SELL00130,101.74,55.43
ORD0002777,1,PROD00006,SELL00077,702.99,13.88
ORD0002777,2,PROD00180,SELL00034,786.2,20.6
ORD0002778,1,PROD00156,SELL00003,24.43,36.47
ORD0002778,2,PROD00021,SELL00085,759.98,10.51
ORD0002779,1,PROD00038,SELL00102,527.22,22.75
ORD0002779,2,PROD00116,SELL00090,191.91,30.15
ORD0002780,1,PROD00275,SELL00065,91.1,34.86
ORD0002781,1,PROD00169,SELL00054,898.97,19.98
ORD0002782,1,PROD00140,SELL00076,165.88,45.04
ORD0002783,1,PROD00170,SELL00000,849.21,59.48
ORD0002784,1,PROD00049,SELL00146,327.44,38.78
ORD0002784,2,PROD00088,SELL00017,550.65,29.17
ORD0002785,1,PROD00110,SELL00011,114.99,9.74
ORD0002786,1,PROD00280,SELL00063,144.43,24.53
ORD0002786,2,PROD00146,SELL00031,427.97,13.58
ORD0002787,1,PROD00279,SELL00016,98.46,57.15
ORD0002788,1,PROD00091,SELL00030,449.23,31.3
ORD0002788,2,PROD00279,SELL00065,321.48,52.57
ORD0002788,3,PROD00203,SELL00057,88.23,41.53
ORD0002788,4,PROD00038,SELL00047,286.08,19.03
ORD0002789,1,PROD00056,SELL00096,875.78,9.3
ORD0002790,1,PROD00007,SELL00000,78.32,57.09
ORD0002791,1,PROD00175,SELL00141,254.85,35.68
ORD0002792,1,PROD00102,SELL00015,34.68,21.29
ORD0002793,1,PROD00189,SELL00062,857.33,54.97
ORD0002794,1,PROD00256,SELL00000,408.94,24.24
ORD0002794,2,PROD00167,SELL00061,460.48,35.72
ORD0002794,3,PROD00192,SELL00050,803.62,42.39
ORD0002795,1,PROD96538,SELL94370,47.2,45.57
ORD0002796,1,PROD00270,SELL00063,354.11,27.21
ORD0002796,2,PROD00109,SELL00103,676.17,42.94
ORD0002796,3,PROD00295,SELL00078,445.45,11.49
ORD0002797,1,PROD00183,SELL00048,806.95,17.5
ORD0002798,1,PROD00262,SELL00038,820.52,34.29
ORD0002798,2,PROD00213,SELL00097,22.13,7.96
ORD0002798,3,PROD00156,SELL00004,352.19,34.86
ORD0002799,1,PROD00081,SELL00039,248.54,46.03
ORD0002800,1,PROD00022,SELL00132,287.82,46.67
ORD0002801,1,PROD00199,SELL00037,786.14,15.8
ORD0002801,2,PROD00056,SELL00149,273.05,55.73
ORD0002802,1,PROD00181,SELL00092,383.37,42.39
ORD0002802,2,PROD00062,SELL00138,376.04,54.32
ORD0002803,1,PROD00159,SELL00029,739.46,14.71
ORD0002803,2,PROD00145,SELL00033,419.84,11.87
ORD0002804,1,PROD00062,SELL00067,108.38,44.8
ORD0002805,1,PROD00082,SELL00030,492.62,59.86
ORD0002806,1,PROD00130,SELL00000,505.27,58.24
ORD0002807,1,PROD00241,SELL00090,465.58,35.03
ORD0002807,2,PROD00134,SELL00043,857.87,58.51
ORD0002808,1,PROD00184,SELL00023,878.86,55.94
ORD0002809,1,PROD00082,SELL00122,813.25,46.35
ORD0002809,2,PROD00227,SELL00108,677.83,45.9
ORD0002810,1,PROD00240,SELL00117,47.48,14.02
ORD0002811,1,PROD00083,SELL00096,709.55,15.19
ORD0002811,2,PROD00112,SELL00094,467.7,47.93
ORD0002812,1,PROD00227,SELL00084,83.74,48.65
ORD0002812,2,PROD00221,SELL00067,343.05,19.55
ORD0002812,3,PROD00238,SELL00092,539.76,48.46
ORD0002812,4,PROD00262,SELL00080,700.09,24.69
ORD0002813,1,PROD00247,SELL00046,334.73,37.19
ORD0002813,2,PROD00163,SELL00072,130.99,51.28
ORD0002814,1,PROD00231,SELL00147,108.37,38.02
ORD0002814,2,PROD00288,SELL00061,231.04,25.13
ORD0002815,1,PROD00219,SELL00037,193.33,5.19
ORD0002816,1,PROD00181,SELL00091,788.92,31.23
ORD0002817,1,PROD00061,SELL00105,122.27,53.16
ORD0002818,1,PROD00138,SELL00096,192.47,20.55
ORD0002818,2,PROD00008,SELL00100,226.47,52.22
ORD0002819,1,PROD00261,SELL00029,615.84,23.35
ORD0002819,2,PROD00010,SELL00017,482.87,35.34
ORD0002820,1,PROD00263,SELL00099,663.0,29.54
ORD0002821,1,PROD00125,SELL00023,9.95,25.55
ORD0002821,2,PROD00088,SELL00115,34.87,17.96
ORD0002821,3,PROD00137,SELL00144,405.86,23.63
ORD0002822,1,PROD00025,SELL00066,54.72,58.09
ORD0002822,2,PROD00088,SELL00058,721.74,58.25
ORD0002822,3,PROD00168,SELL00046,752.6,19.31
ORD0002822,4,PROD00224,SELL00047,57.81,24.9
ORD0002823,1,PROD00263,SELL00058,539.02,15.48
ORD0002824,1,PROD00063,SELL00032,140.63,46.56
ORD0002825,1,PROD00028,SELL00140,512.53,6.6
ORD0002826,1,PROD00111,SELL00098,350.89,30.71
ORD0002827,1,PROD00005,SELL00087,647.94,8.3
ORD0002827,2,PROD00048,SELL00058,168.32,45.15
ORD0002828,1,PROD00150,SELL00010,414.26,6.12
ORD0002828,2,PROD00289,SELL00049,295.84,10.57
ORD0002829,1,PROD00055,SELL00091,149.01,20.97
ORD0002830,1,PROD00040,SELL00141,742.94,10.72
ORD0002831,1,PROD00196,SELL00056,301.77,39.98
ORD0002832,1,PROD00209,SELL00139,298.13,6.48
ORD0002833,1,PROD00137,SELL00103,464.45,51.63
ORD0002833,2,PROD00110,SELL00095,447.47,41.62
ORD0002833,3,PROD00092,SELL00062,538.9,18.91
ORD0002833,4,PROD00130,SELL00001,421.88,43.22
ORD0002834,1,PROD00134,SELL00015,664.19,14.27
ORD0002835,1,PROD00242,SELL00079,593.4,50.33
ORD0002836,1,PROD00076,SELL00003,757.08,59.92
ORD0002837,1,PROD00034,SELL00018,708.63,54.24
ORD0002838,1,PROD00112,SELL00014,110.06,7.42
ORD0002839,1,PROD00141,SELL00064,237.09,52.15
ORD0002840,1,PROD00178,SELL00034,89.46,50.51
ORD0002840,2,PROD00169,SELL00022,16.64,19.99
ORD0002840,3,PROD00067,SELL00134,579.27,12.3
ORD0002840,4,PROD00153,SELL00044,615.49,52.66
ORD0002841,1,PROD00277,SELL00120,581.42,21.41
ORD0002842,1,PROD00227,SELL00045,461.19,22.93
ORD0002843,1,PROD00097,SELL00071,511.58,24.53
ORD0002843,2,PROD00022,SELL00126,188.63,30.49
ORD0002844,1,PROD00020,SELL00120,-41.5,9.86
ORD0002844,2,PROD00098,SELL00081,773.56,36.93
ORD0002844,3,PROD00160,SELL00088,603.7,39.42
ORD0002844,4,PROD00010,SELL00110,785.06,31.01
ORD0002845,1,PROD00267,SELL00020,102.55,58.26
ORD0002846,1,PROD00024,SELL00008,298.4,58.87
ORD0002846,2,PROD00162,SELL00118,894.65,7.48
ORD0002847,1,PROD00239,SELL00104,435.78,18.73
ORD0002848,1,PROD00195,SELL00124,708.37,14.68
ORD0002848,2,PROD00253,SELL00053,499.26,24.84
ORD0002848,3,PROD00206,SELL00111,170.0,26.14
ORD0002849,1,PROD00092,SELL00067,160.41,36.01
ORD0002850,1,PROD00277,SELL00074,268.53,50.31
ORD0002850,2,PROD00206,SELL00134,521.08,56.56
ORD0002850,3,PROD00122,SELL00018,564.81,41.92
ORD0002851,1,PROD00142,SELL00024,435.65,22.89
ORD0002852,1,PROD00177,SELL00089,675.68,20.58
ORD0002852,2,PROD00158,SELL00074,897.18,10.31
ORD0002852,3,PROD00197,SELL00073,760.46,31.78
ORD0002852,4,PROD00225,SELL00065,878.95,53.55
ORD0002853,1,PROD00020,SELL00101,29.02,52.97
ORD0002854,1,PROD00166,SELL00001,679.76,44.84
ORD0002855,1,PROD00256,SELL00128,20.29,49.56
ORD0002856,1,PROD00120,SELL00143,846.92,29.46
ORD0002856,2,PROD00216,SELL00100,838.23,17.41
ORD0002856,3,PROD00267,SELL00111,876.57,9.91
ORD0002856,4,PROD00270,SELL00142,297.02,19.91
ORD0002857,1,PROD00034,SELL00127,710.97,37.15
ORD0002858,1,PROD00163,SELL00023,439.88,33.23
ORD0002859,1,PROD00123,SELL00121,134.78,6.49
ORD0002859,2,PROD00277,SELL00080,847.26,30.44
ORD0002860,1,PROD00046,SELL00104,195.72,35.49
ORD0002861,1,PROD00123,SELL00036,880.72,40.3
ORD0002862,1,PROD00122,SELL92315,842.6,32.48
ORD0002863,1,PROD98020,SELL00007,756.9,6.92
ORD0002863,2,PROD00033,SELL00129,772.74,48.61
ORD0002863,3,PROD00076,SELL00138,393.49,15.61
ORD0002864,1,PROD00182,SELL00019,502.45,35.88
ORD0002865,1,PROD00237,SELL00051,352.36,9.11
ORD0002865,2,PROD00198,SELL00134,867.8,42.22
ORD0002865,3,PROD00081,SELL00020,716.8,48.46
ORD0002866,1,PROD00232,SELL00011,617.66,7.14
ORD0002866,2,PROD00258,SELL00091,852.93,17.5
ORD0002867,1,PROD00151,SELL00005,499.48,52.16
ORD0002868,1,PROD00172,SELL00069,672.29,15.62
ORD0002869,1,PROD00098,SELL00005,841.7,33.19
ORD0002869,2,PROD00163,SELL00034,742.21,22.81
ORD0002870,1,PROD00064,SELL00087,898.2,55.71
ORD0002870,2,PROD00200,SELL00037,322.4,22.34
ORD0002871,1,PROD00097,SELL00054,19.5,28.52
ORD0002871,2,PROD00116,SELL00031,607.18,43.47
ORD0002871,3,PROD00215,SELL00013,465.25,45.84
ORD0002872,1,PROD00090,SELL00038,77.9,11.45
ORD0002873,1,PROD00281,SELL00012,461.46,37.16
ORD0002873,2,PROD00023,SELL00016,177.44,49.3
ORD0002874,1,PROD00216,SELL00005,153.83,52.21
ORD0002874,2,PROD00287,SELL00129,575.79,35.01
ORD0002875,1,PROD00265,SELL00138,230.75,56.84
ORD0002876,1,PROD00277,SELL00115,442.42,57.32
ORD0002876,2,PROD00234,SELL00126,516.19,14.81
ORD0002877,1,PROD00102,SELL00147,481.28,59.18
ORD0002878,1,PROD00298,SELL00120,35.96,12.99
ORD0002879,1,PROD00074,SELL00039,834.51,40.23
ORD0002880,1,PROD00237,SELL00147,499.48,51.75
ORD0002880,2,PROD00055,SELL00100,327.71,33.02
ORD0002881,1,PROD00139,SELL00063,752.96,34.63
ORD0002882,1,PROD00123,SELL00145,736.9,51.35
ORD0002883,1,PROD00111,SELL00113,61.7,41.82
ORD0002884,1,PROD00193,SELL00022,857.47,21.03
ORD0002885,1,PROD00137,SELL00015,476.81,38.36
ORD0002886,1,PROD00247,SELL00029,95.26,52.79
ORD0002887,1,PROD00173,SELL00106,20.14,55.69
ORD0002888,1,PROD00185,SELL00077,266.85,28.92
ORD0002888,2,PROD00263,SELL00073,485.0,43.66
ORD0002888,3,PROD00033,SELL00126,262.86,29.18
ORD0002889,1,PROD00221,SELL00111,542.48,42.36
ORD0002890,1,PROD00243,SELL00059,586.93,7.6
ORD0002890,2,PROD00017,SELL00070,387.06,49.52
ORD0002890,3,PROD00003,SELL00116,57.68,23.59
ORD0002891,1,PROD00102,SELL00074,779.08,59.96
ORD0002892,1,PROD00068,SELL00124,632.58,39.23
ORD0002892,2,PROD00256,SELL00091,218.51,19.15
ORD0002892,3,PROD00063,SELL00012,118.79,45.99
ORD0002892,4,PROD00077,SELL00043,195.05,9.61
ORD0002893,1,PROD00172,SELL00131,621.85,20.47
ORD0002893,2,PROD00148,SELL00022,90.26,28.07
ORD0002893,3,PROD00084,SELL00077,51.02,47.93
ORD0002893,4,PROD00224,SELL00112,653.33,10.94
ORD0002894,1,PROD00064,SELL00091,859.36,48.52
ORD0002894,2,PROD00056,SELL00134,160.78,34.61
ORD0002894,3,PROD00112,SELL00067,394.52,25.41
ORD0002895,1,PROD00270,SELL00137,685.45,22.45
ORD0002896,1,PROD00146,SELL00028,286.89,43.08
ORD0002896,2,PROD00135,SELL00116,539.86,16.12
ORD0002896,3,PROD00276,SELL00018,123.86,15.46
ORD0002896,4,PROD00074,SELL00084,325.49,56.54
ORD0002897,1,PROD00231,SELL00005,251.18,10.66
ORD0002897,2,PROD00276,SELL00105,84.48,26.71
ORD0002897,3,PROD00288,SELL00008,364.55,12.02
ORD0002898,1,PROD00133,SELL00128,264.44,51.36
ORD0002899,1,PROD98967,SELL00133,470.98,30.25
ORD0002900,1,PROD00213,SELL00099,621.46,36.48
ORD0002901,1,PROD00275,SELL00049,355.76,44.31
ORD0002901,2,PROD00252,SELL00010,645.87,36.19
ORD0002902,1,PROD00093,SELL00127,596.33,45.09
ORD0002902,2,PROD00124,SELL00003,106.13,46.64
ORD0002902,3,PROD00002,SELL00048,82.65,23.39
ORD0002902,4,PROD00193,SELL00101,438.7,53.12
ORD0002903,1,PROD00091,SELL00084,29.89,21.78
ORD0002904,1,PROD00147,SELL00142,759.7,50.35
ORD0002904,2,PROD00295,SELL00122,265.19,5.41
ORD0002905,1,PROD00114,SELL00056,598.92,52.61
ORD0002905,2,PROD00089,SELL00072,181.25,32.68
ORD0002905,3,PROD00125,SELL00118,780.65,14.8
ORD0002905,4,PROD00282,SELL00008,706.28,48.67
ORD0002906,1,PROD00114,SELL00086,217.89,30.6
ORD0002906,2,PROD00077,SELL93246,86.33,52.03
ORD0002907,1,PROD00024,SELL00001,167.71,15.11
ORD0002907,2,PROD00118,SELL00021,220.66,51.49
ORD0002908,1,PROD00008,SELL00137,284.72,38.88
ORD0002909,1,PROD00118,SELL00092,300.59,7.16
ORD0002909,2,PROD00003,SELL00135,128.61,12.04
ORD0002909,3,PROD00062,SELL00098,760.62,5.01
ORD0002909,4,PROD00248,SELL00031,-12.34,27.42
ORD0002910,1,PROD00191,SELL00031,463.14,14.99
ORD0002911,1,PROD00084,SELL00147,341.61,9.29
ORD0002912,1,PROD00080,SELL00030,203.28,36.77
ORD0002913,1,PROD00259,SELL00072,883.03,32.22
ORD0002913,2,PROD00051,SELL00021,359.28,10.12
ORD0002913,3,PROD00297,SELL00036,867.78,5.0
ORD0002913,4,PROD00152,SELL00045,733.53,52.08
ORD0002914,1,PROD00126,SELL00030,643.31,39.05
ORD0002915,1,PROD00292,SELL00137,783.16,31.7
ORD0002915,2,PROD00052,SELL00070,723.55,16.5
ORD0002916,1,PROD00026,SELL00074,107.52,55.84
ORD0002917,1,PROD00286,SELL00007,371.62,41.55
ORD0002917,2,PROD00015,SELL00140,177.59,14.7
ORD0002917,3,PROD00188,SELL00144,876.1,38.54
ORD0002917,4,PROD00064,SELL00080,346.97,27.66
ORD0002918,1,PROD00217,SELL00018,805.16,12.83
ORD0002918,2,PROD00159,SELL00004,96.16,6.2
ORD0002919,1,PROD00103,SELL00042,285.35,39.66
ORD0002920,1,PROD00008,SELL00108,781.2,33.03
ORD0002921,1,PROD00294,SELL00015,643.26,57.42
ORD0002921,2,PROD00278,SELL00073,50.04,5.77
ORD0002921,3,PROD00199,SELL00133,594.26,22.58
ORD0002922,1,PROD00066,SELL00138,242.99,11.33
ORD0002923,1,PROD00278,SELL00112,498.77,20.58
ORD0002924,1,PROD00222,SELL00118,612.61,51.39
ORD0002925,1,PROD00262,SELL00062,208.21,57.5
ORD0002926,1,PROD00106,SELL00035,381.47,29.95
ORD0002927,1,PROD00090,SELL00012,457.91,42.82
ORD0002928,1,PROD00268,SELL94098,239.72,7.85
ORD0002929,1,PROD00186,SELL00120,674.63,43.44
ORD0002930,1,PROD00128,SELL00075,679.49,59.81
ORD0002930,2,PROD00288,SELL00035,681.79,5.96
ORD0002931,1,PROD00044,SELL00134,197.47,50.91
ORD0002932,1,PROD00145,SELL00149,271.49,19.84
ORD0002932,2,PROD00121,SELL00146,308.1,32.55
ORD0002932,3,PROD00079,SELL00105,669.77,5.19
ORD0002933,1,PROD00174,SELL00077,875.37,34.23
ORD0002933,2,PROD00034,SELL00050,496.14,50.75
ORD0002933,3,PROD00006,SELL00086,650.55,36.0
ORD0002934,1,PROD00258,SELL00072,349.12,18.45
ORD0002935,1,PROD00192,SELL00094,357.17,54.0
ORD0002936,1,PROD00151,SELL00049,190.13,36.95
ORD0002937,1,PROD00151,SELL96982,754.84,46.62
ORD0002938,1,PROD00135,SELL00113,897.71,23.71
ORD0002938,2,PROD00258,SELL00098,732.56,25.27
ORD0002939,1,PROD00201,SELL00108,829.0,25.02
ORD0002940,1,PROD00205,SELL00101,199.14,26.06
ORD0002940,2,PROD00229,SELL00014,385.86,50.3
ORD0002941,1,PROD00094,SELL00149,581.8,56.11
ORD0002942,1,PROD00088,SELL00080,84.22,27.86
ORD0002943,1,PROD00145,SELL00074,71.49,45.53
ORD0002944,1,PROD00028,SELL00120,854.27,56.87
ORD0002945,1,PROD00109,SELL00085,42.42,23.05
ORD0002945,2,PROD00051,SELL00092,829.25,38.6
ORD0002946,1,PROD00201,SELL00079,349.95,35.48
ORD0002946,2,PROD00267,SELL00094,771.54,54.59
ORD0002947,1,PROD00192,SELL00051,598.39,53.48
ORD0002947,2,PROD00207,SELL00127,97.56,39.19
ORD0002948,1,PROD00198,SELL00086,882.0,28.03
ORD0002949,1,PROD00022,SELL00040,452.99,32.21
ORD0002949,2,PROD00099,SELL00114,376.7,56.84
ORD0002950,1,PROD00240,SELL00106,236.98,54.39
ORD0002951,1,PROD00065,SELL00065,776.23,37.02
ORD0002952,1,PROD00089,SELL00067,539.15,9.8
ORD0002952,2,PROD00094,SELL00077,721.79,40.0
ORD0002952,3,PROD00174,SELL00122,466.32,8.91
ORD0002952,4,PROD00008,SELL00003,206.67,18.15
ORD0002953,1,PROD00247,SELL94166,743.9,40.61
ORD0002954,1,PROD00044,SELL00051,493.25,26.2
ORD0002955,1,PROD00280,SELL00093,380.76,36.46
ORD0002956,1,PROD99888,SELL00112,788.39,34.04
ORD0002956,2,PROD00014,SELL00014,728.04,47.34
ORD0002956,3,PROD00202,SELL00025,188.98,5.2
ORD0002957,1,PROD00293,SELL00022,570.09,46.37
ORD0002958,1,PROD00010,SELL00001,289.79,40.89
ORD0002959,1,PROD00267,SELL00124,330.49,43.96
ORD0002959,2,PROD00027,SELL00062,456.41,8.67
ORD0002959,3,PROD00072,SELL00058,311.01,20.47
ORD0002959,4,PROD00137,SELL00138,815.77,53.33
ORD0002960,1,PROD00103,SELL00031,536.29,38.02
ORD0002961,1,PROD00180,SELL00113,579.57,14.37
ORD0002962,1,PROD00116,SELL00012,329.16,12.61
ORD0002962,2,PROD00224,SELL00111,213.34,9.91
ORD0002963,1,PROD00286,SELL00101,500.21,18.74
ORD0002964,1,PROD00030,SELL00084,612.13,51.28
ORD0002964,2,PROD00219,SELL00045,188.93,22.7
ORD0002965,1,PROD00099,SELL00114,88.61,48.81
ORD0002965,2,PROD00249,SELL00032,739.81,17.06
ORD0002965,3,PROD99261,SELL00115,692.1,48.34
ORD0002966,1,PROD00129,SELL00079,720.44,23.0
ORD0002967,1,PROD00025,SELL00149,634.5,31.27
ORD0002967,2,PROD00295,SELL00140,520.79,30.57
ORD0002967,3,PROD00165,SELL00057,257.1,57.42
ORD0002968,1,PROD00057,SELL00092,791.93,40.37
ORD0002968,2,PROD00009,SELL00020,25.28,43.3
ORD0002968,3,PROD00083,SELL00046,178.94,17.54
ORD0002968,4,PROD00257,SELL00058,898.41,7.16
ORD0002969,1,PROD00175,SELL00069,872.84,7.41
ORD0002969,2,PROD00175,SELL00002,254.25,21.05
ORD0002970,1,PROD00051,SELL00110,477.51,35.71
ORD0002971,1,PROD00159,SELL00096,450.95,24.04
ORD0002972,1,PROD00135,SELL00123,391.26,45.46
ORD0002973,1,PROD00013,SELL00053,429.84,18.2
ORD0002973,2,PROD00252,SELL00110,765.51,19.78
ORD0002974,1,PROD00085,SELL00115,37.15,19.61
ORD0002975,1,PROD00083,SELL00094,573.87,34.66
ORD0002976,1,PROD00297,SELL00139,49.77,47.69
ORD0002977,1,PROD00135,SELL00130,216.73,53.24
ORD0002978,1,PROD00274,SELL00119,337.08,44.31
ORD0002978,2,PROD00282,SELL00096,411.68,46.95
ORD0002978,3,PROD91472,SELL00064,171.33,7.19
ORD0002979,1,PROD00171,SELL00134,790.87,37.16
ORD0002979,2,PROD00110,SELL00131,584.26,5.46
ORD0002980,1,PROD00118,SELL00020,842.77,42.88
ORD0002981,1,PROD00227,SELL00141,64.92,39.66
ORD0002982,1,PROD00067,SELL00094,467.96,56.94
ORD0002983,1,PROD98342,SELL00146,163.78,40.8
ORD0002984,1,PROD00177,SELL00123,355.97,33.63
ORD0002985,1,PROD00033,SELL00071,762.49,26.13
ORD0002985,2,PROD00053,SELL00141,611.21,46.96
ORD0002986,1,PROD00015,SELL00105,182.58,12.13
ORD0002986,2,PROD00216,SELL00008,170.31,47.23
ORD0002987,1,PROD00252,SELL00106,309.83,17.8
ORD0002987,2,PROD00200,SELL00054,389.5,47.84
ORD0002988,1,PROD00085,SELL00143,392.15,24.69
ORD0002989,1,PROD00152,SELL00025,494.78,24.14
ORD0002989,2,PROD00104,SELL00123,670.23,56.79
ORD0002990,1,PROD00029,SELL00056,441.52,6.52
ORD0002990,2,PROD93693,SELL00130,27.98,29.51
ORD0002990,3,PROD00251,SELL00046,124.62,15.46
ORD0002991,1,PROD00276,SELL00025,101.23,12.37
ORD0002992,1,PROD00228,SELL00128,337.7,11.55
ORD0002992,2,PROD00226,SELL00030,351.51,11.4
ORD0002992,3,PROD00268,SELL00102,136.57,45.46
ORD0002993,1,PROD00056,SELL00146,68.19,14.06
ORD0002993,2,PROD00137,SELL00033,395.89,44.24
ORD0002994,1,PROD00170,SELL00138,674.29,30.55
ORD0002995,1,PROD00031,SELL00130,716.72,47.62
ORD0002996,1,PROD96937,SELL00045,458.2,26.37
ORD0002997,1,PROD00116,SELL00104,373.91,33.43
ORD0002998,1,PROD00066,SELL00022,886.58,59.79
ORD0002999,1,PROD00096,SELL00101,596.22,51.17
ORD0002999,2,PROD00153,SELL00143,517.7,8.31
ORD0002999,3,PROD00151,SELL00119,217.84,38.56
