review_id,order_id,review_score,review_comment_title,review_creation_date
REV000000,ORD0001686,5,Would buy again,2023-01-14 11:14:21
REV000001,ORD0002029,5,Would buy again,2024-01-01 04:28:59
REV000002,ORD0001670,4,,2023-10-07 22:41:54
REV000003,ORD0002219,5,Fast delivery,2024-09-26 11:57:43
REV000004,ORD0001046,5,Not as expected,2024-02-18 21:25:34
REV000005,ORD0001086,5,Not as expected,2024-04-27 20:26:44
REV000006,ORD0001123,4,Would buy again,2023-08-06 19:03:05
REV000007,ORD0000269,5,Exactly what I needed,2023-11-18 06:51:35
REV000008,ORD0002695,5,Fast delivery,2024-03-26 20:29:54
REV000009,ORD0000615,5,,2024-03-30 13:39:32
REV000010,ORD0000460,5,Would buy again,2024-02-10 17:35:39
REV000011,ORD0002438,2,,2024-11-29 07:00:08
REV000012,ORD0000273,3,,2023-10-27 08:38:27
REV000013,ORD0001978,5,Fast delivery,2024-06-10 21:18:22
REV000014,ORD0000209,5,Would buy again,2023-07-14 23:58:52
REV000015,ORD0001565,5,Late delivery,2023-01-19 08:34:55
REV000016,ORD0000605,3,Exactly what I needed,2023-08-03 01:36:33
REV000017,ORD0000590,3,Not as expected,2023-03-14 07:40:58
REV000018,ORD0002562,4,Poor quality,2024-08-06 00:08:23
REV000019,ORD0000454,5,Exactly what I needed,2024-04-22 06:11:08
REV000020,ORD0002046,4,,2023-07-23 14:12:14
REV000021,ORD0002222,4,Late delivery,2024-03-10 16:22:55
REV000022,ORD0002392,5,Exactly what I needed,2024-02-25 17:18:25
REV000023,ORD0001261,4,,2023-01-18 04:29:46
REV000024,ORD0000517,2,Exactly what I needed,2023-04-19 00:08:16
REV000025,ORD0001690,5,Poor quality,2023-09-09 21:39:13
REV000026,ORD0000015,5,Great product,2023-08-03 18:42:42
REV000027,ORD0000805,4,Great product,2023-10-16 12:50:47
REV000028,ORD0000618,4,Not as expected,2023-02-10 19:11:09
REV000029,ORD0000059,5,Late delivery,2023-04-11 07:45:23
REV000030,ORD0000028,1,Great product,2023-04-29 15:34:21
REV000031,ORD0002951,1,Not as expected,2024-11-23 13:05:43
REV000032,ORD0000867,2,Not as expected,2023-04-22 22:37:16
REV000033,ORD0002713,5,,2024-12-22 20:57:54
REV000034,ORD0002337,5,Late delivery,2024-06-18 16:17:24
REV000035,ORD0000088,1,Late delivery,2023-01-01 04:39:26
REV000036,ORD0000653,3,Fast delivery,2023-09-01 08:32:09
REV000037,ORD0002555,1,Fast delivery,2024-06-16 14:53:27
REV000038,ORD0000464,1,Not as expected,2024-04-23 09:29:10
REV000039,ORD0001369,5,Would buy again,2023-09-18 23:58:45
REV000040,ORD0001267,3,Not as expected,2024-01-16 11:15:38
REV000041,ORD0000558,3,Fast delivery,2024-01-16 07:04:33
REV000042,ORD0001440,1,Late delivery,2023-04-03 16:00:23
REV000043,ORD0002492,3,Fast delivery,2024-08-19 02:04:41
REV000044,ORD0001275,4,,2024-11-21 02:52:17
REV000045,ORD0002868,4,Great product,2023-07-15 04:21:41
REV000046,ORD0000624,1,,2023-03-27 05:11:04
REV000047,ORD0002076,5,Poor quality,2024-08-27 21:31:01
REV000048,ORD0001014,1,Not as expected,2023-01-09 14:33:09
REV000049,ORD0002396,1,Exactly what I needed,2024-03-28 23:23:45
REV000050,ORD0002860,5,Fast delivery,2023-09-23 18:56:53
REV000051,ORD0002284,5,Great product,2024-11-01 09:23:48
REV000052,ORD0000416,1,Poor quality,2023-10-11 01:42:22
REV000053,ORD0000451,5,Not as expected,2024-08-21 18:57:51
REV000054,ORD0000583,5,,2024-01-31 21:42:19
REV000055,ORD0000471,5,Poor quality,2023-08-04 08:47:17
REV000056,ORD0000135,5,,2023-10-26 12:18:11
REV000057,ORD0001373,5,Exactly what I needed,2024-03-14 05:19:12
REV000058,ORD0002418,4,,2024-05-28 16:01:02
REV000059,ORD0002018,5,,2024-04-27 06:00:08
REV000060,ORD0000054,3,Not as expected,2023-03-06 16:33:53
REV000061,ORD0000351,4,Not as expected,2023-11-15 21:08:26
REV000062,ORD0000763,5,Exactly what I needed,2023-10-30 07:41:03
REV000063,ORD0002802,4,Poor quality,2023-05-24 02:09:16
REV000064,ORD0001069,4,Poor quality,2024-06-01 20:04:14
REV000065,ORD0002763,5,Not as expected,2024-02-03 09:24:06
REV000066,ORD0001149,5,,2024-01-27 00:42:29
REV000067,ORD0000621,5,,2023-10-24 19:41:05
REV000068,ORD0002878,5,Fast delivery,2023-08-16 09:30:34
REV000069,ORD0000808,4,Exactly what I needed,2024-01-29 06:20:36
REV000070,ORD0001624,5,Not as expected,2023-11-02 23:17:23
REV000071,ORD0000029,4,Fast delivery,2024-12-28 07:16:35
REV000072,ORD0002863,5,Poor quality,2023-09-24 16:46:37
REV000073,ORD0000582,4,Would buy again,2023-08-19 04:58:39
REV000074,ORD0001306,5,Exactly what I needed,2023-09-14 08:59:19
REV000075,ORD0001700,3,Great product,2024-10-04 02:08:59
REV000076,ORD0002006,4,Exactly what I needed,2024-09-02 01:29:46
REV000077,ORD0000963,3,,2023-06-03 01:04:43
REV000078,ORD0000734,5,Not as expected,2024-11-11 16:53:43
REV000079,ORD0002856,4,Not as expected,2024-06-03 23:30:11
REV000080,ORD0000690,5,Exactly what I needed,2023-12-30 01:05:59
REV000081,ORD0002443,3,Poor quality,2024-09-13 00:24:47
REV000082,ORD0000503,5,Poor quality,2023-05-03 03:11:49
REV000083,ORD0001849,4,Would buy again,2023-09-15 22:25:30
REV000084,ORD0000423,4,Great product,2023-05-12 06:02:46
REV000085,ORD0000672,4,Exactly what I needed,2024-12-06 22:18:41
REV000086,ORD0001022,5,Fast delivery,2023-07-14 04:36:26
REV000087,ORD0000764,4,Great product,2024-09-27 04:33:42
REV000088,ORD0000215,5,,2024-04-05 07:00:00
REV000089,ORD0002449,5,Great product,2024-07-12 08:27:29
REV000090,ORD0001324,5,Great product,2024-05-16 07:09:36
REV000091,ORD0001353,4,Fast delivery,2023-10-26 22:21:26
REV000092,ORD0001254,5,Late delivery,2023-03-17 00:29:34
REV000093,ORD0000007,5,Poor quality,2023-10-22 16:13:57
REV000094,ORD0002543,5,Late delivery,2023-05-31 11:17:24
REV000095,ORD0000799,4,,2023-10-09 05:17:28
REV000096,ORD0001145,3,,2023-09-10 17:28:37
REV000097,ORD0000939,5,Fast delivery,2024-04-17 20:00:13
REV000098,ORD0001543,5,,2023-01-06 13:18:01
REV000099,ORD0002091,4,Not as expected,2024-12-23 03:18:46
REV000100,ORD0002623,3,Not as expected,2023-06-26 08:28:20
REV000101,ORD0002212,5,Fast delivery,2024-07-30 13:52:09
REV000102,ORD0001707,4,Late delivery,2024-02-03 04:40:54
REV000103,ORD0002346,4,Late delivery,2023-09-08 06:36:45
REV000104,ORD0000432,5,Not as expected,2024-07-28 20:08:28
REV000105,ORD0002903,2,,2024-11-09 13:28:40
REV000106,ORD0002254,5,Great product,2023-01-09 17:45:37
REV000107,ORD0000226,3,Not as expected,2024-11-03 01:11:52
REV000108,ORD0000880,2,Poor quality,2024-04-14 14:35:02
REV000109,ORD0000113,1,Poor quality,2023-02-12 08:42:16
REV000110,ORD0001606,4,Not as expected,2023-10-20 11:46:52
REV000111,ORD0001677,4,Great product,2023-05-09 03:59:25
REV000112,ORD0001524,5,Exactly what I needed,2024-03-15 05:15:06
REV000113,ORD0002929,3,Great product,2024-09-10 15:35:32
REV000114,ORD0002814,4,Poor quality,2023-08-03 06:13:43
REV000115,ORD0002367,1,Great product,2023-12-25 16:57:10
REV000116,ORD0000815,4,Fast delivery,2023-09-30 07:47:36
REV000117,ORD0000080,5,Fast delivery,2023-04-05 18:58:01
REV000118,ORD0000110,5,,2024-12-24 18:39:29
REV000119,ORD0002596,4,Poor quality,2023-02-13 20:29:53
REV000120,ORD0002491,5,Great product,2024-11-01 13:17:24
REV000121,ORD0000158,5,Poor quality,2024-01-30 11:28:49
REV000122,ORD0002968,5,Not as expected,2023-07-09 07:25:46
REV000123,ORD0002081,4,Poor quality,2024-08-31 08:28:02
REV000124,ORD0002760,5,Exactly what I needed,2024-10-28 12:31:19
REV000125,ORD0001970,2,Not as expected,2024-02-03 10:32:22
REV000126,ORD0001310,5,,2023-04-21 22:19:36
REV000127,ORD0002626,4,Fast delivery,2024-04-15 14:34:00
REV000128,ORD0001357,3,Not as expected,2023-12-28 06:17:38
REV000129,ORD0002924,4,Not as expected,2023-05-28 04:11:17
REV000130,ORD0001840,4,Poor quality,2024-10-26 09:58:48
REV000131,ORD0001574,3,Would buy again,2024-04-04 21:44:27
REV000132,ORD0000328,5,Would buy again,2024-05-02 01:24:37
REV000133,ORD0000959,4,Exactly what I needed,2024-12-04 17:51:13
REV000134,ORD0001089,5,Not as expected,2024-07-24 10:56:37
REV000135,ORD0000745,5,,2023-02-16 19:13:53
REV000136,ORD0002279,5,,2023-09-23 22:54:28
REV000137,ORD0000534,5,,2023-11-02 04:47:56
REV000138,ORD0000946,4,Not as expected,2024-08-04 22:20:22
REV000139,ORD0000790,5,Fast delivery,2023-10-17 18:06:49
REV000140,ORD0001120,4,Late delivery,2023-07-26 13:06:33
REV000141,ORD0001106,1,Fast delivery,2024-06-26 06:07:41
REV000142,ORD0002922,4,Poor quality,2024-03-21 17:29:42
REV000143,ORD0000085,4,Great product,2024-07-13 02:33:10
REV000144,ORD0002844,4,,2024-11-27 22:15:39
REV000145,ORD0001028,4,Fast delivery,2024-04-22 17:12:58
REV000146,ORD0001944,5,,2023-11-29 20:42:05
REV000147,ORD0000369,1,Poor quality,2024-01-04 16:05:47
REV000148,ORD0002976,4,Great product,2024-10-26 04:23:17
REV000149,ORD0000704,4,Fast delivery,2023-09-05 17:58:09
REV000150,ORD0001987,5,Not as expected,2024-01-05 20:18:20
REV000151,ORD0000545,5,Fast delivery,2024-01-19 05:11:39
REV000152,ORD0000046,4,,2023-05-15 03:03:55
REV000153,ORD0001420,2,,2024-06-01 23:36:43
REV000154,ORD0000330,5,,2024-07-18 01:23:19
REV000155,ORD0002949,3,,2024-01-30 21:41:25
REV000156,ORD0002471,5,Late delivery,2023-09-22 06:52:44
REV000157,ORD0001460,1,Poor quality,2023-03-03 03:57:54
REV000158,ORD0001167,5,Poor quality,2023-10-17 18:09:59
REV000159,ORD0000400,5,,2024-08-03 08:42:41
REV000160,ORD0001190,5,Late delivery,2023-11-24 04:40:09
REV000161,ORD0002331,3,Poor quality,2024-04-24 18:37:22
REV000162,ORD0002980,4,Not as expected,2024-03-03 03:43:20
REV000163,ORD0001741,5,Fast delivery,2024-08-27 20:33:34
REV000164,ORD0000480,4,Would buy again,2023-06-03 07:44:00
REV000165,ORD0002637,1,Not as expected,2023-09-23 08:01:48
REV000166,ORD0000364,4,Would buy again,2023-05-25 12:30:14
REV000167,ORD0000324,3,Poor quality,2024-12-29 12:24:13
REV000168,ORD0000613,3,Not as expected,2023-01-28 05:56:25
REV000169,ORD0002162,4,Not as expected,2024-02-27 20:48:53
REV000170,ORD0002995,5,Would buy again,2023-02-02 15:02:39
REV000171,ORD0000602,5,,2024-09-03 03:48:03
REV000172,ORD0001304,3,,2023-03-20 16:00:32
REV000173,ORD0001685,1,,2024-03-25 18:58:20
REV000174,ORD0002628,3,,2023-12-11 23:08:32
REV000175,ORD0000368,1,,2024-04-11 03:00:44
REV000176,ORD0002446,5,Great product,2023-02-02 08:04:41
REV000177,ORD0001617,5,Poor quality,2024-02-14 15:28:18
REV000178,ORD0000709,5,Not as expected,2023-03-20 18:03:15
REV000179,ORD0000988,5,Poor quality,2023-04-10 20:10:22
REV000180,ORD0000551,5,Poor quality,2023-11-07 03:31:27
REV000181,ORD0002602,1,Late delivery,2023-01-23 14:17:28
REV000182,ORD0001649,3,,2023-08-03 07:16:47
REV000183,ORD0002182,5,Late delivery,2024-10-31 02:17:13
REV000184,ORD0001713,2,Fast delivery,2023-11-09 04:57:24
REV000185,ORD0002945,5,Great product,2023-12-16 21:58:51
REV000186,ORD0001505,3,,2023-02-16 20:21:49
REV000187,ORD0000366,5,Poor quality,2024-06-23 12:54:06
REV000188,ORD0000789,4,Exactly what I needed,2024-09-07 07:56:43
REV000189,ORD0001916,5,Late delivery,2024-04-16 11:43:34
REV000190,ORD0001953,1,Not as expected,2023-02-07 05:01:24
REV000191,ORD0000584,3,Not as expected,2024-03-24 15:07:12
REV000192,ORD0001941,5,,2024-03-27 09:01:58
REV000193,ORD0001622,5,,2024-12-17 23:23:27
REV000194,ORD0002736,5,Exactly what I needed,2023-07-28 05:07:55
REV000195,ORD0002462,5,Great product,2023-01-05 05:13:25
REV000196,ORD0000017,4,Not as expected,2024-11-14 19:46:43
REV000197,ORD0001455,5,Exactly what I needed,2024-03-31 09:03:17
REV000198,ORD0001480,3,Would buy again,2024-04-25 22:59:44
REV000199,ORD0001464,5,Fast delivery,2023-02-16 16:30:45
REV000200,ORD0002460,3,Poor quality,2024-06-02 10:18:35
REV000201,ORD0000045,5,Great product,2024-09-05 14:41:51
REV000202,ORD0002101,4,,2024-02-16 08:39:09
REV000203,ORD0001154,5,Would buy again,2023-09-08 21:27:18
REV000204,ORD0002703,5,Not as expected,2023-08-19 22:05:23
REV000205,ORD0002119,5,Exactly what I needed,2023-06-20 06:41:24
REV000206,ORD0000845,1,Not as expected,2024-11-28 22:39:13
REV000207,ORD0000440,2,Late delivery,2024-01-13 23:21:36
REV000208,ORD0000061,1,Would buy again,2024-11-18 03:43:15
REV000209,ORD0000886,3,Not as expected,2023-02-14 10:07:05
REV000210,ORD0002865,4,Poor quality,2023-09-07 18:11:06
REV000211,ORD0001268,3,Exactly what I needed,2024-06-13 22:53:31
REV000212,ORD0001678,5,Poor quality,2023-11-28 11:34:25
REV000213,ORD0002436,4,Poor quality,2024-12-21 22:07:38
REV000214,ORD0001092,5,Would buy again,2023-10-17 08:26:21
REV000215,ORD0000882,5,Not as expected,2023-04-08 10:24:28
REV000216,ORD0000235,5,Fast delivery,2023-10-26 04:12:25
REV000217,ORD0001845,5,Exactly what I needed,2023-05-23 13:13:51
REV000218,ORD0001155,4,Not as expected,2023-07-28 20:50:44
REV000219,ORD0002786,5,Would buy again,2024-10-26 23:10:30
REV000220,ORD0002056,5,Not as expected,2024-01-29 22:54:05
REV000221,ORD0002672,5,Late delivery,2023-09-08 09:08:36
REV000222,ORD0000712,5,,2023-09-20 18:34:19
REV000223,ORD0000193,4,,2023-06-23 04:10:24
REV000224,ORD0002480,5,,2024-12-29 03:46:43
REV000225,ORD0001943,5,Great product,2023-03-07 01:29:11
REV000226,ORD0002645,5,Not as expected,2023-05-19 16:18:04
REV000227,ORD0001661,5,Fast delivery,2023-08-20 12:27:52
REV000228,ORD0002057,3,Fast delivery,2024-12-10 07:13:55
REV000229,ORD0000304,5,Not as expected,2023-02-21 06:49:06
REV000230,ORD0000594,5,Great product,2023-12-15 21:44:53
REV000231,ORD0001919,3,,2024-03-16 09:09:25
REV000232,ORD0002099,5,Poor quality,2023-04-23 13:49:59
REV000233,ORD0002052,5,Not as expected,2024-11-25 22:21:34
REV000234,ORD0002114,4,Not as expected,2023-08-05 18:13:38
REV000235,ORD0002532,4,,2023-09-03 21:37:26
REV000236,ORD0000001,4,Great product,2023-03-12 21:13:32
REV000237,ORD0000277,5,,2023-02-14 00:36:23
REV000238,ORD0002629,4,,2024-07-26 10:00:32
REV000239,ORD0000735,1,Not as expected,2023-08-02 19:50:55
REV000240,ORD0000601,4,Great product,2023-04-24 11:42:08
REV000241,ORD0001660,5,Late delivery,2023-12-18 09:26:56
REV000242,ORD0002547,5,Not as expected,2024-06-05 04:34:34
REV000243,ORD0002315,5,Exactly what I needed,2024-08-19 13:21:30
REV000244,ORD0001446,5,Great product,2023-08-06 21:07:18
REV000245,ORD0000361,5,Fast delivery,2024-07-13 15:55:55
REV000246,ORD0002490,5,Fast delivery,2023-07-16 19:39:48
REV000247,ORD0000208,3,Great product,2023-02-02 00:42:25
REV000248,ORD0001719,5,Exactly what I needed,2023-03-05 08:22:01
REV000249,ORD0000695,1,,2024-09-14 17:38:53
REV000250,ORD0002483,5,Fast delivery,2024-09-01 09:25:57
REV000251,ORD0001246,5,,2024-04-15 08:17:47
REV000252,ORD0001238,5,,2023-11-01 08:24:15
REV000253,ORD0002885,4,Late delivery,2023-07-13 12:57:41
REV000254,ORD0000106,5,Poor quality,2023-04-06 07:43:52
REV000255,ORD0001516,4,Would buy again,2023-11-19 18:17:10
REV000256,ORD0000710,5,Not as expected,2024-11-15 01:27:17
REV000257,ORD0000090,3,,2023-08-02 07:22:48
REV000258,ORD0000823,2,Exactly what I needed,2023-01-11 12:56:41
REV000259,ORD0000153,5,Would buy again,2023-03-20 11:36:41
REV000260,ORD0001728,4,Fast delivery,2024-08-02 21:02:07
REV000261,ORD0001381,5,,2024-12-10 22:09:15
REV000262,ORD0001992,5,Not as expected,2023-11-11 08:43:39
REV000263,ORD0000418,3,Late delivery,2024-04-01 23:56:11
REV000264,ORD0000593,4,Exactly what I needed,2024-03-22 22:51:22
REV000265,ORD0002293,5,Not as expected,2023-12-24 21:23:00
REV000266,ORD0002042,5,Late delivery,2023-07-15 20:57:59
REV000267,ORD0001451,5,,2023-05-25 22:28:12
REV000268,ORD0000849,2,Would buy again,2024-07-19 05:50:11
REV000269,ORD0000895,5,Fast delivery,2023-02-16 05:59:05
REV000270,ORD0002721,4,,2023-01-15 12:17:23
REV000271,ORD0001182,4,Late delivery,2023-08-02 14:51:39
REV000272,ORD0002072,5,Poor quality,2024-11-17 01:17:19
REV000273,ORD0000081,5,,2023-03-04 10:25:54
REV000274,ORD0002664,5,Poor quality,2024-08-11 15:09:20
REV000275,ORD0002294,2,,2023-11-21 12:09:45
REV000276,ORD0000078,3,Not as expected,2024-01-14 05:14:13
REV000277,ORD0000303,5,Exactly what I needed,2024-09-20 06:06:45
REV000278,ORD0000804,5,Late delivery,2023-12-23 02:10:09
REV000279,ORD0001791,4,Not as expected,2024-09-07 15:51:26
REV000280,ORD0000230,5,Fast delivery,2023-04-05 01:59:06
REV000281,ORD0001263,5,Fast delivery,2023-12-24 00:38:30
REV000282,ORD0002307,3,Late delivery,2023-12-20 01:56:42
REV000283,ORD0001206,4,Exactly what I needed,2024-05-31 09:08:20
REV000284,ORD0002998,4,Poor quality,2024-05-16 03:42:12
REV000285,ORD0001059,3,,2023-08-17 07:38:31
REV000286,ORD0000530,5,Not as expected,2024-10-02 19:21:21
REV000287,ORD0000491,4,Exactly what I needed,2023-12-25 06:56:54
REV000288,ORD0001132,5,Would buy again,2024-07-26 19:12:44
REV000289,ORD0000722,4,Not as expected,2023-09-14 16:06:45
REV000290,ORD0001378,4,Would buy again,2023-08-03 18:46:22
REV000291,ORD0001075,5,Would buy again,2023-12-19 19:29:07
REV000292,ORD0002196,5,Not as expected,2024-05-29 13:03:16
REV000293,ORD0000743,4,Fast delivery,2024-03-10 09:49:02
REV000294,ORD0001858,5,Poor quality,2023-08-02 14:06:41
REV000295,ORD0000406,3,,2023-05-12 09:37:40
REV000296,ORD0002292,2,,2024-02-14 02:58:32
REV000297,ORD0002406,5,Fast delivery,2023-04-30 15:02:03
REV000298,ORD0002927,4,Would buy again,2024-10-23 03:52:36
REV000299,ORD0000124,4,Exactly what I needed,2024-07-17 23:25:46
REV000300,ORD0001205,3,Not as expected,2023-06-23 00:59:09
REV000301,ORD0001308,5,Fast delivery,2024-07-06 04:45:41
REV000302,ORD0001876,5,,2024-01-19 05:35:28
REV000303,ORD0001614,5,,2023-06-19 17:28:54
REV000304,ORD0002390,3,,2024-05-08 03:31:30
REV000305,ORD0000733,5,Late delivery,2023-02-10 03:47:53
REV000306,ORD0000694,5,Poor quality,2024-11-05 19:01:55
REV000307,ORD0002314,5,Exactly what I needed,2024-01-19 21:29:29
REV000308,ORD0001744,4,Would buy again,2024-04-26 08:53:45
REV000309,ORD0000640,5,Poor quality,2023-08-23 18:06:03
REV000310,ORD0001459,4,Fast delivery,2024-07-26 06:07:02
REV000311,ORD0002300,5,Not as expected,2024-04-07 19:19:51
REV000312,ORD0001216,4,Great product,2024-04-25 07:22:41
REV000313,ORD0001946,4,Not as expected,2023-12-08 03:26:48
REV000314,ORD0002610,4,Great product,2024-06-27 03:08:33
REV000315,ORD0000076,3,Not as expected,2023-09-27 14:12:51
REV000316,ORD0002874,5,,2024-03-30 13:21:42
REV000317,ORD0000639,4,Would buy again,2023-02-12 00:01:09
REV000318,ORD0000473,4,Late delivery,2023-04-09 01:28:54
REV000319,ORD0001924,5,Late delivery,2024-06-04 22:28:37
REV000320,ORD0001750,1,Late delivery,2024-03-07 13:00:35
REV000321,ORD0002435,3,Late delivery,2023-06-27 01:13:08
REV000322,ORD0002608,4,Great product,2023-10-24 12:12:45
REV000323,ORD0002407,5,Would buy again,2024-03-18 17:48:19
REV000324,ORD0002425,4,Late delivery,2023-10-11 10:48:03
REV000325,ORD0001489,5,Not as expected,2023-09-13 04:14:00
REV000326,ORD0002557,5,Fast delivery,2023-08-13 02:27:49
REV000327,ORD0002719,5,Would buy again,2023-10-23 20:23:02
REV000328,ORD0002957,5,Would buy again,2023-08-07 05:42:46
REV000329,ORD0000925,4,Poor quality,2024-04-09 01:46:12
REV000330,ORD0000187,5,,2024-06-17 02:41:58
REV000331,ORD0001074,5,Great product,2024-07-24 22:36:41
REV000332,ORD0001097,4,Great product,2024-11-08 12:20:53
REV000333,ORD0000910,1,Late delivery,2023-11-15 01:36:41
REV000334,ORD0000354,4,Would buy again,2024-06-13 10:02:43
REV000335,ORD0002632,3,Late delivery,2024-07-24 11:44:29
REV000336,ORD0002499,3,Fast delivery,2024-09-20 08:51:35
REV000337,ORD0001917,4,Not as expected,2023-06-01 19:50:53
REV000338,ORD0001230,5,Great product,2023-09-14 14:48:53
REV000339,ORD0002778,3,Late delivery,2023-07-28 00:04:39
REV000340,ORD0001610,5,Not as expected,2024-04-26 09:26:28
REV000341,ORD0001012,5,,2024-07-27 15:31:43
REV000342,ORD0002642,5,Great product,2023-11-06 09:52:10
REV000343,ORD0002538,4,Poor quality,2023-09-04 20:27:12
REV000344,ORD0001476,4,,2024-04-18 03:26:40
REV000345,ORD0002905,3,Great product,2024-11-02 23:03:59
REV000346,ORD0000205,3,Not as expected,2024-10-21 16:02:55
REV000347,ORD0001964,3,Great product,2024-11-13 13:31:34
REV000348,ORD0000006,5,Would buy again,2023-09-01 02:41:48
REV000349,ORD0000171,5,Not as expected,2023-11-08 11:27:39
REV000350,ORD0002673,4,Poor quality,2024-02-11 06:22:46
REV000351,ORD0001820,4,,2023-01-02 11:32:38
REV000352,ORD0001175,5,Exactly what I needed,2024-04-21 09:08:44
REV000353,ORD0000252,5,Poor quality,2023-09-06 02:41:25
REV000354,ORD0001914,4,Poor quality,2023-05-24 04:21:32
REV000355,ORD0001001,4,Great product,2023-06-16 07:12:43
REV000356,ORD0000981,4,Poor quality,2023-04-27 05:12:02
REV000357,ORD0002328,5,,2023-09-23 06:55:37
REV000358,ORD0001997,5,Would buy again,2023-12-30 17:17:21
REV000359,ORD0000890,4,,2024-09-25 09:03:28
REV000360,ORD0001337,4,Fast delivery,2023-11-12 04:27:01
REV000361,ORD0000470,4,,2024-12-19 15:06:26
REV000362,ORD0000100,5,,2024-12-16 12:29:37
REV000363,ORD0002374,5,,2024-07-24 03:36:32
REV000364,ORD0002928,4,Would buy again,2023-08-25 03:03:27
REV000365,ORD0002377,3,,2023-03-12 04:13:25
REV000366,ORD0000819,5,Not as expected,2023-11-19 16:51:48
REV000367,ORD0000861,5,Would buy again,2024-03-17 19:15:04
REV000368,ORD0002812,5,Fast delivery,2024-10-25 17:53:54
REV000369,ORD0002133,5,Poor quality,2024-12-15 15:51:07
REV000370,ORD0001709,5,Exactly what I needed,2024-06-22 04:14:31
REV000371,ORD0002103,5,Would buy again,2024-09-25 18:23:55
REV000372,ORD0000984,5,Great product,2023-09-11 01:04:30
REV000373,ORD0002384,5,,2023-10-11 14:03:13
REV000374,ORD0002144,5,Exactly what I needed,2024-03-13 04:36:23
REV000375,ORD0001322,5,Exactly what I needed,2024-04-15 00:38:27
REV000376,ORD0002356,5,Not as expected,2024-08-15 02:51:53
REV000377,ORD0002992,2,Exactly what I needed,2023-03-29 11:55:24
REV000378,ORD0001045,5,Not as expected,2023-01-06 07:02:33
REV000379,ORD0001571,5,,2024-12-19 11:48:16
REV000380,ORD0002535,4,Fast delivery,2023-10-19 23:44:51
REV000381,ORD0000997,5,Great product,2023-09-30 16:46:22
REV000382,ORD0001608,5,Exactly what I needed,2023-12-16 05:31:13
REV000383,ORD0001541,2,,2023-05-30 11:17:14
REV000384,ORD0001593,5,Late delivery,2024-10-02 19:12:19
REV000385,ORD0000947,5,Late delivery,2024-04-02 08:32:19
REV000386,ORD0002389,4,,2023-02-25 06:58:09
REV000387,ORD0000274,5,Poor quality,2024-08-18 05:53:40
REV000388,ORD0002241,4,Great product,2023-05-29 02:54:35
REV000389,ORD0002353,5,,2024-07-27 11:12:54
REV000390,ORD0000204,4,Not as expected,2024-08-24 21:03:22
REV000391,ORD0000172,5,Would buy again,2024-10-04 02:42:37
REV000392,ORD0002386,4,,2023-02-05 11:42:35
REV000393,ORD0000481,4,Not as expected,2023-08-17 19:50:58
REV000394,ORD0002050,5,,2023-11-22 18:48:08
REV000395,ORD0000002,4,Great product,2023-02-14 13:06:36
REV000396,ORD0002809,5,,2023-11-11 22:20:47
REV000397,ORD0002866,4,Not as expected,2023-11-19 11:59:57
REV000398,ORD0002572,5,,2023-07-05 18:11:06
REV000399,ORD0000656,5,,2023-10-07 11:27:04
REV000400,ORD0000387,1,Exactly what I needed,2024-11-27 12:47:50
REV000401,ORD0002126,5,,2024-03-11 10:21:00
REV000402,ORD0002421,3,Would buy again,2023-10-09 13:43:23
REV000403,ORD0002561,4,Late delivery,2023-03-23 10:09:19
REV000404,ORD0001454,3,,2024-05-03 11:18:46
REV000405,ORD0000507,5,Exactly what I needed,2023-02-08 04:27:22
REV000406,ORD0001114,5,Fast delivery,2024-03-06 22:40:57
REV000407,ORD0000262,5,,2024-07-22 11:49:43
REV000408,ORD0002513,5,Fast delivery,2023-12-10 03:22:22
REV000409,ORD0002005,5,Exactly what I needed,2024-11-16 23:41:03
REV000410,ORD0000839,5,Late delivery,2023-08-30 10:46:57
REV000411,ORD0001137,4,Great product,2024-02-18 17:14:20
REV000412,ORD0002152,5,Great product,2023-07-17 23:56:29
REV000413,ORD0001607,5,Not as expected,2024-05-16 07:54:17
REV000414,ORD0000131,4,Great product,2024-01-10 09:30:09
REV000415,ORD0001850,5,Great product,2024-09-21 06:22:35
REV000416,ORD0002754,3,Would buy again,2024-05-13 17:02:23
REV000417,ORD0001862,5,Exactly what I needed,2024-11-21 10:19:13
REV000418,ORD0001993,3,Fast delivery,2024-07-30 08:28:42
REV000419,ORD0001281,1,Great product,2023-01-24 13:42:38
REV000420,ORD0001188,5,Exactly what I needed,2024-06-04 10:03:46
REV000421,ORD0001499,4,Would buy again,2024-04-09 02:20:10
REV000422,ORD0000074,4,Great product,2024-09-24 06:51:50
REV000423,ORD0001984,5,Would buy again,2023-08-05 15:06:27
REV000424,ORD0001487,5,Would buy again,2023-07-24 18:03:21
REV000425,ORD0001620,5,Fast delivery,2023-05-15 22:30:37
REV000426,ORD0002061,4,Late delivery,2023-01-07 14:47:06
REV000427,ORD0001749,4,Exactly what I needed,2023-05-30 12:40:21
REV000428,ORD0002247,5,,2023-04-14 23:49:01
REV000429,ORD0000108,5,Late delivery,2024-03-26 00:45:33
REV000430,ORD0001207,5,Poor quality,2023-05-03 06:54:44
REV000431,ORD0002007,5,Would buy again,2023-04-11 20:56:37
REV000432,ORD0002032,5,Would buy again,2024-03-21 11:50:44
REV000433,ORD0002345,5,Not as expected,2024-07-31 22:19:56
REV000434,ORD0000218,5,Great product,2024-01-30 23:22:22
REV000435,ORD0000236,5,Exactly what I needed,2024-02-27 01:48:37
REV000436,ORD0002665,5,Not as expected,2024-03-10 18:48:03
REV000437,ORD0000778,5,Late delivery,2023-07-27 03:28:54
REV000438,ORD0002734,5,Great product,2024-12-18 07:52:57
REV000439,ORD0002183,5,Exactly what I needed,2023-03-07 10:12:21
REV000440,ORD0001486,5,Would buy again,2024-11-21 09:08:15
REV000441,ORD0002360,4,Fast delivery,2023-08-20 12:22:34
REV000442,ORD0002648,4,Poor quality,2023-01-27 00:51:23
REV000443,ORD0002215,5,Exactly what I needed,2023-09-21 16:25:07
REV000444,ORD0001887,5,Exactly what I needed,2024-10-08 00:56:15
REV000445,ORD0000293,1,Exactly what I needed,2023-05-29 17:41:15
REV000446,ORD0002369,1,Exactly what I needed,2023-07-11 18:19:55
REV000447,ORD0000370,5,Late delivery,2024-11-01 15:46:24
REV000448,ORD0001023,4,Exactly what I needed,2024-01-18 22:38:26
REV000449,ORD0002550,5,Great product,2023-09-16 10:40:07
REV000450,ORD0000766,4,,2023-03-17 13:52:29
REV000451,ORD0000263,5,Late delivery,2023-04-02 12:25:13
REV000452,ORD0002606,4,Great product,2023-12-06 03:53:01
REV000453,ORD0001998,5,,2024-06-22 12:53:24
REV000454,ORD0000225,2,Not as expected,2023-06-23 03:04:47
REV000455,ORD0001332,1,,2023-01-23 17:12:02
REV000456,ORD0002379,5,,2024-01-07 19:11:18
REV000457,ORD0001202,5,Fast delivery,2024-01-19 01:53:30
REV000458,ORD0001594,5,Exactly what I needed,2023-08-30 06:23:40
REV000459,ORD0002616,5,Late delivery,2024-03-14 01:57:50
REV000460,ORD0002415,4,Would buy again,2024-12-02 12:20:57
REV000461,ORD0001597,5,,2023-03-04 08:00:04
REV000462,ORD0000436,4,Not as expected,2024-03-06 08:06:16
REV000463,ORD0001058,5,Fast delivery,2023-03-02 05:44:31
REV000464,ORD0001942,5,Not as expected,2023-12-11 16:44:45
REV000465,ORD0002371,3,Late delivery,2024-07-15 07:25:32
REV000466,ORD0001868,2,Fast delivery,2024-11-21 02:50:34
REV000467,ORD0002317,5,,2024-10-08 13:25:16
REV000468,ORD0000814,1,Great product,2024-08-16 10:13:56
REV000469,ORD0002088,3,Would buy again,2024-04-17 04:35:00
REV000470,ORD0002654,5,Exactly what I needed,2024-12-20 00:09:23
REV000471,ORD0000567,1,,2023-07-16 06:37:26
REV000472,ORD0001603,5,Great product,2023-06-19 05:26:26
REV000473,ORD0002440,4,Late delivery,2023-12-11 17:33:09
REV000474,ORD0002785,1,,2024-11-20 17:08:36
REV000475,ORD0002149,4,Late delivery,2024-06-04 09:54:59
REV000476,ORD0000378,4,Exactly what I needed,2023-02-16 17:47:34
REV000477,ORD0002670,5,Fast delivery,2023-10-29 06:34:08
REV000478,ORD0001013,5,Late delivery,2024-09-17 22:53:18
REV000479,ORD0001531,5,Great product,2024-04-30 03:03:34
REV000480,ORD0000527,4,,2024-10-11 12:20:17
REV000481,ORD0002539,4,Late delivery,2023-03-04 02:50:29
REV000482,ORD0002595,5,,2023-02-13 14:14:21
REV000483,ORD0001141,3,,2023-04-26 13:42:48
REV000484,ORD0002564,5,,2024-02-23 18:17:20
REV000485,ORD0000120,5,Poor quality,2024-01-05 03:35:17
REV000486,ORD0001431,4,Fast delivery,2023-03-22 15:53:33
REV000487,ORD0001189,2,Poor quality,2024-05-05 21:02:08
REV000488,ORD0001352,5,Not as expected,2024-03-06 23:42:12
REV000489,ORD0000950,5,Would buy again,2024-11-22 11:14:58
REV000490,ORD0002890,2,,2023-09-01 06:44:45
REV000491,ORD0001266,5,Great product,2024-04-27 11:44:07
REV000492,ORD0000549,5,Fast delivery,2024-12-30 06:58:16
REV000493,ORD0000445,5,Great product,2023-07-20 23:42:24
REV000494,ORD0001168,5,Late delivery,2024-09-04 20:25:42
REV000495,ORD0000986,5,,2023-03-18 04:29:40
REV000496,ORD0000349,5,Great product,2024-08-18 12:15:27
REV000497,ORD0001714,4,Not as expected,2023-04-08 02:10:17
REV000498,ORD0002787,5,Fast delivery,2023-09-14 12:01:49
REV000499,ORD0001429,1,Late delivery,2024-10-21 13:55:43
REV000500,ORD0000468,5,,2024-05-15 21:54:18
REV000501,ORD0002286,5,Fast delivery,2023-02-19 15:59:38
REV000502,ORD0002431,5,Exactly what I needed,2024-06-29 12:15:06
REV000503,ORD0002400,5,Exactly what I needed,2023-10-11 18:08:47
REV000504,ORD0001042,5,Late delivery,2024-10-24 14:36:09
REV000505,ORD0002834,5,,2024-05-12 18:36:11
REV000506,ORD0000811,5,Poor quality,2023-03-06 01:41:23
REV000507,ORD0001628,4,,2024-10-23 05:39:51
REV000508,ORD0002935,4,Great product,2023-08-03 09:12:34
REV000509,ORD0000184,5,Not as expected,2024-09-19 16:32:42
REV000510,ORD0000571,2,Not as expected,2023-11-22 13:28:17
REV000511,ORD0002553,5,Would buy again,2023-09-01 15:16:06
REV000512,ORD0002556,3,Fast delivery,2024-08-20 06:01:47
REV000513,ORD0002852,2,Not as expected,2024-10-19 19:57:50
REV000514,ORD0001774,5,Fast delivery,2023-08-12 12:36:41
REV000515,ORD0002727,5,Exactly what I needed,2024-05-25 07:11:56
REV000516,ORD0001996,5,,2023-02-06 17:46:33
REV000517,ORD0002287,4,,2024-11-06 09:53:46
REV000518,ORD0000892,5,Great product,2024-01-23 22:39:28
REV000519,ORD0000869,2,,2024-01-18 13:18:46
REV000520,ORD0002912,4,,2024-12-27 18:08:55
REV000521,ORD0001555,4,Fast delivery,2024-12-21 19:46:27
REV000522,ORD0000647,5,Fast delivery,2024-02-13 22:10:40
REV000523,ORD0000501,3,Great product,2023-04-18 06:09:15
REV000524,ORD0002577,3,Would buy again,2024-12-23 00:13:03
REV000525,ORD0000094,3,Exactly what I needed,2024-06-16 18:24:00
REV000526,ORD0000922,5,Exactly what I needed,2024-11-11 12:01:13
REV000527,ORD0002210,3,Not as expected,2024-03-15 19:13:32
REV000528,ORD0001379,4,Fast delivery,2023-09-15 04:50:30
REV000529,ORD0002876,4,Not as expected,2023-12-08 02:29:17
REV000530,ORD0001091,4,Not as expected,2024-02-04 22:18:00
REV000531,ORD0001948,4,Late delivery,2023-08-26 20:31:12
REV000532,ORD0002966,3,,2024-06-24 12:10:30
REV000533,ORD0002316,4,Fast delivery,2023-01-19 17:30:07
REV000534,ORD0000490,4,Great product,2024-11-18 04:20:46
REV000535,ORD0001359,4,Not as expected,2024-10-07 01:13:11
REV000536,ORD0001519,4,,2023-12-19 12:48:27
REV000537,ORD0000411,1,Poor quality,2023-12-18 09:50:28
REV000538,ORD0001315,5,,2024-07-12 04:54:03
REV000539,ORD0002821,4,Exactly what I needed,2023-10-18 03:25:04
REV000540,ORD0000430,4,Late delivery,2024-05-31 02:33:36
REV000541,ORD0002410,4,Late delivery,2024-06-09 22:22:26
REV000542,ORD0002167,4,Exactly what I needed,2023-04-04 11:11:48
REV000543,ORD0002904,5,Not as expected,2024-07-07 11:25:11
REV000544,ORD0001671,5,Fast delivery,2024-04-24 09:13:11
REV000545,ORD0000580,5,Poor quality,2023-05-25 16:06:51
REV000546,ORD0000875,3,Poor quality,2024-03-30 11:32:54
REV000547,ORD0002509,4,,2024-08-28 05:50:40
REV000548,ORD0002194,5,Great product,2024-10-01 19:40:49
REV000549,ORD0000329,5,Great product,2023-10-01 17:42:16
REV000550,ORD0001893,1,Late delivery,2023-12-06 21:00:47
REV000551,ORD0000578,3,Late delivery,2024-05-26 08:29:01
REV000552,ORD0001630,4,Late delivery,2024-02-18 15:52:23
REV000553,ORD0000071,5,Late delivery,2024-02-06 20:24:01
REV000554,ORD0001971,5,Great product,2024-09-08 04:22:18
REV000555,ORD0001761,2,,2024-08-25 12:41:10
REV000556,ORD0000363,4,,2024-06-08 11:07:27
REV000557,ORD0000513,3,Great product,2023-08-04 06:06:58
REV000558,ORD0001131,4,Would buy again,2024-01-18 07:05:21
REV000559,ORD0002519,4,Late delivery,2024-05-07 06:19:57
REV000560,ORD0002653,4,Great product,2023-10-06 09:41:53
REV000561,ORD0001264,4,Would buy again,2024-08-05 06:36:59
REV000562,ORD0001057,5,Fast delivery,2023-04-11 17:59:11
REV000563,ORD0000311,5,Poor quality,2024-01-06 13:06:18
REV000564,ORD0001362,1,Not as expected,2023-07-29 06:38:52
REV000565,ORD0002696,4,,2024-02-05 17:07:56
REV000566,ORD0002221,4,Would buy again,2024-10-03 03:09:02
REV000567,ORD0002958,5,Poor quality,2023-03-14 12:45:01
REV000568,ORD0000245,5,Late delivery,2023-01-06 16:11:00
REV000569,ORD0001931,4,Late delivery,2024-08-13 11:26:43
REV000570,ORD0000632,5,Great product,2024-04-29 20:56:13
REV000571,ORD0001982,3,Poor quality,2023-01-07 12:13:29
REV000572,ORD0002330,5,,2023-12-26 02:40:09
REV000573,ORD0002427,3,Late delivery,2024-07-24 17:42:57
REV000574,ORD0001203,3,Fast delivery,2024-01-28 11:39:30
REV000575,ORD0002341,4,Great product,2024-12-20 09:57:31
REV000576,ORD0001139,4,Poor quality,2024-09-10 10:40:00
REV000577,ORD0000227,5,Fast delivery,2024-11-27 09:42:11
REV000578,ORD0000493,5,,2023-04-20 03:13:06
REV000579,ORD0002113,5,Exactly what I needed,2024-12-01 23:20:50
REV000580,ORD0002135,5,,2024-12-15 04:33:56
REV000581,ORD0002365,2,Would buy again,2023-12-23 17:48:07
REV000582,ORD0000713,4,,2023-10-19 01:09:46
REV000583,ORD0001577,5,Poor quality,2024-04-13 04:11:07
REV000584,ORD0001737,5,Fast delivery,2023-09-26 21:47:17
REV000585,ORD0002706,3,Great product,2024-02-21 04:40:33
REV000586,ORD0002359,5,Late delivery,2023-08-19 21:36:46
REV000587,ORD0000935,2,Fast delivery,2024-02-29 07:45:40
REV000588,ORD0001561,5,,2023-09-08 14:39:55
REV000589,ORD0001842,5,Not as expected,2024-12-24 16:35:50
REV000590,ORD0001031,5,Would buy again,2024-05-22 13:08:11
REV000591,ORD0002660,4,Exactly what I needed,2023-09-27 00:51:52
REV000592,ORD0002075,4,Would buy again,2023-05-11 16:02:18
REV000593,ORD0001701,4,,2024-07-29 05:05:52
REV000594,ORD0001506,4,Not as expected,2023-08-16 15:03:08
REV000595,ORD0002501,4,Not as expected,2023-03-01 21:06:25
REV000596,ORD0002931,5,Not as expected,2023-02-15 01:17:58
REV000597,ORD0000127,5,Would buy again,2023-09-27 10:40:21
REV000598,ORD0000675,5,,2024-07-25 20:16:21
REV000599,ORD0000732,5,Exactly what I needed,2023-05-24 12:01:55
REV000600,ORD0002607,3,Poor quality,2024-09-04 15:40:13
REV000601,ORD0001400,4,Poor quality,2023-04-24 09:27:41
REV000602,ORD0002010,4,Late delivery,2024-06-20 18:19:51
REV000603,ORD0000101,5,,2024-04-22 11:35:52
REV000604,ORD0000914,5,Poor quality,2023-10-19 22:34:16
REV000605,ORD0001222,4,Would buy again,2023-11-17 07:40:51
REV000606,ORD0000785,4,Exactly what I needed,2023-10-05 12:46:27
REV000607,ORD0001419,5,Late delivery,2023-01-06 11:10:32
REV000608,ORD0001535,4,Late delivery,2023-10-24 17:39:34
REV000609,ORD0000868,3,,2023-05-31 00:10:48
REV000610,ORD0002858,5,Late delivery,2024-09-19 13:41:40
REV000611,ORD0002757,5,Not as expected,2024-01-07 17:04:23
REV000612,ORD0001945,5,Late delivery,2024-05-25 06:22:37
REV000613,ORD0001592,5,Would buy again,2023-12-30 01:43:22
REV000614,ORD0000242,5,,2023-12-15 19:50:10
REV000615,ORD0001967,5,Exactly what I needed,2024-03-27 22:29:10
REV000616,ORD0002137,2,Great product,2023-02-08 17:05:25
REV000617,ORD0002013,3,Would buy again,2024-11-21 05:03:28
REV000618,ORD0001611,5,Late delivery,2023-10-20 07:19:04
REV000619,ORD0001947,3,Great product,2023-05-18 06:00:13
REV000620,ORD0000995,2,,2024-01-06 02:57:39
REV000621,ORD0001715,1,Not as expected,2024-12-03 21:30:04
REV000622,ORD0002262,3,Late delivery,2023-11-21 06:51:46
REV000623,ORD0002594,5,Not as expected,2024-12-20 08:05:01
REV000624,ORD0001467,5,Poor quality,2024-03-05 21:51:12
REV000625,ORD0002549,3,Poor quality,2024-01-01 22:51:56
REV000626,ORD0000181,5,Not as expected,2023-06-15 22:52:58
REV000627,ORD0002168,5,Great product,2024-08-30 22:38:34
REV000628,ORD0001262,5,Fast delivery,2024-05-06 15:46:22
REV000629,ORD0002540,5,Not as expected,2024-05-31 22:47:19
REV000630,ORD0001002,4,Poor quality,2024-11-10 06:07:56
REV000631,ORD0001165,5,Poor quality,2023-04-24 05:31:30
REV000632,ORD0002015,4,Great product,2023-03-13 20:31:14
REV000633,ORD0001822,5,Poor quality,2024-08-30 12:57:56
REV000634,ORD0001915,4,,2023-10-19 07:12:56
REV000635,ORD0001054,5,,2024-08-19 18:35:20
REV000636,ORD0000429,4,Great product,2024-02-24 05:31:39
REV000637,ORD0002846,5,Great product,2023-01-30 04:00:48
REV000638,ORD0001227,3,Not as expected,2024-12-12 23:08:17
REV000639,ORD0001758,3,Exactly what I needed,2024-10-02 10:20:18
REV000640,ORD0000803,5,Late delivery,2024-05-14 22:36:51
REV000641,ORD0002481,4,Exactly what I needed,2024-05-17 02:20:18
REV000642,ORD0001239,4,Late delivery,2024-11-03 02:31:57
REV000643,ORD0001218,5,Fast delivery,2023-07-18 19:02:35
REV000644,ORD0002917,5,Poor quality,2023-04-13 23:30:41
REV000645,ORD0000148,3,Not as expected,2023-12-14 10:56:12
REV000646,ORD0000359,5,Exactly what I needed,2024-10-11 17:41:11
REV000647,ORD0000724,5,Exactly what I needed,2024-06-14 07:34:39
REV000648,ORD0002267,5,Exactly what I needed,2023-03-29 14:11:37
REV000649,ORD0000115,4,Great product,2024-08-27 22:39:17
REV000650,ORD0000730,4,Exactly what I needed,2023-12-27 21:11:09
REV000651,ORD0000271,4,Exactly what I needed,2024-06-10 12:07:30
REV000652,ORD0001243,5,,2023-01-20 03:04:44
REV000653,ORD0002741,5,Not as expected,2024-01-01 19:30:50
REV000654,ORD0002536,4,Poor quality,2024-02-04 13:55:20
REV000655,ORD0000596,4,Late delivery,2024-08-31 22:44:11
REV000656,ORD0000221,4,Exactly what I needed,2024-01-15 03:03:45
REV000657,ORD0001817,3,Poor quality,2024-12-04 21:49:12
REV000658,ORD0002714,4,,2023-10-02 08:29:49
REV000659,ORD0002766,4,Exactly what I needed,2023-12-27 01:51:50
REV000660,ORD0000232,3,Would buy again,2023-07-11 07:53:31
REV000661,ORD0000279,5,Late delivery,2023-09-03 10:02:01
REV000662,ORD0001374,5,Would buy again,2023-09-01 21:48:24
REV000663,ORD0001473,4,Would buy again,2024-03-31 22:25:06
REV000664,ORD0001875,5,Poor quality,2023-06-06 13:36:43
REV000665,ORD0000679,5,Fast delivery,2023-09-06 12:46:42
REV000666,ORD0002339,3,Not as expected,2024-11-04 09:39:45
REV000667,ORD0001421,4,Great product,2023-11-20 06:56:45
REV000668,ORD0001576,5,Poor quality,2023-03-21 20:56:12
REV000669,ORD0001287,5,Fast delivery,2024-04-06 15:04:54
REV000670,ORD0000559,3,,2023-09-24 01:14:35
REV000671,ORD0000700,1,Exactly what I needed,2024-09-25 16:53:41
REV000672,ORD0001864,2,Would buy again,2024-04-22 20:01:38
REV000673,ORD0000322,1,Great product,2024-10-30 19:48:42
REV000674,ORD0000566,4,Not as expected,2023-10-04 20:04:13
REV000675,ORD0001717,2,Fast delivery,2024-10-30 12:44:01
REV000676,ORD0002248,4,,2024-07-23 03:31:16
REV000677,ORD0000075,4,Not as expected,2024-11-05 03:47:04
REV000678,ORD0001900,4,Great product,2023-01-12 12:46:27
REV000679,ORD0001523,5,,2023-02-22 12:58:52
REV000680,ORD0000145,3,Fast delivery,2024-04-20 10:02:30
REV000681,ORD0000220,5,Not as expected,2023-03-14 23:12:16
REV000682,ORD0001585,5,Not as expected,2024-08-27 03:53:02
REV000683,ORD0001873,5,Fast delivery,2024-05-13 12:15:49
REV000684,ORD0002803,5,,2024-07-11 00:24:09
REV000685,ORD0002100,4,Would buy again,2024-05-17 15:40:11
REV000686,ORD0000966,5,Fast delivery,2024-01-18 03:38:55
REV000687,ORD0000844,4,Would buy again,2024-04-12 18:51:33
REV000688,ORD0002132,5,,2023-10-26 14:48:35
REV000689,ORD0002160,4,,2024-03-29 12:14:22
REV000690,ORD0002159,5,Fast delivery,2024-06-05 23:30:02
REV000691,ORD0000037,2,Would buy again,2024-02-12 03:58:19
REV000692,ORD0001756,5,Exactly what I needed,2024-08-14 02:45:51
REV000693,ORD0002305,5,Would buy again,2024-12-06 06:05:57
REV000694,ORD0001883,5,Poor quality,2024-05-01 11:47:33
REV000695,ORD0000964,2,Poor quality,2024-10-05 00:45:13
REV000696,ORD0000812,1,Poor quality,2023-06-11 04:27:09
REV000697,ORD0002372,4,,2023-09-09 08:04:04
REV000698,ORD0000526,4,Would buy again,2023-02-26 03:51:56
REV000699,ORD0002952,3,Fast delivery,2024-07-13 07:22:31
REV000700,ORD0002986,5,Poor quality,2024-01-19 23:07:47
REV000701,ORD0002082,4,,2023-08-29 18:29:45
REV000702,ORD0000327,5,,2023-04-23 20:55:38
REV000703,ORD0001811,5,Not as expected,2024-10-14 12:13:21
REV000704,ORD0002971,2,Exactly what I needed,2024-10-29 06:13:12
REV000705,ORD0000807,3,,2023-03-13 08:33:34
REV000706,ORD0001384,5,Great product,2023-03-10 04:29:52
REV000707,ORD0002864,5,Would buy again,2023-11-22 08:57:49
REV000708,ORD0002482,4,Not as expected,2024-02-11 06:41:52
REV000709,ORD0002203,5,,2023-09-28 07:43:42
REV000710,ORD0000434,5,,2023-10-24 08:38:58
REV000711,ORD0001457,5,Exactly what I needed,2024-04-27 01:25:46
REV000712,ORD0000392,4,Fast delivery,2023-04-24 12:08:13
REV000713,ORD0000779,5,Poor quality,2023-05-27 02:26:53
REV000714,ORD0001773,1,,2024-10-03 03:37:22
REV000715,ORD0002693,4,Poor quality,2023-04-26 16:53:20
REV000716,ORD0002071,5,Poor quality,2023-03-11 05:08:25
REV000717,ORD0002043,5,Great product,2023-08-30 05:53:59
REV000718,ORD0000401,5,,2024-02-25 10:53:40
REV000719,ORD0002950,2,Exactly what I needed,2023-07-30 02:58:04
REV000720,ORD0000096,1,Poor quality,2024-11-12 19:02:22
REV000721,ORD0002875,4,Not as expected,2024-12-01 21:51:01
REV000722,ORD0000860,5,Late delivery,2023-12-01 05:11:30
REV000723,ORD0001929,5,Not as expected,2024-07-27 09:19:27
REV000724,ORD0001852,4,Fast delivery,2024-07-24 18:05:42
REV000725,ORD0000065,5,Fast delivery,2023-07-30 13:38:34
REV000726,ORD0001101,5,Poor quality,2024-02-10 08:02:48
REV000727,ORD0000905,3,Late delivery,2024-04-10 22:55:03
REV000728,ORD0002612,4,Late delivery,2024-04-11 13:54:19
REV000729,ORD0000850,5,,2024-11-20 04:52:00
REV000730,ORD0001195,4,Exactly what I needed,2024-09-25 01:17:45
REV000731,ORD0001453,2,Poor quality,2023-01-25 19:16:42
REV000732,ORD0002463,5,Would buy again,2024-06-09 04:57:47
REV000733,ORD0000258,2,Poor quality,2023-01-24 23:27:56
REV000734,ORD0001669,1,Great product,2024-12-19 17:16:07
REV000735,ORD0000843,5,,2024-05-03 15:28:04
REV000736,ORD0002170,5,Not as expected,2023-03-25 15:03:18
REV000737,ORD0002692,5,Exactly what I needed,2024-09-17 09:18:00
REV000738,ORD0002067,4,Poor quality,2023-08-21 10:16:44
REV000739,ORD0000992,5,Fast delivery,2023-07-14 23:23:50
REV000740,ORD0002349,5,Exactly what I needed,2023-02-22 15:17:10
REV000741,ORD0002064,5,Late delivery,2023-04-06 20:31:28
REV000742,ORD0002296,3,Would buy again,2024-10-31 22:48:39
REV000743,ORD0002638,4,Late delivery,2023-10-20 15:53:19
REV000744,ORD0000166,3,Great product,2023-12-09 15:22:27
REV000745,ORD0002744,3,,2023-12-24 07:39:13
REV000746,ORD0001898,4,Would buy again,2024-06-09 07:33:09
REV000747,ORD0001317,4,Not as expected,2024-10-14 10:13:52
REV000748,ORD0001087,2,Fast delivery,2024-04-16 06:00:03
REV000749,ORD0002235,4,Great product,2023-08-19 01:37:19
REV000750,ORD0000318,5,Not as expected,2023-04-22 19:34:27
REV000751,ORD0002681,4,Exactly what I needed,2024-06-16 09:10:46
REV000752,ORD0000309,3,,2023-10-02 07:15:10
REV000753,ORD0002189,1,,2024-03-08 05:23:56
REV000754,ORD0000056,5,,2023-06-03 19:38:57
REV000755,ORD0002486,4,Not as expected,2023-12-12 04:59:32
REV000756,ORD0002888,4,Exactly what I needed,2024-04-23 23:02:01
REV000757,ORD0001787,5,Would buy again,2023-11-18 01:39:44
REV000758,ORD0002308,3,,2023-10-05 04:50:53
REV000759,ORD0002234,4,,2024-06-01 08:16:28
REV000760,ORD0000443,4,Poor quality,2023-05-11 11:57:29
REV000761,ORD0002388,2,,2024-07-31 20:56:30
REV000762,ORD0000636,4,Poor quality,2023-06-09 06:55:01
REV000763,ORD0002298,5,Fast delivery,2023-10-22 23:29:34
REV000764,ORD0000456,4,Late delivery,2024-06-15 03:53:53
REV000765,ORD0002361,5,,2023-05-12 20:43:29
REV000766,ORD0001980,5,Great product,2023-08-13 10:06:12
REV000767,ORD0000403,4,Late delivery,2024-08-25 23:50:59
REV000768,ORD0001090,4,Not as expected,2023-09-12 17:03:40
REV000769,ORD0000973,2,,2024-08-16 04:36:38
REV000770,ORD0001213,5,,2023-06-30 02:55:00
REV000771,ORD0000132,4,Would buy again,2023-02-11 10:56:57
REV000772,ORD0000439,3,Exactly what I needed,2023-05-08 02:08:26
REV000773,ORD0002244,2,Fast delivery,2023-03-09 23:15:20
REV000774,ORD0001388,5,,2024-12-08 08:12:56
REV000775,ORD0001161,5,,2023-04-12 01:37:42
REV000776,ORD0000119,4,,2023-04-17 07:31:21
REV000777,ORD0000826,3,Fast delivery,2024-02-01 18:47:10
REV000778,ORD0000806,3,Exactly what I needed,2023-07-19 13:51:11
REV000779,ORD0001393,5,Fast delivery,2024-04-28 04:00:52
REV000780,ORD0001739,5,,2023-04-04 18:28:39
REV000781,ORD0000224,3,Fast delivery,2024-07-21 04:54:54
REV000782,ORD0000248,4,Fast delivery,2024-08-29 04:56:33
REV000783,ORD0001881,4,Great product,2024-12-26 13:33:22
REV000784,ORD0000160,1,,2023-04-29 08:47:09
REV000785,ORD0001344,4,Fast delivery,2023-08-10 04:25:15
REV000786,ORD0001285,5,Exactly what I needed,2023-07-29 00:30:34
REV000787,ORD0000833,5,Exactly what I needed,2023-02-16 19:07:50
REV000788,ORD0000068,5,Not as expected,2023-06-03 16:10:52
REV000789,ORD0001754,5,,2024-11-06 21:15:14
REV000790,ORD0000550,4,,2024-02-23 13:00:23
REV000791,ORD0002382,4,Would buy again,2023-09-20 06:35:45
REV000792,ORD0001830,4,,2023-01-10 07:46:45
REV000793,ORD0000339,1,,2024-07-29 23:06:22
REV000794,ORD0002324,3,Would buy again,2024-08-17 15:15:55
REV000795,ORD0002117,3,Exactly what I needed,2023-08-26 22:41:54
REV000796,ORD0001680,5,Great product,2024-03-19 22:21:58
REV000797,ORD0002451,5,,2024-06-29 19:53:25
REV000798,ORD0002883,3,Poor quality,2023-06-02 22:48:03
REV000799,ORD0000243,5,Fast delivery,2024-11-22 07:00:08
REV000800,ORD0000455,2,Poor quality,2024-12-05 13:15:37
REV000801,ORD0002649,5,,2024-11-07 02:24:51
REV000802,ORD0002025,5,Poor quality,2023-07-09 01:40:12
REV000803,ORD0001729,3,Great product,2023-03-07 13:57:18
REV000804,ORD0000723,5,Not as expected,2024-08-08 15:50:42
REV000805,ORD0002772,5,Fast delivery,2023-11-04 08:45:49
REV000806,ORD0002565,5,Would buy again,2023-10-28 06:31:44
REV000807,ORD0001039,2,,2023-02-03 00:41:55
REV000808,ORD0002344,4,,2023-04-09 13:30:47
REV000809,ORD0001965,5,Not as expected,2023-06-23 13:32:13
REV000810,ORD0001258,5,,2023-08-24 01:45:43
REV000811,ORD0001518,4,Great product,2023-08-27 13:08:04
REV000812,ORD0001007,2,Fast delivery,2024-01-15 02:33:23
REV000813,ORD0002680,4,Poor quality,2023-01-08 03:35:28
REV000814,ORD0001521,5,Great product,2024-10-10 12:50:32
REV000815,ORD0001644,5,Poor quality,2024-02-03 17:55:44
REV000816,ORD0001706,5,Would buy again,2024-11-17 18:19:20
REV000817,ORD0000677,4,Late delivery,2024-05-20 10:45:27
REV000818,ORD0002806,4,Would buy again,2024-07-16 04:41:46
REV000819,ORD0000238,5,,2024-05-13 15:29:44
REV000820,ORD0002817,5,,2023-02-03 15:14:48
REV000821,ORD0000591,5,,2024-07-08 16:04:26
REV000822,ORD0000077,5,,2023-12-09 22:31:17
REV000823,ORD0001257,3,Late delivery,2023-01-04 00:44:00
REV000824,ORD0000485,5,Poor quality,2023-05-27 13:06:20
REV000825,ORD0001841,5,Great product,2023-11-25 11:47:58
REV000826,ORD0001529,3,Great product,2024-08-31 17:53:22
REV000827,ORD0002730,4,Great product,2023-04-17 02:46:13
REV000828,ORD0002650,4,Not as expected,2024-11-14 02:22:49
REV000829,ORD0000971,4,Would buy again,2023-02-04 21:31:00
REV000830,ORD0000919,5,Not as expected,2023-01-13 17:43:15
REV000831,ORD0001398,4,Would buy again,2023-04-16 02:40:16
REV000832,ORD0002985,5,Late delivery,2023-05-18 21:37:01
REV000833,ORD0000111,3,Late delivery,2023-10-05 14:34:53
REV000834,ORD0002891,3,Fast delivery,2023-03-22 18:15:35
REV000835,ORD0001818,5,,2024-07-16 02:55:39
REV000836,ORD0001573,4,Exactly what I needed,2024-01-04 19:20:50
REV000837,ORD0002381,2,Poor quality,2023-08-04 16:49:06
REV000838,ORD0002487,2,Not as expected,2023-05-04 16:32:26
REV000839,ORD0000138,5,Late delivery,2024-08-12 12:28:10
REV000840,ORD0000736,5,Late delivery,2024-11-25 02:48:30
REV000841,ORD0002127,2,Late delivery,2023-05-21 13:29:27
REV000842,ORD0001283,4,Poor quality,2023-11-20 22:34:55
REV000843,ORD0001342,5,Not as expected,2024-10-17 22:27:49
REV000844,ORD0000247,4,,2023-03-16 10:11:05
REV000845,ORD0000854,5,,2023-07-29 22:51:17
REV000846,ORD0001147,5,,2024-09-12 10:27:56
REV000847,ORD0001798,5,,2024-10-13 14:05:06
REV000848,ORD0002450,4,Not as expected,2023-02-27 19:15:04
REV000849,ORD0000026,1,Great product,2024-06-12 12:43:06
REV000850,ORD0002751,5,Poor quality,2024-05-22 03:04:48
REV000851,ORD0002765,5,Fast delivery,2023-01-09 05:50:10
REV000852,ORD0002021,5,,2024-05-02 04:30:34
REV000853,ORD0000792,4,Fast delivery,2023-10-10 20:48:05
REV000854,ORD0002770,5,Poor quality,2023-03-09 03:10:18
REV000855,ORD0002662,4,Would buy again,2023-11-30 21:25:06
REV000856,ORD0002877,5,Fast delivery,2024-03-06 03:48:42
REV000857,ORD0001766,4,Not as expected,2024-12-01 08:25:41
REV000858,ORD0001834,4,Not as expected,2023-10-06 10:39:27
REV000859,ORD0000610,5,Fast delivery,2024-09-04 20:24:32
REV000860,ORD0001020,1,Not as expected,2023-01-14 02:04:42
REV000861,ORD0002326,5,Poor quality,2024-09-14 12:57:02
REV000862,ORD0002180,5,Late delivery,2023-12-30 05:26:21
REV000863,ORD0000492,5,,2023-02-01 13:03:51
REV000864,ORD0002700,5,Fast delivery,2024-12-25 15:27:12
REV000865,ORD0001185,4,Poor quality,2024-01-16 06:09:10
REV000866,ORD0001447,4,,2024-08-27 13:18:21
REV000867,ORD0001903,5,Poor quality,2023-02-24 17:20:10
REV000868,ORD0002268,5,,2024-11-07 17:50:30
REV000869,ORD0000425,5,Poor quality,2023-11-12 06:25:58
REV000870,ORD0001021,4,Exactly what I needed,2024-05-13 14:32:54
REV000871,ORD0000125,5,,2023-11-11 02:05:57
REV000872,ORD0000446,5,,2024-11-18 18:28:58
REV000873,ORD0000678,4,Poor quality,2024-05-23 16:50:50
REV000874,ORD0000041,3,,2023-08-18 07:14:53
REV000875,ORD0002044,5,Poor quality,2023-06-22 18:45:16
REV000876,ORD0000915,5,,2024-06-25 18:43:49
REV000877,ORD0000092,5,Poor quality,2023-07-15 15:17:29
REV000878,ORD0002249,5,Exactly what I needed,2023-04-25 04:01:08
REV000879,ORD0001538,5,Not as expected,2023-03-04 02:50:28
REV000880,ORD0000820,5,Late delivery,2024-07-21 03:53:00
REV000881,ORD0001183,5,,2024-07-09 03:32:54
REV000882,ORD0002051,4,Not as expected,2023-03-16 22:11:53
REV000883,ORD0002663,5,Poor quality,2024-01-16 00:44:24
REV000884,ORD0002206,4,Late delivery,2023-08-07 23:57:31
REV000885,ORD0000086,5,,2024-08-04 16:01:28
REV000886,ORD0002225,3,Late delivery,2024-01-21 13:27:55
REV000887,ORD0000083,5,,2024-05-27 08:42:10
REV000888,ORD0002209,3,,2023-08-07 14:41:47
REV000889,ORD0001894,3,Not as expected,2024-02-03 19:17:21
REV000890,ORD0000684,3,Would buy again,2024-06-06 13:04:18
REV000891,ORD0002908,4,Great product,2023-02-17 02:53:26
REV000892,ORD0001795,2,Great product,2024-11-28 05:44:00
REV000893,ORD0001870,5,,2024-11-30 01:07:41
REV000894,ORD0000706,1,Fast delivery,2023-03-16 00:47:57
REV000895,ORD0001775,5,Fast delivery,2024-11-26 22:17:01
REV000896,ORD0000341,4,Exactly what I needed,2023-11-10 08:35:15
REV000897,ORD0001303,5,Poor quality,2023-02-15 21:15:45
REV000898,ORD0002959,3,,2023-06-26 22:30:49
REV000899,ORD0002260,5,Would buy again,2024-03-31 11:20:57
REV000900,ORD0002764,5,Fast delivery,2024-09-09 07:56:43
REV000901,ORD0002989,4,Exactly what I needed,2023-02-06 06:26:04
REV000902,ORD0000664,5,Poor quality,2024-09-13 03:23:50
REV000903,ORD0002567,5,Not as expected,2023-07-01 01:48:12
REV000904,ORD0002981,3,Poor quality,2024-10-11 04:25:20
REV000905,ORD0001435,5,Great product,2023-11-15 15:14:29
REV000906,ORD0001466,5,,2023-07-22 22:27:21
REV000907,ORD0000600,5,Great product,2024-08-05 13:20:21
REV000908,ORD0002579,4,Would buy again,2023-10-27 02:11:00
REV000909,ORD0000797,4,Poor quality,2023-10-12 07:53:42
REV000910,ORD0001221,3,Poor quality,2023-01-01 23:26:38
REV000911,ORD0000626,4,Exactly what I needed,2024-10-04 20:05:48
REV000912,ORD0002808,5,Great product,2024-06-28 00:38:44
REV000913,ORD0002635,5,Poor quality,2024-11-04 06:20:44
REV000914,ORD0002464,5,Great product,2023-06-08 22:52:13
REV000915,ORD0002141,5,Exactly what I needed,2023-04-27 02:53:54
REV000916,ORD0001559,3,Would buy again,2024-06-28 18:01:58
REV000917,ORD0002919,5,,2024-05-28 22:36:32
REV000918,ORD0000864,5,Exactly what I needed,2023-06-24 10:47:51
REV000919,ORD0002838,3,Late delivery,2023-09-21 12:11:11
REV000920,ORD0000699,1,Exactly what I needed,2024-06-29 17:23:08
REV000921,ORD0002263,5,Late delivery,2024-06-27 15:53:30
REV000922,ORD0000337,5,Would buy again,2023-10-08 03:39:28
REV000923,ORD0002404,4,Great product,2023-06-16 06:28:10
REV000924,ORD0000431,5,Late delivery,2024-10-23 04:42:55
REV000925,ORD0002551,4,Would buy again,2023-07-10 09:37:49
REV000926,ORD0002420,3,Would buy again,2024-01-07 06:55:15
REV000927,ORD0000008,4,Exactly what I needed,2023-12-30 20:56:23
REV000928,ORD0002087,5,Would buy again,2023-11-22 10:17:12
REV000929,ORD0001271,4,Poor quality,2023-05-01 04:57:47
REV000930,ORD0001406,4,Poor quality,2023-04-30 18:18:07
REV000931,ORD0001300,5,Late delivery,2023-02-12 12:59:27
REV000932,ORD0002195,4,Poor quality,2023-05-15 02:26:16
REV000933,ORD0002709,2,Late delivery,2023-04-02 14:47:36
REV000934,ORD0001601,5,Fast delivery,2023-04-04 10:25:30
REV000935,ORD0001827,5,,2024-07-12 11:05:56
REV000936,ORD0000211,1,Poor quality,2024-01-04 00:42:50
REV000937,ORD0000164,5,Would buy again,2023-01-20 23:20:26
REV000938,ORD0001605,5,,2023-08-08 00:08:56
REV000939,ORD0000846,4,,2024-12-28 08:17:08
REV000940,ORD0001433,3,Not as expected,2024-05-19 14:16:58
REV000941,ORD0002652,5,Exactly what I needed,2024-04-01 18:35:38
REV000942,ORD0002926,1,,2024-03-03 06:06:39
REV000943,ORD0002828,3,Late delivery,2024-04-16 19:57:41
REV000944,ORD0000177,5,,2024-06-17 17:30:40
REV000945,ORD0001414,5,Late delivery,2023-08-12 00:36:52
REV000946,ORD0001249,3,,2023-07-16 06:21:42
REV000947,ORD0000382,5,,2023-09-03 02:30:59
REV000948,ORD0000980,5,,2024-09-19 03:27:05
REV000949,ORD0002810,5,,2024-01-31 15:31:20
REV000950,ORD0002850,5,Fast delivery,2023-10-12 01:19:43
REV000951,ORD0000728,3,,2023-03-10 21:50:00
REV000952,ORD0000395,4,,2024-02-29 12:44:07
REV000953,ORD0000362,4,,2023-03-01 13:04:26
REV000954,ORD0000898,2,Late delivery,2024-11-12 13:34:31
REV000955,ORD0002171,5,,2023-07-21 20:23:52
REV000956,ORD0000818,5,,2023-09-22 21:10:24
REV000957,ORD0001899,5,Not as expected,2023-10-25 09:27:21
REV000958,ORD0002454,3,,2024-04-21 09:47:13
REV000959,ORD0000474,4,Late delivery,2024-08-01 09:31:32
REV000960,ORD0002892,4,Would buy again,2023-09-30 15:57:13
REV000961,ORD0002213,2,Exactly what I needed,2023-02-16 08:00:39
REV000962,ORD0002896,4,Fast delivery,2024-03-03 23:12:31
REV000963,ORD0001270,5,Late delivery,2023-04-27 07:19:59
REV000964,ORD0002109,4,Would buy again,2023-07-07 03:20:49
REV000965,ORD0001895,5,Late delivery,2024-09-14 11:24:26
REV000966,ORD0001653,4,Great product,2023-05-07 10:18:55
REV000967,ORD0001316,5,Exactly what I needed,2023-11-15 03:21:02
REV000968,ORD0002993,3,Exactly what I needed,2024-09-22 10:53:30
REV000969,ORD0002253,4,Exactly what I needed,2023-10-16 06:51:42
REV000970,ORD0002514,5,Not as expected,2024-09-19 05:32:40
REV000971,ORD0000123,5,Would buy again,2023-09-05 01:51:06
REV000972,ORD0001604,5,Would buy again,2024-02-05 07:20:46
REV000973,ORD0000840,4,,2023-04-28 19:39:53
REV000974,ORD0002879,2,Would buy again,2023-12-08 22:37:08
REV000975,ORD0000542,1,Would buy again,2024-05-11 01:25:31
REV000976,ORD0000152,4,Late delivery,2024-11-30 07:41:04
REV000977,ORD0001557,3,Would buy again,2023-11-09 23:06:25
REV000978,ORD0001401,4,Poor quality,2023-01-03 15:19:22
REV000979,ORD0000156,5,Would buy again,2023-08-03 04:45:15
REV000980,ORD0001648,5,Exactly what I needed,2023-06-21 02:34:05
REV000981,ORD0001776,5,Exactly what I needed,2023-08-06 23:02:42
REV000982,ORD0002453,5,,2023-08-26 10:44:44
REV000983,ORD0000069,5,,2024-03-25 09:14:08
REV000984,ORD0002242,1,,2024-01-28 08:16:01
REV000985,ORD0002077,5,Late delivery,2024-02-25 03:39:37
REV000986,ORD0001288,5,Poor quality,2024-02-03 20:29:13
REV000987,ORD0002166,5,Exactly what I needed,2024-10-14 11:30:41
REV000988,ORD0001765,5,Late delivery,2024-03-27 04:46:47
REV000989,ORD0002472,4,Would buy again,2023-12-06 19:50:54
REV000990,ORD0002320,5,Late delivery,2024-08-01 17:08:40
REV000991,ORD0001879,5,Fast delivery,2024-11-23 17:07:40
REV000992,ORD0000129,5,Exactly what I needed,2024-03-08 09:09:50
REV000993,ORD0000345,1,Poor quality,2024-07-11 00:42:14
REV000994,ORD0000296,4,Not as expected,2024-09-15 20:02:44
REV000995,ORD0001779,5,,2023-11-23 20:26:28
REV000996,ORD0000217,3,Late delivery,2024-09-01 13:01:11
REV000997,ORD0001548,4,,2024-09-24 06:44:11
REV000998,ORD0000280,5,,2023-02-11 07:18:52
REV000999,ORD0000727,5,Poor quality,2024-07-06 03:45:19
REV001000,ORD0001104,5,Late delivery,2024-09-13 02:52:37
REV001001,ORD0002164,4,Late delivery,2023-03-22 20:40:21
REV001002,ORD0002027,4,Fast delivery,2023-02-17 04:14:16
REV001003,ORD0000630,5,Great product,2023-05-10 06:37:15
REV001004,ORD0001609,4,Not as expected,2024-04-24 18:04:35
REV001005,ORD0001633,4,Great product,2023-05-06 01:42:04
REV001006,ORD0001005,1,Not as expected,2024-09-10 12:13:14
REV001007,ORD0002620,5,Exactly what I needed,2023-09-03 16:20:29
REV001008,ORD0000312,1,Late delivery,2023-04-16 04:37:07
REV001009,ORD0000484,4,Exactly what I needed,2024-10-20 13:33:39
REV001010,ORD0001072,5,Great product,2024-09-11 19:23:14
REV001011,ORD0000943,1,Great product,2023-06-27 01:55:00
REV001012,ORD0001663,4,Fast delivery,2023-08-24 12:51:46
REV001013,ORD0000637,4,Exactly what I needed,2023-04-27 17:59:29
REV001014,ORD0002364,5,Poor quality,2023-02-11 10:18:02
REV001015,ORD0001768,4,Late delivery,2024-06-16 11:45:32
REV001016,ORD0002546,5,Great product,2023-09-05 14:17:45
REV001017,ORD0002283,5,Great product,2024-03-12 02:48:40
REV001018,ORD0001037,3,Poor quality,2024-12-22 08:29:44
REV001019,ORD0001169,2,Late delivery,2023-12-28 10:35:23
REV001020,ORD0001843,5,Fast delivery,2024-06-13 11:30:11
REV001021,ORD0001422,5,Late delivery,2023-06-05 18:13:16
REV001022,ORD0001814,5,Would buy again,2024-12-22 14:59:30
REV001023,ORD0000465,4,Late delivery,2023-07-16 16:26:30
REV001024,ORD0001560,5,Fast delivery,2023-10-31 19:03:06
REV001025,ORD0002909,1,,2023-03-31 05:37:35
REV001026,ORD0000837,5,,2024-09-19 20:01:28
REV001027,ORD0002505,4,,2024-06-29 20:57:30
REV001028,ORD0002962,1,Not as expected,2024-10-01 05:31:59
REV001029,ORD0001036,5,Not as expected,2024-03-20 14:20:14
REV001030,ORD0000031,1,Great product,2024-10-13 15:33:24
REV001031,ORD0001439,5,Exactly what I needed,2023-12-22 04:05:17
REV001032,ORD0002548,5,Exactly what I needed,2024-03-26 23:44:04
REV001033,ORD0002825,5,Great product,2023-10-03 17:38:43
REV001034,ORD0000688,2,Would buy again,2024-02-09 03:00:19
REV001035,ORD0002474,4,,2024-01-30 00:02:57
REV001036,ORD0001152,3,Would buy again,2024-01-29 11:12:52
REV001037,ORD0002911,5,Not as expected,2024-11-21 01:49:08
REV001038,ORD0000444,3,Great product,2024-08-09 08:28:03
REV001039,ORD0000765,5,Fast delivery,2023-12-29 21:53:37
REV001040,ORD0002108,3,,2024-12-04 08:59:29
REV001041,ORD0001885,3,Not as expected,2023-08-03 17:35:09
REV001042,ORD0001501,3,,2024-03-15 20:15:41
REV001043,ORD0000956,4,Late delivery,2023-09-29 19:58:34
REV001044,ORD0002755,5,Poor quality,2024-11-07 03:52:00
REV001045,ORD0001350,3,Fast delivery,2024-02-22 18:22:43
REV001046,ORD0001150,4,Would buy again,2023-10-19 02:44:41
REV001047,ORD0001596,3,,2023-07-25 18:14:22
REV001048,ORD0002669,5,,2023-10-31 22:40:27
REV001049,ORD0002792,4,,2023-04-01 15:33:23
REV001050,ORD0000962,5,Great product,2023-05-15 22:08:50
REV001051,ORD0001426,3,Poor quality,2024-10-20 01:31:49
REV001052,ORD0000547,5,Late delivery,2024-03-11 08:05:18
REV001053,ORD0000371,3,,2024-02-16 22:50:41
REV001054,ORD0002033,5,Great product,2024-03-01 00:19:41
REV001055,ORD0002974,5,,2023-01-20 08:26:26
REV001056,ORD0002003,4,Exactly what I needed,2024-01-17 14:50:39
REV001057,ORD0000623,3,Great product,2023-09-24 10:21:42
REV001058,ORD0001612,5,Fast delivery,2024-04-06 00:25:48
REV001059,ORD0002161,2,,2023-12-27 04:05:40
REV001060,ORD0000648,4,Great product,2024-02-23 19:22:50
REV001061,ORD0001536,4,Fast delivery,2024-01-22 08:28:25
REV001062,ORD0002857,4,Late delivery,2024-04-03 10:30:31
REV001063,ORD0002847,5,,2023-07-15 16:19:55
REV001064,ORD0001162,5,Poor quality,2023-04-07 09:21:28
REV001065,ORD0001237,3,Exactly what I needed,2024-05-06 04:13:47
REV001066,ORD0000767,1,,2024-07-31 07:08:17
REV001067,ORD0002348,5,Great product,2024-05-21 17:35:55
REV001068,ORD0002142,4,Late delivery,2023-11-20 02:34:34
REV001069,ORD0000250,5,Would buy again,2024-01-19 10:01:21
REV001070,ORD0002419,1,Not as expected,2023-03-23 21:48:29
REV001071,ORD0002002,5,Poor quality,2023-09-11 13:11:17
REV001072,ORD0000544,4,Fast delivery,2023-06-27 09:00:03
REV001073,ORD0002978,2,Late delivery,2024-11-09 14:48:00
REV001074,ORD0001635,5,Fast delivery,2024-06-18 00:43:21
REV001075,ORD0000009,5,Late delivery,2023-07-08 11:04:37
REV001076,ORD0000702,5,Late delivery,2024-06-13 21:34:39
REV001077,ORD0001272,5,Great product,2024-06-09 07:41:59
REV001078,ORD0001098,5,,2023-09-06 02:01:41
REV001079,ORD0001215,5,,2023-11-03 08:39:24
REV001080,ORD0001159,1,,2024-08-31 02:36:21
REV001081,ORD0000335,5,Poor quality,2024-02-26 12:16:46
REV001082,ORD0000828,5,Fast delivery,2023-08-08 23:38:31
REV001083,ORD0000244,1,,2024-07-07 22:08:36
REV001084,ORD0002039,5,Fast delivery,2024-11-06 03:37:50
REV001085,ORD0000049,4,Fast delivery,2024-06-20 08:17:56
REV001086,ORD0002066,5,Exactly what I needed,2024-01-31 03:44:28
REV001087,ORD0002140,4,Would buy again,2023-03-09 21:11:29
REV001088,ORD0001699,4,Late delivery,2024-07-02 16:58:35
REV001089,ORD0002769,2,Exactly what I needed,2023-02-05 23:12:11
REV001090,ORD0001492,5,Poor quality,2024-10-30 18:06:06
REV001091,ORD0001958,5,Not as expected,2024-04-01 01:51:22
REV001092,ORD0002529,5,,2023-06-22 07:07:41
REV001093,ORD0002009,1,,2023-08-16 05:24:59
REV001094,ORD0002942,4,Would buy again,2023-04-14 02:15:48
REV001095,ORD0002312,4,Poor quality,2023-08-21 10:14:42
REV001096,ORD0001370,5,Not as expected,2023-03-04 21:52:30
REV001097,ORD0001434,5,Would buy again,2023-01-13 21:45:26
REV001098,ORD0002202,5,Exactly what I needed,2023-09-02 19:34:10
REV001099,ORD0001666,4,Exactly what I needed,2024-07-01 05:28:37
REV001100,ORD0000223,5,Would buy again,2023-11-13 14:29:54
REV001101,ORD0001968,5,Fast delivery,2023-08-03 09:20:48
REV001102,ORD0001665,1,Poor quality,2024-02-06 13:56:27
REV001103,ORD0000585,5,Would buy again,2024-04-11 00:26:04
REV001104,ORD0001172,5,,2023-12-03 10:39:32
REV001105,ORD0002656,5,Exactly what I needed,2023-11-23 09:48:30
REV001106,ORD0001927,5,Exactly what I needed,2024-02-09 14:28:39
REV001107,ORD0000408,5,Great product,2024-06-29 02:28:19
REV001108,ORD0000604,5,Would buy again,2024-12-05 23:07:30
REV001109,ORD0002150,5,Fast delivery,2024-02-27 11:32:22
REV001110,ORD0000711,5,Exactly what I needed,2024-02-04 07:50:19
REV001111,ORD0002402,4,Poor quality,2023-04-21 10:56:25
REV001112,ORD0000162,4,Fast delivery,2024-05-21 16:26:56
REV001113,ORD0002323,5,Fast delivery,2023-09-01 09:02:02
REV001114,ORD0001668,5,Would buy again,2024-05-15 20:16:35
REV001115,ORD0001580,4,Not as expected,2024-08-14 08:47:19
REV001116,ORD0001578,4,Great product,2023-10-20 04:51:23
REV001117,ORD0001871,5,Exactly what I needed,2024-08-07 05:26:03
REV001118,ORD0002270,5,Great product,2024-08-13 03:05:21
REV001119,ORD0001024,5,Late delivery,2024-01-04 02:25:42
REV001120,ORD0000206,5,,2024-06-25 17:00:30
REV001121,ORD0001702,5,Not as expected,2024-03-21 01:09:05
REV001122,ORD0001235,5,Fast delivery,2023-01-28 07:06:42
REV001123,ORD0002530,5,Not as expected,2023-02-21 23:17:32
REV001124,ORD0001753,5,Late delivery,2024-06-17 03:26:45
REV001125,ORD0001387,5,Fast delivery,2024-10-05 20:09:16
REV001126,ORD0002737,5,Great product,2024-07-25 06:23:40
REV001127,ORD0001354,4,Late delivery,2023-08-07 02:11:00
REV001128,ORD0000759,3,Great product,2024-05-21 06:39:03
REV001129,ORD0000930,5,Poor quality,2024-03-28 01:18:29
REV001130,ORD0001646,5,,2023-01-08 11:13:55
REV001131,ORD0000644,5,,2024-08-01 14:23:58
REV001132,ORD0001657,5,Great product,2023-08-21 06:06:15
REV001133,ORD0002526,5,Fast delivery,2023-03-15 05:48:52
REV001134,ORD0002030,1,Would buy again,2023-11-17 14:01:12
REV001135,ORD0001424,2,Fast delivery,2023-03-19 23:21:05
REV001136,ORD0000742,5,,2024-06-23 02:37:54
REV001137,ORD0000344,4,Fast delivery,2023-10-10 02:04:06
REV001138,ORD0000450,5,,2024-06-05 13:34:32
REV001139,ORD0002477,2,,2024-02-24 23:00:23
REV001140,ORD0000758,4,Exactly what I needed,2023-07-31 09:40:54
REV001141,ORD0001542,4,Would buy again,2023-03-18 11:19:48
REV001142,ORD0001049,5,Not as expected,2024-10-28 00:50:25
REV001143,ORD0001232,3,,2023-11-12 21:41:42
REV001144,ORD0001956,5,Would buy again,2024-06-27 20:10:38
REV001145,ORD0000257,5,Great product,2024-03-28 01:52:11
REV001146,ORD0001193,5,,2023-01-30 21:12:26
REV001147,ORD0001655,3,Exactly what I needed,2023-06-14 05:29:41
REV001148,ORD0000646,1,,2023-08-24 09:43:43
REV001149,ORD0000747,4,Late delivery,2023-06-15 20:25:38
REV001150,ORD0002651,5,Exactly what I needed,2023-04-04 08:51:49
REV001151,ORD0000717,4,Poor quality,2023-10-29 16:13:04
REV001152,ORD0002688,5,Fast delivery,2024-07-14 15:31:11
REV001153,ORD0002584,5,Great product,2023-06-07 03:47:33
REV001154,ORD0000301,4,Great product,2023-04-06 20:46:13
REV001155,ORD0000574,5,,2024-05-18 10:02:38
REV001156,ORD0000140,5,Fast delivery,2023-12-22 19:45:36
REV001157,ORD0000203,1,Not as expected,2024-01-17 06:59:55
REV001158,ORD0002916,4,Fast delivery,2024-12-13 11:10:12
REV001159,ORD0001063,5,Exactly what I needed,2023-01-08 04:40:37
REV001160,ORD0000996,3,Late delivery,2023-07-03 11:07:19
REV001161,ORD0002096,5,Would buy again,2024-08-20 13:58:42
REV001162,ORD0002285,4,,2023-12-23 22:38:58
REV001163,ORD0000179,5,Would buy again,2023-09-22 19:51:09
REV001164,ORD0002097,3,Not as expected,2023-01-26 14:50:18
REV001165,ORD0000625,2,Late delivery,2023-04-16 20:24:27
REV001166,ORD0000021,5,Not as expected,2023-11-26 04:29:58
REV001167,ORD0002807,5,Late delivery,2024-01-09 08:51:36
REV001168,ORD0001703,5,,2023-05-31 19:02:36
REV001169,ORD0001253,3,Poor quality,2024-02-26 17:08:25
REV001170,ORD0002781,4,Fast delivery,2024-10-16 11:20:55
REV001171,ORD0000347,4,,2023-05-31 03:52:58
REV001172,ORD0000353,5,Great product,2024-08-24 10:07:30
REV001173,ORD0002988,5,Not as expected,2024-10-21 02:32:53
REV001174,ORD0001402,4,Exactly what I needed,2023-12-15 04:02:42
REV001175,ORD0001377,4,Great product,2023-01-10 10:30:38
REV001176,ORD0000399,4,,2023-03-14 02:19:01
REV001177,ORD0000592,4,Late delivery,2023-01-21 07:27:35
REV001178,ORD0000838,3,Late delivery,2023-03-13 02:10:35
REV001179,ORD0000816,5,Exactly what I needed,2023-07-22 12:50:20
REV001180,ORD0000343,3,,2023-08-28 10:41:47
REV001181,ORD0002394,5,Would buy again,2023-11-22 23:59:34
REV001182,ORD0002473,5,Late delivery,2024-12-27 06:27:56
REV001183,ORD0000326,5,,2024-10-31 05:34:41
REV001184,ORD0000750,4,Exactly what I needed,2024-01-10 21:20:21
REV001185,ORD0002336,1,Fast delivery,2024-10-27 23:11:42
REV001186,ORD0000603,5,Late delivery,2023-05-22 17:50:45
REV001187,ORD0001133,5,,2024-03-30 02:18:47
REV001188,ORD0000458,5,Late delivery,2024-02-14 09:58:29
REV001189,ORD0002710,5,Fast delivery,2024-10-26 03:51:35
REV001190,ORD0000562,2,Would buy again,2023-01-25 06:00:54
REV001191,ORD0001627,4,Fast delivery,2024-02-01 08:57:26
REV001192,ORD0001882,3,Late delivery,2023-01-07 03:29:50
REV001193,ORD0002093,5,Would buy again,2023-05-14 04:34:37
REV001194,ORD0002747,3,Poor quality,2024-04-05 21:02:41
REV001195,ORD0002229,2,,2024-11-12 22:41:31
REV001196,ORD0001939,4,,2024-07-03 08:25:42
REV001197,ORD0002106,4,Great product,2023-04-18 02:17:36
REV001198,ORD0002340,5,Exactly what I needed,2024-12-10 23:20:09
REV001199,ORD0000883,5,Fast delivery,2024-02-23 14:26:22
REV001200,ORD0000424,5,Poor quality,2024-08-20 22:01:09
REV001201,ORD0002990,3,Poor quality,2023-03-03 13:04:51
REV001202,ORD0002869,5,,2024-11-11 08:37:54
REV001203,ORD0001522,5,Not as expected,2023-04-17 21:10:17
REV001204,ORD0001933,4,Late delivery,2024-05-04 07:13:44
REV001205,ORD0002849,4,Would buy again,2024-10-31 02:42:58
REV001206,ORD0001694,3,Would buy again,2023-03-23 17:28:21
REV001207,ORD0000687,4,Exactly what I needed,2024-03-29 07:16:06
REV001208,ORD0002511,4,Exactly what I needed,2024-10-07 05:46:17
REV001209,ORD0000016,4,Exactly what I needed,2024-05-03 14:55:43
REV001210,ORD0000098,4,Not as expected,2024-07-30 04:20:34
REV001211,ORD0000316,5,,2024-11-16 06:35:23
REV001212,ORD0000511,3,Poor quality,2024-05-26 23:04:08
REV001213,ORD0002398,5,Would buy again,2023-03-12 15:13:03
REV001214,ORD0002617,5,Late delivery,2023-04-01 02:01:21
REV001215,ORD0000062,5,,2023-05-11 22:24:11
REV001216,ORD0002748,4,Great product,2023-09-03 10:28:45
REV001217,ORD0002559,4,Exactly what I needed,2023-12-22 02:28:45
REV001218,ORD0001335,4,Poor quality,2024-10-14 02:13:32
REV001219,ORD0000945,2,Poor quality,2024-07-09 06:06:19
REV001220,ORD0002832,5,Late delivery,2023-03-18 18:34:09
REV001221,ORD0002899,4,Poor quality,2023-08-14 00:56:03
REV001222,ORD0000775,5,Late delivery,2024-12-03 18:34:39
REV001223,ORD0002147,4,Late delivery,2024-01-20 04:07:39
REV001224,ORD0002412,2,Not as expected,2023-09-22 09:05:28
REV001225,ORD0001587,3,Would buy again,2024-07-10 08:32:30
REV001226,ORD0001103,4,Poor quality,2024-06-28 14:22:57
REV001227,ORD0000323,1,Poor quality,2023-06-12 03:25:33
REV001228,ORD0001109,4,Not as expected,2023-10-23 18:46:25
REV001229,ORD0002303,1,Late delivery,2023-05-10 18:52:49
REV001230,ORD0001777,5,,2023-01-27 03:09:19
REV001231,ORD0002445,5,Great product,2023-03-01 08:25:04
REV001232,ORD0001173,5,Fast delivery,2024-01-06 08:41:57
REV001233,ORD0001038,4,Fast delivery,2023-11-11 03:41:22
REV001234,ORD0002001,4,Exactly what I needed,2023-02-12 00:40:51
REV001235,ORD0001048,5,Would buy again,2024-01-22 18:47:48
REV001236,ORD0000670,5,Not as expected,2024-07-18 02:44:34
REV001237,ORD0001277,5,Poor quality,2023-11-16 03:24:27
REV001238,ORD0000050,4,Exactly what I needed,2024-04-11 06:27:42
REV001239,ORD0002111,4,,2024-05-02 17:46:14
REV001240,ORD0000084,5,Exactly what I needed,2024-06-28 22:37:10
REV001241,ORD0000857,5,Would buy again,2023-12-26 03:48:34
REV001242,ORD0000261,2,Late delivery,2024-08-11 04:38:18
REV001243,ORD0002570,4,Not as expected,2024-10-06 05:15:09
REV001244,ORD0002368,4,,2023-04-13 14:34:50
REV001245,ORD0002698,4,Exactly what I needed,2023-11-12 22:31:33
REV001246,ORD0002697,2,Late delivery,2023-03-24 08:24:49
REV001247,ORD0000448,4,Poor quality,2023-05-23 00:12:06
REV001248,ORD0001634,4,Not as expected,2024-12-10 03:18:41
REV001249,ORD0002448,4,,2023-03-25 21:00:12
REV001250,ORD0002783,2,Would buy again,2023-10-30 07:44:20
REV001251,ORD0001833,4,Great product,2023-11-22 16:43:48
REV001252,ORD0000310,5,Great product,2023-11-13 17:25:26
REV001253,ORD0001693,5,Late delivery,2024-05-15 05:32:29
REV001254,ORD0000478,2,Not as expected,2023-05-21 11:13:32
REV001255,ORD0001470,3,Fast delivery,2024-11-02 08:00:15
REV001256,ORD0002984,5,,2023-12-22 13:29:15
REV001257,ORD0000035,5,Late delivery,2024-05-09 22:43:40
REV001258,ORD0000216,4,,2023-07-04 01:48:56
REV001259,ORD0002641,4,Late delivery,2023-03-03 18:35:53
REV001260,ORD0002871,3,Poor quality,2023-08-08 15:55:01
REV001261,ORD0002281,5,Late delivery,2024-07-07 21:46:03
REV001262,ORD0000104,3,Fast delivery,2023-11-02 01:45:31
REV001263,ORD0002351,4,Poor quality,2023-01-30 09:52:41
REV001264,ORD0002545,5,Late delivery,2024-12-03 06:47:37
REV001265,ORD0001631,5,,2024-05-17 06:10:46
REV001266,ORD0000142,3,,2023-06-28 04:16:10
REV001267,ORD0000500,5,Great product,2023-01-05 23:43:48
REV001268,ORD0000284,5,Exactly what I needed,2023-10-27 20:21:45
REV001269,ORD0000796,4,,2023-03-05 09:41:36
REV001270,ORD0000495,5,Would buy again,2023-09-04 15:00:28
REV001271,ORD0000505,5,Late delivery,2024-12-23 21:16:44
REV001272,ORD0001224,5,Late delivery,2024-06-10 19:01:22
REV001273,ORD0001102,5,,2024-06-16 02:47:14
REV001274,ORD0002441,5,Not as expected,2023-07-26 16:54:55
REV001275,ORD0002589,5,Great product,2024-06-22 09:28:29
REV001276,ORD0001985,5,Fast delivery,2023-02-18 22:39:13
REV001277,ORD0000611,3,Great product,2023-06-06 09:43:35
REV001278,ORD0001212,5,Great product,2024-03-06 17:34:10
REV001279,ORD0000835,5,,2023-06-19 03:30:51
REV001280,ORD0000872,5,Late delivery,2024-09-26 15:40:30
REV001281,ORD0000853,5,Late delivery,2023-09-20 17:11:49
REV001282,ORD0002994,4,Would buy again,2023-11-09 20:56:39
REV001283,ORD0002625,5,Would buy again,2024-08-22 09:36:19
REV001284,ORD0002820,4,Great product,2024-04-05 02:51:24
REV001285,ORD0002804,5,Would buy again,2024-03-06 08:38:11
REV001286,ORD0000564,5,Fast delivery,2023-05-07 12:31:26
REV001287,ORD0002813,4,Would buy again,2023-01-06 19:48:27
REV001288,ORD0001764,5,Exactly what I needed,2023-08-12 04:17:13
REV001289,ORD0000255,4,Would buy again,2024-09-10 05:12:39
REV001290,ORD0002048,5,Late delivery,2023-12-16 11:12:57
REV001291,ORD0001825,1,Late delivery,2024-08-24 03:20:37
REV001292,ORD0002465,3,,2024-01-26 22:40:23
REV001293,ORD0001171,5,Would buy again,2024-11-21 19:02:11
REV001294,ORD0002184,5,Not as expected,2023-11-11 21:35:28
REV001295,ORD0001794,5,Would buy again,2024-02-11 12:20:35
REV001296,ORD0000176,5,Exactly what I needed,2024-04-04 09:25:50
REV001297,ORD0000374,2,Exactly what I needed,2023-08-14 08:58:33
REV001298,ORD0002582,3,,2024-10-16 12:09:37
REV001299,ORD0000167,5,Great product,2023-09-27 03:24:11
REV001300,ORD0001228,3,,2023-06-21 02:17:21
REV001301,ORD0002086,5,Exactly what I needed,2024-04-14 21:20:15
REV001302,ORD0000520,5,,2024-08-27 09:07:11
REV001303,ORD0000394,4,Poor quality,2023-02-01 18:10:46
REV001304,ORD0002591,5,,2024-04-29 06:41:00
REV001305,ORD0002306,3,Exactly what I needed,2024-09-25 07:38:26
REV001306,ORD0001346,5,Great product,2023-01-07 11:29:16
REV001307,ORD0002794,5,Not as expected,2024-12-25 10:04:45
REV001308,ORD0000066,4,Exactly what I needed,2023-05-02 08:49:00
REV001309,ORD0001803,3,,2024-09-16 16:44:59
REV001310,ORD0000859,4,Fast delivery,2023-06-13 17:58:22
REV001311,ORD0002233,5,Great product,2024-01-01 23:56:42
REV001312,ORD0002452,4,,2023-12-26 17:30:18
REV001313,ORD0000548,4,Would buy again,2023-05-26 18:50:29
REV001314,ORD0001554,4,Great product,2023-04-06 17:05:34
REV001315,ORD0000486,2,,2024-05-19 08:22:29
REV001316,ORD0002793,4,Great product,2023-04-25 05:12:34
REV001317,ORD0001615,5,Would buy again,2024-12-04 11:08:47
REV001318,ORD0001436,4,Would buy again,2024-03-27 15:34:41
REV001319,ORD0000620,4,Fast delivery,2024-02-25 02:16:47
REV001320,ORD0001695,5,Exactly what I needed,2024-11-23 05:22:42
REV001321,ORD0001957,4,,2023-08-17 23:53:23
REV001322,ORD0000521,4,Exactly what I needed,2024-04-15 04:58:15
REV001323,ORD0002301,5,Fast delivery,2023-10-05 01:12:46
REV001324,ORD0001483,3,Exactly what I needed,2024-09-11 16:35:47
REV001325,ORD0002120,5,,2024-01-11 08:36:25
REV001326,ORD0001355,4,,2024-05-18 22:01:21
REV001327,ORD0001901,5,Not as expected,2024-06-27 18:10:10
REV001328,ORD0002498,5,,2024-07-28 05:37:20
REV001329,ORD0002370,3,Poor quality,2024-11-07 00:59:29
REV001330,ORD0002534,5,,2024-12-17 13:30:46
REV001331,ORD0000533,5,Would buy again,2024-02-06 16:12:24
REV001332,ORD0000619,4,,2023-02-08 07:01:28
REV001333,ORD0000281,5,Late delivery,2023-11-14 21:11:19
REV001334,ORD0001327,4,Fast delivery,2023-07-26 06:04:57
REV001335,ORD0002943,5,Would buy again,2023-06-23 11:13:58
REV001336,ORD0001465,1,Exactly what I needed,2023-11-29 01:36:09
REV001337,ORD0000155,5,Late delivery,2024-09-27 01:28:57
REV001338,ORD0002969,5,Poor quality,2023-01-20 02:49:08
REV001339,ORD0002026,4,Great product,2024-12-14 21:23:03
REV001340,ORD0000907,5,Great product,2024-04-29 18:55:24
REV001341,ORD0001698,4,Late delivery,2023-09-28 07:04:13
REV001342,ORD0001260,5,Late delivery,2024-01-01 01:14:00
REV001343,ORD0001250,3,Fast delivery,2024-04-14 06:59:55
REV001344,ORD0002827,5,Late delivery,2024-01-27 20:36:54
REV001345,ORD0000091,5,,2023-10-27 04:29:18
REV001346,ORD0000737,2,Fast delivery,2024-08-20 00:13:40
REV001347,ORD0000427,5,,2023-07-29 05:50:56
REV001348,ORD0001296,4,Exactly what I needed,2023-04-09 16:06:38
REV001349,ORD0002684,4,Poor quality,2023-11-23 04:25:27
REV001350,ORD0000469,1,Fast delivery,2024-12-06 06:27:27
REV001351,ORD0000350,5,Late delivery,2024-04-12 22:24:40
REV001352,ORD0001724,1,,2024-02-02 10:20:09
REV001353,ORD0001586,4,Would buy again,2024-10-04 14:10:21
REV001354,ORD0001618,5,,2024-02-17 21:03:32
REV001355,ORD0002157,5,Poor quality,2024-12-30 05:26:14
REV001356,ORD0000183,4,Exactly what I needed,2024-09-01 02:24:10
REV001357,ORD0000693,5,Late delivery,2024-09-23 12:16:38
REV001358,ORD0000192,4,Exactly what I needed,2023-05-16 07:49:41
REV001359,ORD0001294,5,Would buy again,2024-12-21 17:14:47
REV001360,ORD0002588,4,,2023-08-28 19:30:15
REV001361,ORD0000944,5,Late delivery,2023-05-02 06:31:16
REV001362,ORD0000210,5,Late delivery,2024-11-24 18:12:28
REV001363,ORD0000067,4,Fast delivery,2024-01-16 17:16:17
REV001364,ORD0001676,4,Late delivery,2023-09-09 05:41:09
REV001365,ORD0000040,4,,2024-03-14 21:45:32
REV001366,ORD0001385,5,Great product,2023-03-03 23:46:47
REV001367,ORD0002084,5,Late delivery,2024-03-27 22:10:44
REV001368,ORD0002528,5,Late delivery,2024-11-19 05:36:45
REV001369,ORD0000876,4,Late delivery,2024-05-03 21:26:57
REV001370,ORD0000535,4,Not as expected,2023-09-07 03:28:54
REV001371,ORD0001556,4,Poor quality,2024-11-22 14:01:26
REV001372,ORD0001553,1,,2024-11-21 18:40:14
REV001373,ORD0001692,5,Fast delivery,2023-09-23 06:58:34
REV001374,ORD0002116,5,,2023-12-30 15:03:38
REV001375,ORD0001088,5,Late delivery,2023-10-23 16:34:45
REV001376,ORD0001181,5,Great product,2024-08-23 18:29:28
REV001377,ORD0002894,1,Great product,2023-05-13 03:58:39
REV001378,ORD0001186,4,Not as expected,2023-07-05 17:33:09
REV001379,ORD0001747,4,Late delivery,2024-08-08 12:59:51
REV001380,ORD0000288,4,Not as expected,2023-04-15 13:56:01
REV001381,ORD0002424,5,Would buy again,2024-03-11 17:08:13
REV001382,ORD0002429,4,Fast delivery,2024-11-13 04:13:17
REV001383,ORD0002723,4,Fast delivery,2023-07-11 07:26:43
REV001384,ORD0000134,4,Great product,2023-05-21 21:45:29
REV001385,ORD0002749,5,Not as expected,2023-04-04 15:55:51
REV001386,ORD0001491,5,Great product,2023-11-08 00:15:06
REV001387,ORD0000525,4,Late delivery,2024-04-30 05:29:44
REV001388,ORD0001511,5,,2023-12-22 15:26:42
REV001389,ORD0001289,5,Exactly what I needed,2023-07-19 13:25:27
REV001390,ORD0002851,5,,2023-08-11 16:11:33
REV001391,ORD0000993,5,Fast delivery,2024-06-01 13:36:48
REV001392,ORD0001170,5,Great product,2024-11-08 09:59:40
REV001393,ORD0000093,4,Poor quality,2023-03-21 19:27:15
REV001394,ORD0002468,5,Fast delivery,2024-01-10 19:14:05
REV001395,ORD0001974,5,Late delivery,2024-03-25 13:20:07
REV001396,ORD0001347,5,Fast delivery,2023-03-24 07:05:26
REV001397,ORD0001642,5,Not as expected,2024-06-19 14:26:21
REV001398,ORD0001298,4,,2024-07-08 00:26:13
REV001399,ORD0001011,5,,2023-03-06 09:31:13
REV001400,ORD0001314,5,,2023-11-05 00:09:09
REV001401,ORD0000449,4,Exactly what I needed,2023-12-15 00:08:24
REV001402,ORD0000667,5,,2024-07-05 12:30:24
REV001403,ORD0001981,5,Fast delivery,2024-03-08 06:57:42
REV001404,ORD0000126,3,Fast delivery,2024-11-26 00:26:43
REV001405,ORD0000680,4,,2023-03-21 17:22:27
REV001406,ORD0002819,5,,2024-03-27 14:27:05
REV001407,ORD0002218,5,Fast delivery,2024-01-02 14:44:33
REV001408,ORD0001800,5,Late delivery,2024-11-29 07:31:29
REV001409,ORD0000498,5,Great product,2024-05-10 11:42:32
REV001410,ORD0000214,3,Great product,2023-08-30 10:15:12
REV001411,ORD0001047,4,Fast delivery,2024-03-31 10:27:03
REV001412,ORD0001233,5,,2024-09-18 02:44:46
REV001413,ORD0001806,5,Not as expected,2024-12-16 20:01:38
REV001414,ORD0002297,5,Late delivery,2024-07-27 12:54:34
REV001415,ORD0000908,5,Not as expected,2023-10-29 14:55:40
REV001416,ORD0000731,2,,2024-12-28 05:23:16
REV001417,ORD0001616,5,Not as expected,2024-01-27 03:32:17
REV001418,ORD0001564,5,Not as expected,2023-03-17 19:55:18
REV001419,ORD0000003,1,,2023-06-06 12:47:23
REV001420,ORD0002060,5,Would buy again,2024-11-01 07:07:55
REV001421,ORD0001348,3,,2024-02-04 08:33:42
REV001422,ORD0002738,4,Not as expected,2023-04-22 08:09:33
REV001423,ORD0001158,4,Not as expected,2023-01-03 01:28:12
REV001424,ORD0002004,4,Poor quality,2024-06-05 00:18:32
REV001425,ORD0001637,5,,2023-06-08 02:02:40
REV001426,ORD0000685,4,,2023-12-13 11:02:22
REV001427,ORD0000388,5,,2024-02-28 18:42:46
REV001428,ORD0001656,5,Exactly what I needed,2023-03-26 21:06:51
REV001429,ORD0001340,4,Late delivery,2024-01-05 15:01:40
REV001430,ORD0002444,5,,2023-01-18 00:59:40
REV001431,ORD0001397,5,,2023-08-19 23:56:10
REV001432,ORD0000030,4,Fast delivery,2023-09-21 22:11:05
REV001433,ORD0002110,5,Late delivery,2023-12-16 13:27:59
REV001434,ORD0000048,3,Poor quality,2023-06-03 01:46:16
REV001435,ORD0001448,4,Late delivery,2024-10-30 14:08:55
REV001436,ORD0001718,5,,2024-02-02 08:44:46
REV001437,ORD0002131,5,,2024-01-06 05:22:56
REV001438,ORD0000990,2,Fast delivery,2023-02-16 23:13:13
REV001439,ORD0002842,4,,2023-12-04 04:26:39
REV001440,ORD0001449,4,Not as expected,2024-02-26 11:00:18
REV001441,ORD0002428,5,Exactly what I needed,2023-12-18 15:57:04
REV001442,ORD0002409,4,Not as expected,2023-12-22 12:33:57
REV001443,ORD0001284,5,Poor quality,2024-02-14 03:22:29
REV001444,ORD0000253,5,,2023-07-15 04:16:31
REV001445,ORD0000912,5,,2023-11-17 16:19:13
REV001446,ORD0002176,5,,2023-05-06 04:45:45
REV001447,ORD0001545,4,,2023-12-12 15:46:29
REV001448,ORD0001100,2,Late delivery,2024-02-19 15:45:55
REV001449,ORD0001452,4,Would buy again,2023-02-21 16:38:46
REV001450,ORD0001163,5,Poor quality,2023-03-08 01:34:01
REV001451,ORD0000112,3,,2023-06-15 19:14:30
REV001452,ORD0000412,2,Fast delivery,2024-09-10 05:50:37
REV001453,ORD0001994,5,,2023-03-08 23:12:57
REV001454,ORD0001293,4,Great product,2023-08-05 11:23:21
REV001455,ORD0000479,5,Late delivery,2024-05-11 23:10:44
REV001456,ORD0001691,2,Fast delivery,2024-04-06 01:53:08
REV001457,ORD0002597,5,Not as expected,2024-07-06 02:25:34
REV001458,ORD0001804,4,Not as expected,2024-06-10 17:09:04
REV001459,ORD0002238,4,Exactly what I needed,2023-09-22 08:49:31
REV001460,ORD0002378,2,Fast delivery,2024-09-13 00:22:02
REV001461,ORD0002496,5,,2024-03-13 19:57:28
REV001462,ORD0001312,5,Poor quality,2024-08-13 17:29:59
REV001463,ORD0002678,1,,2024-10-20 03:26:47
REV001464,ORD0001712,2,,2024-04-27 13:04:21
REV001465,ORD0002829,5,Not as expected,2024-09-01 16:42:29
REV001466,ORD0001962,3,Would buy again,2024-04-16 15:09:06
REV001467,ORD0001950,5,,2023-04-22 08:28:37
REV001468,ORD0001865,5,,2024-07-29 22:49:47
REV001469,ORD0002604,4,Poor quality,2023-02-11 09:27:31
REV001470,ORD0001413,5,Late delivery,2024-01-01 06:43:23
REV001471,ORD0002609,5,Not as expected,2023-11-03 22:48:43
REV001472,ORD0000278,5,Not as expected,2023-04-09 00:14:45
REV001473,ORD0001643,4,,2024-03-02 04:23:28
REV001474,ORD0000940,5,Poor quality,2024-07-03 08:16:40
REV001475,ORD0000047,5,,2024-04-20 11:51:59
REV001476,ORD0002466,4,,2024-01-10 03:12:24
REV001477,ORD0001199,5,,2024-08-30 18:00:50
REV001478,ORD0001442,3,Exactly what I needed,2023-06-02 14:07:15
REV001479,ORD0002771,5,Fast delivery,2023-08-29 14:59:58
REV001480,ORD0002041,5,Poor quality,2023-12-04 05:35:35
REV001481,ORD0002699,5,Would buy again,2023-04-09 09:38:14
REV001482,ORD0000661,4,Would buy again,2024-09-10 04:07:02
REV001483,ORD0002614,5,Poor quality,2023-12-29 14:10:29
REV001484,ORD0000143,3,,2024-06-13 10:22:00
REV001485,ORD0001837,5,,2023-05-29 04:51:53
REV001486,ORD0000133,4,Would buy again,2024-07-27 15:20:46
REV001487,ORD0002915,4,Not as expected,2024-08-30 04:23:53
REV001488,ORD0002243,3,Great product,2024-02-18 09:46:59
REV001489,ORD0000233,4,Exactly what I needed,2024-01-22 10:04:57
REV001490,ORD0002128,2,Would buy again,2024-10-16 12:06:23
REV001491,ORD0000377,4,Poor quality,2023-02-04 18:04:12
REV001492,ORD0001220,5,,2023-12-16 07:48:38
REV001493,ORD0000055,5,Not as expected,2024-02-04 01:11:31
REV001494,ORD0002358,4,Late delivery,2024-05-29 18:01:36
REV001495,ORD0000240,3,Would buy again,2024-11-04 11:41:57
REV001496,ORD0000795,5,,2024-09-27 08:11:30
REV001497,ORD0002224,5,,2023-07-26 05:34:42
REV001498,ORD0000201,5,,2023-08-14 06:05:01
REV001499,ORD0001562,3,Would buy again,2023-06-30 19:07:19
REV001500,ORD0001112,3,Fast delivery,2023-05-27 18:52:26
REV001501,ORD0000681,5,Exactly what I needed,2023-11-13 10:11:25
REV001502,ORD0000435,5,Fast delivery,2024-12-17 00:39:53
REV001503,ORD0000851,5,,2024-11-10 10:36:12
REV001504,ORD0000157,5,Poor quality,2023-12-10 23:40:25
REV001505,ORD0000116,5,Not as expected,2023-04-13 05:18:27
REV001506,ORD0000848,4,,2023-04-03 18:31:15
REV001507,ORD0002913,5,Not as expected,2023-02-06 22:56:34
REV001508,ORD0000057,5,,2023-07-07 19:59:34
REV001509,ORD0002818,5,Poor quality,2023-06-21 08:52:45
REV001510,ORD0002493,2,Fast delivery,2024-04-02 16:05:02
REV001511,ORD0002188,5,,2024-05-16 13:14:43
REV001512,ORD0000773,4,Exactly what I needed,2023-09-21 17:41:00
REV001513,ORD0000985,3,Late delivery,2024-06-02 02:45:59
REV001514,ORD0000013,5,Late delivery,2024-06-16 03:42:23
REV001515,ORD0000379,3,Exactly what I needed,2023-04-27 12:50:04
REV001516,ORD0001835,5,Poor quality,2024-01-15 07:22:45
REV001517,ORD0001581,4,Poor quality,2023-12-15 16:05:10
REV001518,ORD0001083,5,Poor quality,2023-03-10 20:44:14
REV001519,ORD0001273,4,Late delivery,2023-11-24 01:43:48
REV001520,ORD0000251,4,Fast delivery,2024-05-06 16:04:58
REV001521,ORD0000264,4,,2024-02-18 01:04:33
REV001522,ORD0000972,4,Exactly what I needed,2024-11-12 08:54:45
REV001523,ORD0001533,5,Poor quality,2023-06-05 22:03:19
REV001524,ORD0001949,5,Late delivery,2024-07-30 12:36:02
REV001525,ORD0001782,5,Exactly what I needed,2024-10-10 10:49:01
REV001526,ORD0000496,5,Exactly what I needed,2024-06-28 22:04:23
REV001527,ORD0001772,5,Fast delivery,2023-12-11 17:13:21
REV001528,ORD0002531,4,Would buy again,2023-07-20 18:39:16
REV001529,ORD0001514,5,Not as expected,2023-11-19 04:20:14
REV001530,ORD0001339,4,Exactly what I needed,2024-03-13 11:54:54
REV001531,ORD0000669,5,,2024-10-09 22:32:44
REV001532,ORD0001975,5,Great product,2024-02-05 02:23:13
REV001533,ORD0002252,5,Fast delivery,2024-07-19 16:05:56
REV001534,ORD0002658,5,,2024-05-11 16:16:31
REV001535,ORD0001094,3,Fast delivery,2023-08-30 18:42:29
REV001536,ORD0002319,5,Would buy again,2024-04-08 20:48:16
REV001537,ORD0002028,2,Exactly what I needed,2023-12-31 15:50:00
REV001538,ORD0000705,3,Would buy again,2024-10-23 14:11:17
REV001539,ORD0002872,5,Would buy again,2023-10-20 03:21:19
REV001540,ORD0001029,4,Would buy again,2023-04-25 18:23:36
REV001541,ORD0001920,4,,2024-07-07 21:30:59
REV001542,ORD0001910,5,,2023-10-11 23:58:49
REV001543,ORD0000128,5,,2023-04-12 01:10:47
REV001544,ORD0001821,5,Fast delivery,2024-05-25 12:29:53
REV001545,ORD0001872,4,Fast delivery,2024-10-10 06:51:39
REV001546,ORD0002173,4,Not as expected,2023-07-14 07:34:24
REV001547,ORD0001129,1,Exactly what I needed,2024-04-25 11:31:01
REV001548,ORD0002991,5,Great product,2024-04-08 07:55:12
REV001549,ORD0001745,5,Poor quality,2023-03-08 23:12:44
REV001550,ORD0000150,4,Not as expected,2024-05-30 04:50:58
REV001551,ORD0001880,5,Would buy again,2023-11-18 16:06:54
REV001552,ORD0002761,5,,2023-01-03 19:52:29
REV001553,ORD0000760,5,Poor quality,2024-05-23 22:29:33
REV001554,ORD0000259,5,,2024-04-14 21:34:16
REV001555,ORD0001356,4,Would buy again,2024-03-23 10:02:37
REV001556,ORD0000649,5,Would buy again,2024-05-02 03:42:49
REV001557,ORD0002216,5,Would buy again,2024-11-24 02:03:50
REV001558,ORD0000938,4,Not as expected,2024-07-11 16:50:01
REV001559,ORD0001769,5,,2023-05-09 22:34:04
REV001560,ORD0002634,4,Would buy again,2023-06-14 13:26:04
REV001561,ORD0001105,5,,2024-07-06 08:05:53
REV001562,ORD0002045,5,Exactly what I needed,2024-07-15 18:03:26
REV001563,ORD0002053,5,,2023-06-14 21:37:24
REV001564,ORD0002720,5,Late delivery,2023-07-27 04:07:20
REV001565,ORD0000005,3,Fast delivery,2024-02-19 23:10:31
REV001566,ORD0000658,4,Great product,2023-03-31 21:04:30
REV001567,ORD0002587,5,Not as expected,2023-01-14 00:11:18
REV001568,ORD0001479,2,Fast delivery,2024-03-29 02:33:19
REV001569,ORD0000165,1,Great product,2023-05-24 17:26:02
REV001570,ORD0002967,5,Not as expected,2023-01-22 14:15:46
REV001571,ORD0001363,4,Late delivery,2024-05-22 03:58:04
REV001572,ORD0002455,5,Late delivery,2023-11-01 20:39:12
REV001573,ORD0001507,5,Fast delivery,2023-01-04 04:44:48
REV001574,ORD0000191,4,Great product,2024-04-12 03:12:08
REV001575,ORD0001831,5,Poor quality,2023-05-24 08:54:57
REV001576,ORD0001674,5,Fast delivery,2023-03-22 19:34:46
REV001577,ORD0001799,3,Would buy again,2023-04-14 16:16:11
REV001578,ORD0002982,5,Would buy again,2023-05-21 11:13:33
REV001579,ORD0000042,5,Great product,2024-12-13 11:34:57
REV001580,ORD0001307,5,,2023-02-27 10:21:48
REV001581,ORD0002853,5,Would buy again,2023-04-14 04:48:01
REV001582,ORD0002590,5,Poor quality,2023-07-11 00:56:42
REV001583,ORD0000622,5,Fast delivery,2024-02-26 07:48:17
REV001584,ORD0001731,5,Would buy again,2024-06-08 08:52:16
REV001585,ORD0002775,5,,2024-03-12 05:37:23
REV001586,ORD0001856,5,,2024-04-24 02:39:19
REV001587,ORD0001274,4,Poor quality,2024-07-20 13:09:03
REV001588,ORD0000842,2,Poor quality,2024-10-10 05:00:12
REV001589,ORD0001673,5,,2024-12-12 22:09:32
REV001590,ORD0001796,5,Late delivery,2023-01-02 05:15:34
REV001591,ORD0002784,2,Great product,2023-01-15 23:00:37
REV001592,ORD0002841,4,Late delivery,2024-12-26 02:57:17
REV001593,ORD0000913,5,Would buy again,2023-04-22 19:53:12
REV001594,ORD0001411,5,Not as expected,2024-05-15 07:29:40
REV001595,ORD0002437,4,,2023-11-22 10:27:20
REV001596,ORD0000874,4,Poor quality,2024-07-29 04:44:20
REV001597,ORD0001867,4,,2023-02-05 22:17:52
REV001598,ORD0001972,5,Not as expected,2023-11-22 09:48:17
REV001599,ORD0000020,4,Fast delivery,2024-04-10 03:28:35
REV001600,ORD0002518,5,Great product,2023-11-10 16:34:47
REV001601,ORD0000957,5,Would buy again,2024-12-26 12:12:54
REV001602,ORD0001142,5,Would buy again,2023-04-14 16:45:04
REV001603,ORD0000357,4,Great product,2023-03-15 03:47:51
REV001604,ORD0001030,5,,2023-08-03 09:42:38
REV001605,ORD0002200,1,Not as expected,2023-04-23 12:50:25
REV001606,ORD0002633,5,Late delivery,2024-05-12 05:40:56
REV001607,ORD0000024,5,Late delivery,2023-07-26 15:33:21
REV001608,ORD0001629,3,Would buy again,2023-08-22 09:06:48
REV001609,ORD0000234,5,Late delivery,2024-01-18 21:32:45
REV001610,ORD0000499,2,Fast delivery,2024-09-21 09:02:38
REV001611,ORD0001015,5,Exactly what I needed,2023-12-19 15:31:15
REV001612,ORD0001208,5,Fast delivery,2023-05-09 15:01:20
REV001613,ORD0002461,3,Poor quality,2024-06-16 17:38:32
REV001614,ORD0002732,3,,2024-02-10 13:05:47
REV001615,ORD0000554,5,,2023-11-11 06:59:11
REV001616,ORD0001905,2,Fast delivery,2024-03-31 13:41:08
REV001617,ORD0002920,5,,2023-01-01 14:43:25
REV001618,ORD0002288,4,Would buy again,2024-08-25 23:10:37
REV001619,ORD0002080,5,Poor quality,2024-05-16 09:12:56
REV001620,ORD0001474,4,Late delivery,2023-03-23 18:48:37
REV001621,ORD0000087,3,Not as expected,2023-03-31 10:01:44
REV001622,ORD0002676,5,Poor quality,2024-10-14 19:07:52
REV001623,ORD0001550,4,Fast delivery,2024-01-26 10:57:13
REV001624,ORD0001540,5,Not as expected,2023-07-26 02:01:59
REV001625,ORD0002953,5,,2023-02-06 22:56:55
REV001626,ORD0000194,3,,2023-06-02 21:55:29
REV001627,ORD0001902,5,Would buy again,2024-08-03 08:07:36
REV001628,ORD0000488,5,Exactly what I needed,2023-12-20 02:18:42
REV001629,ORD0001515,4,Exactly what I needed,2023-04-06 11:03:08
REV001630,ORD0002008,5,Exactly what I needed,2023-01-13 06:39:34
REV001631,ORD0002354,4,,2023-07-21 03:46:56
REV001632,ORD0000756,3,,2024-07-27 23:02:11
REV001633,ORD0000729,5,,2023-07-02 05:21:59
REV001634,ORD0002520,4,Would buy again,2024-08-02 17:34:51
REV001635,ORD0001305,5,Not as expected,2023-03-04 22:29:13
REV001636,ORD0002843,4,Fast delivery,2024-01-05 08:35:47
REV001637,ORD0002012,5,Fast delivery,2023-07-18 04:06:09
REV001638,ORD0001733,5,Would buy again,2023-05-09 09:28:04
REV001639,ORD0002691,5,Fast delivery,2023-06-20 18:34:58
REV001640,ORD0002199,4,Late delivery,2024-09-14 18:57:27
REV001641,ORD0000025,4,Poor quality,2023-05-14 06:14:17
REV001642,ORD0001793,2,Not as expected,2024-04-24 06:49:54
REV001643,ORD0000967,5,,2023-01-26 15:52:48
REV001644,ORD0002192,2,Not as expected,2024-01-20 09:05:46
REV001645,ORD0002335,5,Poor quality,2024-11-27 06:15:29
REV001646,ORD0002907,5,Poor quality,2024-09-23 15:09:22
REV001647,ORD0002125,5,Not as expected,2024-07-08 01:41:20
REV001648,ORD0001032,5,Great product,2024-12-04 13:18:07
REV001649,ORD0002552,5,Not as expected,2024-06-23 07:27:04
REV001650,ORD0002442,5,Great product,2023-12-22 19:44:55
REV001651,ORD0002799,5,Fast delivery,2023-07-02 04:27:54
REV001652,ORD0000772,4,,2023-10-18 12:46:55
REV001653,ORD0001672,4,,2023-03-27 09:37:57
REV001654,ORD0002070,3,Great product,2023-03-01 00:05:48
REV001655,ORD0002735,4,Exactly what I needed,2024-12-26 23:54:06
REV001656,ORD0001886,5,Poor quality,2023-01-27 03:23:05
REV001657,ORD0002780,3,Not as expected,2024-08-09 02:02:32
REV001658,ORD0001569,3,Great product,2024-10-08 14:45:12
REV001659,ORD0002605,4,Poor quality,2023-05-13 04:58:02
REV001660,ORD0002232,5,,2024-12-04 12:54:19
REV001661,ORD0002742,4,Would buy again,2024-02-09 09:30:05
REV001662,ORD0002571,5,,2023-07-09 23:33:53
REV001663,ORD0002592,5,,2024-06-24 07:26:53
REV001664,ORD0000402,4,Late delivery,2023-07-30 06:14:19
REV001665,ORD0001407,3,Late delivery,2023-11-24 08:49:34
REV001666,ORD0002397,4,Would buy again,2024-04-03 07:39:28
REV001667,ORD0002884,4,Poor quality,2024-08-26 03:57:23
REV001668,ORD0001330,5,Fast delivery,2024-02-12 08:46:20
REV001669,ORD0001889,3,Poor quality,2023-02-19 15:31:08
REV001670,ORD0000555,4,,2024-11-02 17:03:54
REV001671,ORD0000105,4,Exactly what I needed,2024-08-06 02:39:33
REV001672,ORD0002739,5,Poor quality,2023-06-13 06:42:30
REV001673,ORD0001960,4,Exactly what I needed,2023-11-03 13:57:32
REV001674,ORD0000923,5,,2024-05-14 04:17:18
REV001675,ORD0002870,5,Would buy again,2024-01-05 00:16:56
REV001676,ORD0000477,5,Would buy again,2024-03-07 04:00:04
REV001677,ORD0002704,4,,2023-02-06 14:16:52
REV001678,ORD0001146,4,,2024-05-23 10:01:30
REV001679,ORD0001908,4,Great product,2024-04-06 19:35:24
REV001680,ORD0000515,5,,2024-07-19 16:32:29
REV001681,ORD0001907,4,Great product,2024-01-11 17:24:32
REV001682,ORD0002867,4,Late delivery,2023-06-12 23:21:37
REV001683,ORD0001282,5,Fast delivery,2023-06-25 15:32:46
REV001684,ORD0001855,3,,2023-07-29 01:50:24
REV001685,ORD0001130,2,Great product,2024-05-29 23:55:21
REV001686,ORD0002083,5,,2024-03-19 14:02:29
REV001687,ORD0000267,5,,2024-10-08 22:33:18
REV001688,ORD0002422,1,Exactly what I needed,2024-04-15 08:23:32
REV001689,ORD0002573,5,Would buy again,2023-11-19 12:44:05
REV001690,ORD0000798,5,Great product,2023-06-19 08:26:22
REV001691,ORD0000641,4,Fast delivery,2024-11-21 20:06:16
REV001692,ORD0000983,3,,2023-01-20 09:25:50
REV001693,ORD0000475,3,Would buy again,2023-10-16 18:41:18
REV001694,ORD0000757,4,,2023-03-09 03:01:10
REV001695,ORD0000174,4,Exactly what I needed,2024-11-23 08:29:10
REV001696,ORD0000659,4,Fast delivery,2024-06-01 11:56:39
REV001697,ORD0000589,5,Not as expected,2024-12-20 09:09:12
REV001698,ORD0001502,4,Late delivery,2023-12-21 15:20:13
REV001699,ORD0002095,4,Great product,2024-05-21 12:37:02
REV001700,ORD0001789,3,Poor quality,2023-12-29 05:24:55
REV001701,ORD0002811,4,Late delivery,2024-11-12 08:33:19
REV001702,ORD0000887,5,Not as expected,2024-04-26 14:17:27
REV001703,ORD0001595,5,Exactly what I needed,2023-05-23 17:35:31
REV001704,ORD0000916,4,Late delivery,2023-04-09 02:12:12
REV001705,ORD0002640,5,Exactly what I needed,2024-08-02 23:14:05
REV001706,ORD0001647,5,Late delivery,2024-11-08 02:26:00
REV001707,ORD0002848,5,,2023-07-31 05:30:30
REV001708,ORD0001785,5,Exactly what I needed,2024-02-16 22:25:29
REV001709,ORD0002753,5,Would buy again,2024-08-29 21:37:17
REV001710,ORD0002782,5,Poor quality,2024-03-14 10:18:19
REV001711,ORD0000557,4,Exactly what I needed,2024-11-14 04:32:32
REV001712,ORD0000428,5,Not as expected,2024-02-03 14:23:51
REV001713,ORD0002366,3,Not as expected,2024-10-14 19:51:35
REV001714,ORD0000829,3,Not as expected,2023-08-20 16:33:25
REV001715,ORD0002603,5,Would buy again,2023-01-25 16:47:02
REV001716,ORD0002946,5,Not as expected,2024-10-22 17:18:21
REV001717,ORD0000537,5,Late delivery,2023-07-13 01:50:26
REV001718,ORD0001079,4,Exactly what I needed,2023-01-19 00:33:59
REV001719,ORD0001468,4,Great product,2024-07-24 20:31:08
REV001720,ORD0000606,5,,2024-03-11 12:27:13
REV001721,ORD0001214,3,,2024-06-01 17:31:35
REV001722,ORD0000933,5,Fast delivery,2024-05-22 10:46:01
REV001723,ORD0000698,3,,2024-02-18 10:24:24
REV001724,ORD0000219,5,Great product,2024-05-01 10:52:51
REV001725,ORD0002914,5,Not as expected,2023-12-13 15:16:33
REV001726,ORD0002488,5,Fast delivery,2024-06-12 04:17:50
REV001727,ORD0002873,3,Poor quality,2024-07-18 20:47:08
REV001728,ORD0001071,5,,2024-04-07 16:57:05
REV001729,ORD0001382,5,Great product,2024-08-02 03:34:34
REV001730,ORD0001341,5,Would buy again,2024-09-04 16:35:53
REV001731,ORD0000642,5,Poor quality,2023-05-06 21:53:18
REV001732,ORD0001043,4,,2024-01-03 23:05:08
REV001733,ORD0002925,1,Would buy again,2024-05-28 20:18:31
REV001734,ORD0002722,5,Poor quality,2024-12-15 02:48:55
REV001735,ORD0002470,4,,2023-02-28 13:56:09
REV001736,ORD0001196,5,Late delivery,2023-04-21 22:25:09
REV001737,ORD0000965,4,,2023-11-29 02:36:31
REV001738,ORD0000487,4,Would buy again,2024-07-03 12:37:54
REV001739,ORD0002038,5,Would buy again,2024-11-07 00:26:59
REV001740,ORD0000107,5,Poor quality,2023-07-27 18:45:09
REV001741,ORD0000889,5,,2023-10-04 04:18:28
REV001742,ORD0002040,5,Exactly what I needed,2023-08-14 23:11:53
REV001743,ORD0002715,4,Great product,2023-03-25 15:21:45
REV001744,ORD0000144,5,Would buy again,2024-03-18 10:26:06
REV001745,ORD0000899,5,Would buy again,2023-10-08 08:14:55
REV001746,ORD0002347,4,Would buy again,2024-12-24 13:51:42
REV001747,ORD0001064,5,Fast delivery,2023-06-16 03:39:08
REV001748,ORD0000317,3,Not as expected,2023-12-20 17:34:34
REV001749,ORD0000185,5,Exactly what I needed,2024-06-21 09:14:25
REV001750,ORD0002112,5,Great product,2023-03-22 12:01:42
REV001751,ORD0000689,5,Late delivery,2023-07-19 20:19:07
REV001752,ORD0002918,3,Would buy again,2024-07-14 01:20:58
REV001753,ORD0001909,4,Late delivery,2023-03-01 00:58:10
REV001754,ORD0001134,4,Fast delivery,2024-04-11 03:19:29
REV001755,ORD0001590,5,Fast delivery,2024-01-24 04:21:23
REV001756,ORD0001323,5,Great product,2024-10-15 04:38:07
REV001757,ORD0000367,5,Fast delivery,2024-03-20 13:58:05
REV001758,ORD0002525,4,Would buy again,2024-06-13 12:14:53
REV001759,ORD0002541,4,,2023-05-14 15:34:14
REV001760,ORD0000768,4,Exactly what I needed,2023-04-21 16:53:09
REV001761,ORD0001148,4,,2023-06-13 23:44:39
REV001762,ORD0002256,5,Exactly what I needed,2023-03-19 13:21:07
REV001763,ORD0000536,5,Would buy again,2024-11-24 16:54:11
REV001764,ORD0000651,4,Poor quality,2023-02-09 03:39:30
REV001765,ORD0002383,5,Late delivery,2023-02-21 23:57:40
REV001766,ORD0000154,5,Late delivery,2024-12-07 02:02:27
REV001767,ORD0001403,5,Exactly what I needed,2023-10-25 14:32:10
REV001768,ORD0002403,4,Would buy again,2023-03-13 23:48:04
REV001769,ORD0001687,4,Poor quality,2024-01-02 21:13:32
REV001770,ORD0000786,3,Exactly what I needed,2023-04-15 02:46:05
REV001771,ORD0000708,5,,2023-04-25 06:26:03
REV001772,ORD0001951,4,Fast delivery,2023-09-17 02:52:11
REV001773,ORD0002788,4,,2023-07-16 06:02:40
REV001774,ORD0001641,4,Poor quality,2024-01-10 09:36:28
REV001775,ORD0002239,5,,2024-09-04 03:29:03
REV001776,ORD0001055,3,,2023-08-01 09:33:13
REV001777,ORD0000306,5,Fast delivery,2024-05-12 09:01:38
REV001778,ORD0002019,5,Exactly what I needed,2023-06-04 04:22:41
REV001779,ORD0002014,4,Poor quality,2024-08-01 18:05:58
REV001780,ORD0002185,4,Not as expected,2024-10-31 06:24:50
REV001781,ORD0000314,5,Would buy again,2024-01-29 13:33:12
REV001782,ORD0001469,5,,2024-08-20 13:17:50
REV001783,ORD0000776,4,Exactly what I needed,2024-01-17 08:28:12
REV001784,ORD0002948,4,Late delivery,2024-05-02 09:23:46
REV001785,ORD0001534,3,Poor quality,2024-02-27 05:27:17
REV001786,ORD0001122,4,Exactly what I needed,2024-03-03 17:39:58
REV001787,ORD0002179,5,Poor quality,2023-09-06 07:41:50
REV001788,ORD0001809,5,Fast delivery,2023-05-21 23:43:35
REV001789,ORD0000791,3,Late delivery,2024-10-29 02:53:50
REV001790,ORD0000097,5,Poor quality,2023-06-24 10:59:20
REV001791,ORD0002598,4,Poor quality,2023-11-12 12:05:43
REV001792,ORD0000307,5,Exactly what I needed,2023-06-08 02:16:28
REV001793,ORD0002211,3,Late delivery,2024-04-12 04:28:52
REV001794,ORD0001667,5,Would buy again,2023-06-19 05:59:59
REV001795,ORD0001119,4,Late delivery,2024-02-02 18:12:23
REV001796,ORD0001115,5,Fast delivery,2023-08-15 01:01:09
REV001797,ORD0000289,2,Not as expected,2024-04-13 14:13:08
REV001798,ORD0001418,5,Exactly what I needed,2024-05-02 01:12:34
REV001799,ORD0000297,5,Fast delivery,2024-10-29 18:39:35
REV001800,ORD0002068,3,Would buy again,2024-07-30 13:37:11
REV001801,ORD0000955,4,,2023-01-16 22:33:45
REV001802,ORD0002020,4,,2024-09-30 10:00:22
REV001803,ORD0001696,5,Poor quality,2024-09-03 23:47:03
REV001804,ORD0001035,5,Fast delivery,2023-11-07 19:38:25
REV001805,ORD0001026,5,Fast delivery,2024-03-05 15:48:54
REV001806,ORD0002636,5,,2023-05-06 00:36:40
REV001807,ORD0000186,5,,2023-07-15 02:01:16
REV001808,ORD0000726,5,Exactly what I needed,2023-10-06 02:32:59
REV001809,ORD0001395,5,,2024-09-26 04:44:05
REV001810,ORD0000821,4,Poor quality,2024-10-22 08:52:50
REV001811,ORD0001623,5,Not as expected,2023-03-25 05:20:43
REV001812,ORD0002746,3,Late delivery,2023-02-22 02:08:36
REV001813,ORD0002177,5,Fast delivery,2024-07-31 21:01:49
REV001814,ORD0001722,5,Great product,2023-02-16 09:56:35
REV001815,ORD0001723,2,Fast delivery,2024-04-10 12:07:19
REV001816,ORD0000953,3,Not as expected,2024-02-23 03:26:32
REV001817,ORD0001231,3,Great product,2024-03-26 15:55:13
REV001818,ORD0001082,5,Exactly what I needed,2023-10-23 21:22:39
REV001819,ORD0002251,5,Would buy again,2023-01-17 18:40:00
REV001820,ORD0002321,5,Would buy again,2023-01-23 05:48:11
REV001821,ORD0001430,5,Exactly what I needed,2023-11-10 11:16:16
REV001822,ORD0001386,5,Fast delivery,2024-12-25 01:50:49
REV001823,ORD0001093,5,Exactly what I needed,2024-01-18 13:45:36
REV001824,ORD0000012,3,Not as expected,2023-03-02 14:48:02
REV001825,ORD0001017,4,Poor quality,2024-09-15 22:41:24
REV001826,ORD0002413,5,Late delivery,2024-07-08 01:42:06
REV001827,ORD0000858,4,Great product,2023-11-04 08:11:55
REV001828,ORD0000202,4,Late delivery,2023-03-04 09:56:42
REV001829,ORD0001863,5,Late delivery,2024-08-17 01:03:38
REV001830,ORD0001697,5,Not as expected,2023-12-20 02:03:57
REV001831,ORD0001423,5,Late delivery,2024-12-14 12:43:59
REV001832,ORD0001062,5,Late delivery,2024-03-29 09:27:00
REV001833,ORD0001790,4,Not as expected,2023-03-29 07:11:06
REV001834,ORD0002017,1,,2024-08-23 10:22:55
REV001835,ORD0002655,5,,2023-06-02 10:19:49
REV001836,ORD0001065,5,,2024-11-06 15:27:04
REV001837,ORD0000903,5,Would buy again,2023-04-30 16:01:22
REV001838,ORD0001259,4,Late delivery,2024-01-09 04:53:40
REV001839,ORD0002405,4,Poor quality,2023-02-05 12:30:13
REV001840,ORD0002062,5,Would buy again,2023-01-01 16:59:30
REV001841,ORD0001532,5,,2023-07-16 15:26:19
REV001842,ORD0001579,5,Fast delivery,2024-10-02 18:07:12
REV001843,ORD0001226,5,Exactly what I needed,2023-05-28 13:23:33
REV001844,ORD0001979,5,,2024-09-07 17:01:49
REV001845,ORD0002659,5,Great product,2024-09-15 18:50:22
REV001846,ORD0002523,5,Great product,2024-12-18 04:57:13
REV001847,ORD0002756,4,Poor quality,2023-11-21 12:36:42
REV001848,ORD0002568,5,Not as expected,2024-05-02 21:01:34
REV001849,ORD0000862,5,Great product,2023-12-02 16:02:51
REV001850,ORD0000414,3,Poor quality,2023-09-16 00:29:20
REV001851,ORD0000739,5,Exactly what I needed,2024-04-15 06:39:40
REV001852,ORD0002826,5,Exactly what I needed,2023-08-06 06:30:46
REV001853,ORD0002433,4,Not as expected,2023-01-03 08:51:01
REV001854,ORD0001164,4,Fast delivery,2024-09-26 01:13:11
REV001855,ORD0002897,4,Would buy again,2024-04-16 22:41:59
REV001856,ORD0001708,4,Not as expected,2023-02-09 19:36:19
REV001857,ORD0000634,4,Would buy again,2024-07-06 02:27:01
REV001858,ORD0002153,4,Would buy again,2023-12-20 03:52:56
REV001859,ORD0000373,5,Fast delivery,2024-01-19 03:46:44
REV001860,ORD0002334,5,Fast delivery,2024-06-18 01:45:10
REV001861,ORD0001121,5,Fast delivery,2023-03-29 17:43:55
REV001862,ORD0001366,4,Late delivery,2023-04-11 19:10:49
REV001863,ORD0000782,3,,2024-03-18 23:14:02
REV001864,ORD0001113,5,Fast delivery,2024-06-18 05:47:17
REV001865,ORD0000553,4,,2023-01-13 02:49:05
REV001866,ORD0002979,3,Not as expected,2024-05-16 11:39:29
REV001867,ORD0002960,5,,2023-08-12 20:06:30
REV001868,ORD0002938,5,Not as expected,2023-12-11 13:36:00
REV001869,ORD0000265,4,Fast delivery,2023-11-21 15:09:19
REV001870,ORD0001711,5,Would buy again,2024-03-18 04:38:48
REV001871,ORD0001084,5,,2024-05-05 13:55:02
REV001872,ORD0001443,5,,2024-05-12 10:13:28
REV001873,ORD0000426,5,,2024-09-14 16:03:57
REV001874,ORD0002059,5,Would buy again,2024-03-11 02:07:53
REV001875,ORD0000514,5,Fast delivery,2024-02-29 15:33:59
REV001876,ORD0002457,3,,2024-04-01 00:09:02
REV001877,ORD0002862,4,,2024-11-26 10:40:51
REV001878,ORD0002476,5,,2023-03-29 02:47:03
REV001879,ORD0002322,5,Would buy again,2024-09-21 13:55:49
REV001880,ORD0002776,1,,2024-07-01 09:17:15
REV001881,ORD0000512,2,Late delivery,2023-07-13 14:14:03
REV001882,ORD0000365,5,,2023-02-12 22:58:42
REV001883,ORD0000810,5,Great product,2023-10-10 16:45:51
REV001884,ORD0001638,5,Not as expected,2023-12-05 05:55:22
REV001885,ORD0000476,4,Fast delivery,2024-05-13 08:18:44
REV001886,ORD0002282,5,,2023-05-09 00:52:07
REV001887,ORD0002718,5,Not as expected,2023-02-27 13:19:01
REV001888,ORD0002145,5,Fast delivery,2023-07-28 00:08:03
REV001889,ORD0001566,5,,2023-01-17 18:40:44
REV001890,ORD0002193,5,Not as expected,2023-03-14 04:24:40
REV001891,ORD0000725,5,Great product,2024-07-06 18:43:43
REV001892,ORD0001995,5,Poor quality,2024-07-14 09:31:59
REV001893,ORD0001192,5,Late delivery,2023-09-18 09:22:28
REV001894,ORD0000089,1,Great product,2023-10-29 05:18:54
REV001895,ORD0000538,5,Late delivery,2023-11-11 04:18:49
REV001896,ORD0002257,5,Would buy again,2024-09-13 01:18:35
REV001897,ORD0002887,4,Not as expected,2024-03-06 11:22:48
REV001898,ORD0001613,5,Fast delivery,2023-06-06 05:37:17
REV001899,ORD0002191,5,Not as expected,2023-08-27 06:42:26
REV001900,ORD0002600,5,Great product,2023-11-09 17:15:41
REV001901,ORD0000453,4,Late delivery,2023-07-08 00:05:01
REV001902,ORD0001526,5,Fast delivery,2023-04-12 02:53:21
REV001903,ORD0002716,4,Not as expected,2024-11-01 20:14:00
REV001904,ORD0002475,4,Fast delivery,2023-04-27 18:30:19
REV001905,ORD0002503,4,,2024-07-06 02:02:27
REV001906,ORD0000663,4,Exactly what I needed,2023-10-02 05:07:26
REV001907,ORD0002122,5,Would buy again,2024-09-18 23:05:54
REV001908,ORD0001891,4,Would buy again,2023-05-10 09:29:55
REV001909,ORD0000918,5,Fast delivery,2023-07-16 13:56:22
REV001910,ORD0000761,5,,2024-11-10 20:37:34
REV001911,ORD0002759,5,,2024-12-15 04:50:29
REV001912,ORD0002627,5,Exactly what I needed,2023-05-05 05:54:40
REV001913,ORD0000893,3,Would buy again,2024-06-16 03:55:22
REV001914,ORD0001836,5,Fast delivery,2024-09-02 08:32:03
REV001915,ORD0002118,4,Would buy again,2024-11-18 00:22:02
REV001916,ORD0002733,5,Not as expected,2023-06-30 06:43:32
REV001917,ORD0001861,1,Poor quality,2024-06-08 02:33:11
REV001918,ORD0002105,4,Poor quality,2023-04-29 00:57:01
REV001919,ORD0001125,5,,2024-09-07 19:53:18
REV001920,ORD0002310,5,Not as expected,2024-07-07 05:24:34
REV001921,ORD0001410,5,Great product,2024-08-26 22:06:31
REV001922,ORD0000572,3,Fast delivery,2023-12-06 05:30:11
REV001923,ORD0001683,5,Great product,2024-02-24 01:54:19
REV001924,ORD0002063,3,Late delivery,2024-08-05 07:57:13
REV001925,ORD0000969,5,Poor quality,2024-12-21 14:13:41
REV001926,ORD0002569,4,Great product,2024-11-17 01:30:10
REV001927,ORD0001041,4,Late delivery,2024-12-23 04:38:32
REV001928,ORD0000616,5,Would buy again,2023-08-08 23:27:41
REV001929,ORD0000968,1,,2024-04-02 02:48:32
REV001930,ORD0000175,3,,2024-12-27 23:29:28
REV001931,ORD0000294,1,,2024-05-02 17:10:17
REV001932,ORD0002522,3,Poor quality,2024-09-30 06:27:57
REV001933,ORD0000228,3,,2024-05-20 15:42:19
REV001934,ORD0002574,5,Fast delivery,2024-11-09 20:03:04
REV001935,ORD0002644,4,Late delivery,2024-12-15 12:30:21
REV001936,ORD0002089,4,Would buy again,2023-12-24 21:42:34
REV001937,ORD0001416,5,Fast delivery,2024-07-27 05:38:21
REV001938,ORD0002197,2,Late delivery,2024-02-15 05:44:15
REV001939,ORD0001839,4,Would buy again,2024-09-14 10:20:50
REV001940,ORD0002502,5,Would buy again,2023-09-10 09:25:48
REV001941,ORD0001144,3,Not as expected,2023-06-01 17:23:56
REV001942,ORD0001544,3,Great product,2023-10-11 20:06:46
REV001943,ORD0002895,4,Poor quality,2023-12-30 16:20:50
REV001944,ORD0002661,3,Exactly what I needed,2023-02-01 09:41:08
REV001945,ORD0002500,3,Great product,2024-11-10 19:03:39
REV001946,ORD0002795,4,Fast delivery,2024-01-09 06:47:05
REV001947,ORD0000707,5,,2024-01-21 11:46:13
REV001948,ORD0002342,5,Not as expected,2023-02-14 18:40:36
REV001949,ORD0000813,2,Exactly what I needed,2024-05-20 12:22:24
REV001950,ORD0001361,4,,2023-04-21 04:05:49
REV001951,ORD0002707,5,,2023-04-18 23:07:57
REV001952,ORD0002630,5,Not as expected,2024-06-08 06:01:00
REV001953,ORD0001923,5,Fast delivery,2023-12-12 14:26:24
REV001954,ORD0000268,3,Late delivery,2023-10-02 01:32:06
REV001955,ORD0001415,5,,2023-09-18 22:01:20
REV001956,ORD0002186,5,Would buy again,2023-05-15 07:58:18
REV001957,ORD0000315,5,Fast delivery,2024-01-16 01:26:35
REV001958,ORD0001478,4,Poor quality,2023-06-10 04:10:34
REV001959,ORD0001584,5,Great product,2023-05-08 07:04:53
REV001960,ORD0002246,5,Poor quality,2024-09-28 00:22:51
REV001961,ORD0002458,1,Exactly what I needed,2024-12-29 17:51:42
REV001962,ORD0001003,5,Would buy again,2024-08-08 21:41:22
REV001963,ORD0002104,2,Not as expected,2023-03-04 12:13:39
REV001964,ORD0002245,4,,2024-07-28 18:42:27
REV001965,ORD0002016,5,Fast delivery,2024-08-21 18:59:07
REV001966,ORD0000178,5,Late delivery,2023-08-14 14:47:04
REV001967,ORD0000352,5,Fast delivery,2023-01-15 23:33:49
REV001968,ORD0002889,5,Fast delivery,2023-12-12 17:01:09
REV001969,ORD0001461,5,Not as expected,2024-02-01 08:11:12
REV001970,ORD0000701,5,Fast delivery,2023-09-10 03:45:31
REV001971,ORD0000139,3,Exactly what I needed,2024-02-21 11:47:57
REV001972,ORD0000927,5,Would buy again,2023-06-08 01:20:52
REV001973,ORD0000372,5,,2024-11-16 12:01:48
REV001974,ORD0002880,3,,2023-04-13 10:24:56
REV001975,ORD0000506,5,Not as expected,2023-09-30 03:40:45
REV001976,ORD0001921,5,Would buy again,2023-11-14 18:23:47
REV001977,ORD0000721,4,Not as expected,2024-03-26 11:32:55
REV001978,ORD0002777,5,Great product,2023-02-28 21:00:57
REV001979,ORD0000117,3,,2024-10-18 12:03:18
REV001980,ORD0002058,4,Exactly what I needed,2023-03-30 11:53:17
REV001981,ORD0000576,4,Would buy again,2023-08-11 19:07:21
REV001982,ORD0000522,4,Poor quality,2024-10-25 11:59:09
REV001983,ORD0001896,5,Not as expected,2024-02-20 09:44:45
REV001984,ORD0001727,5,,2024-06-29 06:59:52
REV001985,ORD0000563,5,Not as expected,2023-09-01 14:36:12
REV001986,ORD0001679,3,Exactly what I needed,2024-03-14 05:10:26
REV001987,ORD0002686,5,Poor quality,2024-06-16 00:22:29
REV001988,ORD0002639,5,,2024-07-12 15:12:51
REV001989,ORD0000034,3,Would buy again,2023-03-18 18:26:06
REV001990,ORD0001508,5,Not as expected,2024-11-21 03:32:16
REV001991,ORD0000141,3,Great product,2023-09-16 16:24:54
REV001992,ORD0001602,5,Poor quality,2024-08-15 10:53:26
REV001993,ORD0000331,5,Exactly what I needed,2024-09-06 13:44:25
REV001994,ORD0000657,5,,2023-10-10 16:59:39
REV001995,ORD0002624,5,Exactly what I needed,2024-02-11 18:35:34
REV001996,ORD0002729,3,,2023-11-05 10:59:35
REV001997,ORD0000260,5,Fast delivery,2023-06-01 19:39:18
REV001998,ORD0001748,5,Late delivery,2024-03-25 07:13:58
REV001999,ORD0001807,4,Great product,2024-10-10 15:39:47
REV002000,ORD0000902,5,Exactly what I needed,2024-07-16 00:20:22
REV002001,ORD0002047,4,Great product,2023-01-09 07:00:10
REV002002,ORD0001392,5,Great product,2024-04-25 22:41:48
REV002003,ORD0001860,2,Would buy again,2023-12-20 22:48:21
REV002004,ORD0002800,4,,2023-05-12 22:27:33
REV002005,ORD0000405,3,Would buy again,2023-11-11 23:07:54
REV002006,ORD0001778,4,Poor quality,2023-06-13 21:23:26
REV002007,ORD0001325,5,Great product,2023-11-23 01:30:47
REV002008,ORD0000213,4,Fast delivery,2023-10-05 22:19:35
REV002009,ORD0001762,4,,2023-01-15 03:16:30
REV002010,ORD0001829,4,Would buy again,2023-06-07 16:39:10
REV002011,ORD0001437,4,Would buy again,2023-07-09 12:12:02
REV002012,ORD0002932,4,Would buy again,2023-02-16 16:35:17
REV002013,ORD0000011,3,Late delivery,2024-01-11 19:11:20
REV002014,ORD0001269,2,Poor quality,2024-08-03 20:27:11
REV002015,ORD0000523,4,Would buy again,2023-09-18 13:09:45
REV002016,ORD0001211,4,Exactly what I needed,2023-01-06 09:19:26
REV002017,ORD0001632,4,Exactly what I needed,2024-03-24 23:30:06
REV002018,ORD0002702,5,,2023-03-06 15:36:55
REV002019,ORD0000970,2,,2024-09-03 16:23:34
REV002020,ORD0000010,3,Great product,2024-02-16 20:58:06
REV002021,ORD0000822,4,,2023-01-30 12:17:15
REV002022,ORD0001302,4,Not as expected,2024-05-29 13:29:32
REV002023,ORD0000070,5,Late delivery,2023-10-11 02:42:13
REV002024,ORD0000342,4,Poor quality,2024-03-01 15:50:02
REV002025,ORD0002544,5,Late delivery,2024-10-16 14:26:32
REV002026,ORD0002657,5,,2024-02-29 21:57:42
REV002027,ORD0000182,2,Great product,2023-04-02 15:48:06
REV002028,ORD0000510,5,Would buy again,2024-07-20 01:00:23
REV002029,ORD0001177,4,Great product,2023-09-23 15:56:57
REV002030,ORD0000333,5,Poor quality,2023-05-26 03:23:36
REV002031,ORD0001884,5,Not as expected,2024-11-15 10:46:57
REV002032,ORD0000783,4,Late delivery,2023-06-01 20:02:42
REV002033,ORD0002855,5,Great product,2024-09-09 07:20:23
REV002034,ORD0000441,4,Fast delivery,2023-08-10 21:19:12
REV002035,ORD0000719,5,Not as expected,2024-10-14 06:41:49
REV002036,ORD0002478,4,Not as expected,2024-04-05 04:09:16
REV002037,ORD0001027,5,Exactly what I needed,2024-09-22 07:47:57
REV002038,ORD0000682,4,,2024-11-14 22:02:32
REV002039,ORD0000422,4,Not as expected,2023-09-13 16:37:54
REV002040,ORD0002275,4,Poor quality,2024-01-26 02:26:03
REV002041,ORD0001197,5,Great product,2023-03-23 03:53:36
REV002042,ORD0000617,5,Great product,2023-10-19 02:45:37
REV002043,ORD0002507,3,Fast delivery,2023-05-26 15:07:06
REV002044,ORD0001365,4,Would buy again,2023-06-05 20:13:26
REV002045,ORD0000180,4,Would buy again,2024-10-01 23:44:31
REV002046,ORD0002790,5,,2023-10-04 10:31:35
REV002047,ORD0001229,4,Exactly what I needed,2024-07-09 07:51:48
REV002048,ORD0001178,5,Exactly what I needed,2024-05-11 00:11:13
REV002049,ORD0000336,4,Poor quality,2023-05-03 02:09:05
REV002050,ORD0002647,5,Fast delivery,2024-09-18 05:53:13
REV002051,ORD0002258,4,Great product,2023-06-24 08:49:39
REV002052,ORD0001930,3,Exactly what I needed,2023-11-04 23:05:41
REV002053,ORD0002830,4,,2024-12-05 17:50:39
REV002054,ORD0002840,5,,2024-05-03 14:13:22
REV002055,ORD0002767,5,Poor quality,2024-07-02 22:43:29
REV002056,ORD0001591,3,Late delivery,2023-10-13 22:23:15
REV002057,ORD0000195,4,Not as expected,2023-08-18 17:04:55
REV002058,ORD0000095,2,,2023-06-11 15:57:15
REV002059,ORD0002228,5,,2023-12-20 18:31:55
REV002060,ORD0000200,4,Exactly what I needed,2023-04-28 14:31:03
REV002061,ORD0001472,4,,2024-04-12 08:35:10
REV002062,ORD0001077,5,Exactly what I needed,2023-06-26 08:07:01
REV002063,ORD0000272,4,Fast delivery,2023-01-27 16:30:26
REV002064,ORD0000531,2,Not as expected,2024-06-06 16:03:44
REV002065,ORD0001911,5,Not as expected,2024-11-10 18:30:18
REV002066,ORD0001932,4,Poor quality,2023-02-14 12:34:58
REV002067,ORD0001495,5,,2023-02-23 21:23:17
REV002068,ORD0001784,5,,2023-04-23 22:48:42
REV002069,ORD0001016,5,Late delivery,2023-02-16 19:59:46
REV002070,ORD0002411,5,Poor quality,2024-07-13 22:49:30
REV002071,ORD0000941,4,Poor quality,2024-12-28 21:48:27
REV002072,ORD0001236,5,Not as expected,2023-12-18 21:25:36
REV002073,ORD0002338,5,Great product,2023-05-21 22:29:16
REV002074,ORD0000302,4,,2023-07-08 06:45:30
REV002075,ORD0000282,5,Late delivery,2024-09-14 20:57:00
REV002076,ORD0002265,4,Late delivery,2024-04-17 06:57:20
REV002077,ORD0001588,3,,2024-03-04 03:18:49
REV002078,ORD0000774,4,Great product,2023-01-14 07:58:33
REV002079,ORD0001940,3,,2024-07-21 21:13:54
REV002080,ORD0002146,4,Poor quality,2024-02-22 18:08:09
REV002081,ORD0002798,5,Poor quality,2023-04-13 10:27:35
REV002082,ORD0002271,3,Not as expected,2024-04-27 16:28:56
REV002083,ORD0000877,4,Exactly what I needed,2023-01-01 03:07:59
REV002084,ORD0000834,3,Fast delivery,2023-07-09 12:48:21
REV002085,ORD0001425,2,Exactly what I needed,2023-07-12 15:39:05
REV002086,ORD0002495,1,Would buy again,2024-06-23 09:23:29
REV002087,ORD0002923,5,Not as expected,2024-03-03 10:22:14
REV002088,ORD0000751,2,Not as expected,2023-01-13 05:15:11
REV002089,ORD0000974,3,Not as expected,2024-05-04 06:00:18
REV002090,ORD0000650,2,Great product,2023-05-22 11:17:50
REV002091,ORD0000896,4,Poor quality,2024-03-06 22:59:26
REV002092,ORD0000599,2,Great product,2024-10-17 12:39:57
REV002093,ORD0001404,4,Late delivery,2024-04-30 23:07:08
REV002094,ORD0002395,5,Would buy again,2024-10-11 05:21:26
REV002095,ORD0001360,5,Would buy again,2024-04-24 18:44:30
REV002096,ORD0000196,4,Late delivery,2024-06-24 19:49:03
REV002097,ORD0000952,5,Would buy again,2023-07-21 23:10:38
REV002098,ORD0001438,5,Would buy again,2024-11-26 01:32:30
REV002099,ORD0000817,5,Not as expected,2024-10-12 10:25:29
REV002100,ORD0002217,5,Great product,2024-02-29 18:50:19
REV002101,ORD0002163,5,Would buy again,2024-11-21 00:36:19
REV002102,ORD0000873,5,Exactly what I needed,2024-09-29 17:03:22
REV002103,ORD0000627,4,Late delivery,2023-07-03 07:09:28
REV002104,ORD0002255,4,,2023-02-18 23:15:40
REV002105,ORD0001076,5,Fast delivery,2024-04-05 21:05:53
REV002106,ORD0002000,4,Great product,2023-11-02 11:21:48
REV002107,ORD0001338,5,,2024-06-29 23:18:11
REV002108,ORD0002881,3,Great product,2024-04-22 13:27:19
REV002109,ORD0001080,5,Exactly what I needed,2024-09-27 15:02:53
REV002110,ORD0002861,5,Would buy again,2023-05-17 16:57:51
REV002111,ORD0001010,5,,2023-11-18 23:38:03
REV002112,ORD0001174,2,,2024-07-03 18:06:18
REV002113,ORD0001128,5,Great product,2023-05-15 21:12:03
REV002114,ORD0002169,4,Fast delivery,2024-12-12 19:05:18
REV002115,ORD0000885,4,Poor quality,2023-08-01 22:10:07
REV002116,ORD0002102,2,,2024-10-29 23:15:34
REV002117,ORD0000780,4,Exactly what I needed,2023-06-19 09:08:29
REV002118,ORD0000163,5,Great product,2024-09-07 22:59:09
REV002119,ORD0001240,4,Not as expected,2024-11-14 09:11:44
REV002120,ORD0002983,5,Exactly what I needed,2024-02-27 16:16:55
REV002121,ORD0001311,4,Late delivery,2024-11-16 06:11:46
REV002122,ORD0001329,5,Not as expected,2024-03-02 10:59:14
REV002123,ORD0000036,4,Fast delivery,2023-08-06 04:53:42
REV002124,ORD0001625,5,Poor quality,2023-08-05 19:21:36
REV002125,ORD0001179,4,,2023-04-12 22:17:11
REV002126,ORD0002955,4,,2023-12-11 21:17:52
REV002127,ORD0000541,3,Late delivery,2023-06-30 16:41:56
REV002128,ORD0001725,5,Would buy again,2024-05-09 12:12:59
REV002129,ORD0000784,5,Not as expected,2024-06-05 20:31:48
REV002130,ORD0000660,5,Great product,2024-02-24 07:06:43
REV002131,ORD0001721,2,Poor quality,2024-05-05 22:56:38
REV002132,ORD0002154,4,Would buy again,2024-03-01 18:19:09
REV002133,ORD0002327,4,,2023-12-07 21:33:17
REV002134,ORD0001334,3,Fast delivery,2023-09-24 07:54:37
REV002135,ORD0001936,5,,2023-11-19 20:08:49
REV002136,ORD0001234,3,,2024-01-25 14:31:36
REV002137,ORD0002854,3,Exactly what I needed,2024-02-03 06:45:59
REV002138,ORD0002148,5,Not as expected,2024-03-03 07:46:09
REV002139,ORD0000674,3,Exactly what I needed,2023-09-08 23:36:10
REV002140,ORD0001380,5,Would buy again,2023-06-26 10:47:32
REV002141,ORD0000975,5,,2023-05-14 07:55:44
REV002142,ORD0001509,4,Fast delivery,2023-01-31 03:49:13
REV002143,ORD0002264,5,Fast delivery,2024-06-15 14:21:49
REV002144,ORD0001575,5,Late delivery,2024-05-06 04:10:14
REV002145,ORD0001878,5,Would buy again,2023-05-02 01:24:21
REV002146,ORD0000437,5,,2023-01-30 01:01:35
REV002147,ORD0000655,4,,2023-02-23 13:10:36
REV002148,ORD0000466,5,Not as expected,2023-09-22 14:58:38
REV002149,ORD0002385,5,,2024-07-04 06:35:15
REV002150,ORD0001859,5,Fast delivery,2023-04-25 17:56:00
REV002151,ORD0001383,5,Poor quality,2023-10-08 21:42:16
REV002152,ORD0001598,4,Would buy again,2023-10-06 01:35:22
REV002153,ORD0000384,5,Late delivery,2023-09-15 10:43:46
REV002154,ORD0001095,5,Poor quality,2023-07-23 18:27:57
REV002155,ORD0002773,5,Late delivery,2023-12-26 04:21:07
REV002156,ORD0001976,5,,2023-06-28 00:59:25
REV002157,ORD0001008,5,Poor quality,2024-05-05 22:32:23
REV002158,ORD0001116,5,Not as expected,2024-08-16 01:56:23
REV002159,ORD0000847,5,Fast delivery,2024-09-17 13:33:09
REV002160,ORD0000906,5,Not as expected,2023-01-16 01:49:10
REV002161,ORD0002277,3,Great product,2024-09-22 16:56:05
REV002162,ORD0000748,2,,2024-05-13 07:03:05
REV002163,ORD0000570,5,Would buy again,2024-05-13 20:23:56
REV002164,ORD0002940,3,Late delivery,2023-05-31 10:46:51
REV002165,ORD0000718,4,Fast delivery,2024-05-27 14:10:54
REV002166,ORD0001977,5,Poor quality,2023-08-17 01:32:18
REV002167,ORD0001053,4,Exactly what I needed,2024-10-26 15:09:01
REV002168,ORD0001652,5,,2024-03-12 22:35:13
REV002169,ORD0000645,1,Not as expected,2023-12-16 15:45:01
REV002170,ORD0001922,5,,2023-05-17 21:45:44
REV002171,ORD0002581,2,Exactly what I needed,2024-10-29 03:26:48
REV002172,ORD0000753,4,Fast delivery,2024-10-26 23:09:46
REV002173,ORD0002290,5,Fast delivery,2024-01-04 03:19:52
REV002174,ORD0001732,4,Exactly what I needed,2023-07-12 11:48:16
REV002175,ORD0001504,5,Not as expected,2024-01-02 22:07:56
REV002176,ORD0001662,3,,2023-06-29 23:05:56
REV002177,ORD0001200,5,,2023-09-11 07:06:25
REV002178,ORD0002363,3,,2024-06-26 17:31:12
REV002179,ORD0000027,5,Fast delivery,2024-10-04 08:31:17
REV002180,ORD0000376,5,,2024-08-14 17:33:11
REV002181,ORD0002423,4,Exactly what I needed,2024-02-15 15:12:57
REV002182,ORD0001107,4,Would buy again,2024-04-16 16:31:38
REV002183,ORD0000769,3,,2024-03-04 09:13:41
REV002184,ORD0000777,5,Fast delivery,2024-12-13 19:10:50
REV002185,ORD0002447,5,Late delivery,2023-03-23 13:25:51
REV002186,ORD0001396,5,Late delivery,2024-12-04 22:47:18
REV002187,ORD0001963,5,,2024-07-29 22:39:50
REV002188,ORD0002956,5,Late delivery,2024-02-15 13:13:47
REV002189,ORD0002996,5,,2024-11-12 02:52:54
REV002190,ORD0001241,4,Not as expected,2023-03-08 14:31:51
REV002191,ORD0001209,5,,2023-11-04 20:34:11
REV002192,ORD0000612,3,,2024-05-24 11:04:00
REV002193,ORD0000989,4,Exactly what I needed,2024-04-30 08:01:54
REV002194,ORD0000338,4,Not as expected,2023-11-12 12:54:40
REV002195,ORD0000979,5,,2024-09-12 20:44:17
REV002196,ORD0002387,2,Great product,2023-05-19 23:07:54
REV002197,ORD0002090,5,,2023-11-30 19:09:07
REV002198,ORD0001153,5,Poor quality,2024-12-03 02:10:30
REV002199,ORD0001180,5,Great product,2023-03-28 11:20:09
REV002200,ORD0002816,5,Would buy again,2024-01-14 17:45:09
REV002201,ORD0000787,4,Great product,2023-08-18 00:03:27
REV002202,ORD0001481,4,Poor quality,2024-12-06 05:13:07
REV002203,ORD0000994,2,Not as expected,2023-06-06 02:04:28
REV002204,ORD0001639,4,Poor quality,2024-07-19 11:43:43
REV002205,ORD0001320,4,,2023-08-14 05:13:34
REV002206,ORD0002677,4,,2024-10-06 15:28:42
REV002207,ORD0001143,4,Would buy again,2024-12-25 07:49:23
REV002208,ORD0000788,5,Fast delivery,2023-02-17 13:49:22
REV002209,ORD0002901,5,,2023-11-07 04:11:04
REV002210,ORD0001546,4,Exactly what I needed,2023-09-25 06:51:00
REV002211,ORD0001210,5,Great product,2023-12-08 07:46:44
REV002212,ORD0001904,1,Poor quality,2023-03-30 00:44:26
REV002213,ORD0002963,5,Not as expected,2023-08-27 03:50:52
REV002214,ORD0000151,4,Fast delivery,2023-02-25 14:56:35
REV002215,ORD0000286,1,Great product,2024-04-02 06:08:43
REV002216,ORD0000665,5,Not as expected,2023-11-04 19:16:41
REV002217,ORD0002583,4,Exactly what I needed,2023-06-12 20:49:26
REV002218,ORD0000671,4,Not as expected,2024-04-25 05:49:47
REV002219,ORD0000741,4,Poor quality,2024-02-10 17:59:38
REV002220,ORD0001484,4,Fast delivery,2023-08-18 17:56:38
REV002221,ORD0001675,1,,2023-09-22 23:58:45
REV002222,ORD0002393,5,,2024-03-25 02:48:04
REV002223,ORD0001157,5,,2024-07-21 22:31:46
REV002224,ORD0002961,2,Poor quality,2023-09-17 13:17:49
REV002225,ORD0001757,5,Fast delivery,2024-09-20 15:31:45
REV002226,ORD0002506,5,Late delivery,2023-05-23 20:41:09
REV002227,ORD0000581,5,,2024-11-29 09:37:40
REV002228,ORD0000696,1,Not as expected,2024-06-09 04:26:07
REV002229,ORD0000241,4,,2023-02-14 23:40:18
REV002230,ORD0000292,3,Poor quality,2024-02-28 09:36:13
REV002231,ORD0002156,5,Poor quality,2024-06-11 20:41:11
REV002232,ORD0001493,4,,2024-08-24 08:28:18
REV002233,ORD0001477,4,Not as expected,2024-10-20 12:32:22
REV002234,ORD0001682,5,Fast delivery,2024-05-28 21:48:27
REV002235,ORD0000951,5,Fast delivery,2024-10-22 22:30:35
REV002236,ORD0002815,5,,2024-04-12 14:14:44
REV002237,ORD0001935,4,Would buy again,2024-01-30 08:47:55
REV002238,ORD0002250,5,Fast delivery,2024-11-04 10:23:37
REV002239,ORD0001490,5,Not as expected,2024-01-02 10:23:53
REV002240,ORD0001650,5,Not as expected,2023-07-26 11:54:27
REV002241,ORD0001847,4,Fast delivery,2023-10-05 08:53:42
REV002242,ORD0002484,3,Exactly what I needed,2023-11-20 15:24:02
REV002243,ORD0000189,1,,2024-07-17 05:17:25
REV002244,ORD0002190,5,Not as expected,2023-03-15 09:15:37
REV002245,ORD0001482,5,Would buy again,2023-04-18 15:24:03
REV002246,ORD0002181,4,Late delivery,2023-03-26 02:54:26
REV002247,ORD0000190,4,,2023-09-03 14:51:22
REV002248,ORD0001456,4,Fast delivery,2023-07-19 22:47:35
REV002249,ORD0001969,4,Not as expected,2023-04-26 06:14:03
REV002250,ORD0000308,5,Poor quality,2024-07-07 21:25:49
REV002251,ORD0001549,4,Would buy again,2024-03-01 00:50:43
REV002252,ORD0000560,5,Late delivery,2024-06-16 00:10:41
REV002253,ORD0000295,4,Poor quality,2023-05-30 12:08:18
REV002254,ORD0002797,3,Exactly what I needed,2024-09-25 01:02:03
REV002255,ORD0001716,4,Poor quality,2024-03-24 00:53:08
REV002256,ORD0001358,5,Great product,2024-08-18 18:24:57
REV002257,ORD0000949,5,,2024-01-07 08:54:15
REV002258,ORD0000926,2,Poor quality,2024-04-11 11:13:31
REV002259,ORD0001247,4,Exactly what I needed,2023-01-05 15:45:27
REV002260,ORD0002343,4,Would buy again,2023-03-17 16:39:48
REV002261,ORD0001073,4,,2024-12-12 09:53:19
REV002262,ORD0000746,4,Not as expected,2024-05-09 11:21:23
REV002263,ORD0002011,5,Would buy again,2024-06-20 06:36:28
REV002264,ORD0001781,4,,2023-05-28 01:55:07
REV002265,ORD0001367,2,Poor quality,2024-02-24 09:44:47
REV002266,ORD0000173,4,Late delivery,2023-09-10 01:22:46
REV002267,ORD0002666,5,Not as expected,2023-04-21 09:36:00
REV002268,ORD0002295,5,Fast delivery,2023-02-23 18:27:11
REV002269,ORD0000136,5,,2023-07-31 04:47:47
REV002270,ORD0001118,2,Late delivery,2023-11-11 21:29:37
REV002271,ORD0000073,4,Great product,2023-08-15 21:57:33
REV002272,ORD0001897,5,Great product,2023-12-14 17:36:50
REV002273,ORD0000932,5,Fast delivery,2023-08-26 03:07:11
REV002274,ORD0001376,4,Late delivery,2024-09-29 10:16:20
REV002275,ORD0000954,3,Late delivery,2023-01-02 10:23:09
REV002276,ORD0000924,5,Poor quality,2023-02-18 10:20:37
REV002277,ORD0001959,5,Fast delivery,2023-10-08 16:16:18
REV002278,ORD0002560,5,Poor quality,2024-12-12 16:46:06
REV002279,ORD0002621,4,Late delivery,2024-09-05 23:59:07
REV002280,ORD0001450,5,Fast delivery,2024-06-06 11:11:01
REV002281,ORD0000904,4,Late delivery,2024-08-16 23:32:07
REV002282,ORD0002124,5,,2024-05-04 16:37:02
REV002283,ORD0002079,4,Exactly what I needed,2024-07-17 23:56:29
REV002284,ORD0001252,4,Late delivery,2023-02-21 11:13:07
REV002285,ORD0000929,3,Exactly what I needed,2024-12-18 03:00:46
REV002286,ORD0001292,5,Would buy again,2023-06-26 13:49:38
REV002287,ORD0002622,5,,2023-11-10 16:34:11
REV002288,ORD0002554,4,,2024-04-06 15:25:51
REV002289,ORD0002497,4,Late delivery,2023-08-24 05:32:35
REV002290,ORD0000825,4,Poor quality,2023-03-10 12:51:04
REV002291,ORD0002291,5,Would buy again,2023-08-03 05:15:06
REV002292,ORD0000149,4,Would buy again,2023-10-23 14:30:31
REV002293,ORD0000999,1,Great product,2023-01-17 02:27:55
REV002294,ORD0000565,4,Poor quality,2024-06-12 10:42:14
REV002295,ORD0002485,4,Fast delivery,2023-05-21 12:32:31
REV002296,ORD0002643,4,Exactly what I needed,2024-12-09 19:27:55
REV002297,ORD0001458,5,,2024-07-11 18:42:24
REV002298,ORD0002220,3,Great product,2024-08-25 07:07:30
REV002299,ORD0001558,5,Would buy again,2023-01-14 04:54:45
REV002300,ORD0001583,4,,2024-09-01 21:52:32
REV002301,ORD0001291,4,,2023-06-16 20:56:10
REV002302,ORD0000836,5,Poor quality,2023-09-11 04:52:32
REV002303,ORD0001767,1,Fast delivery,2024-08-19 13:23:56
REV002304,ORD0000937,1,,2024-07-15 11:29:05
REV002305,ORD0002172,5,Fast delivery,2024-10-09 13:46:05
REV002306,ORD0000508,4,,2024-08-29 21:35:32
REV002307,ORD0001050,3,,2024-02-15 19:21:42
REV002308,ORD0002178,3,Late delivery,2024-04-08 18:05:09
REV002309,ORD0000396,4,,2023-10-21 01:20:39
REV002310,ORD0001140,4,Exactly what I needed,2024-03-16 23:30:43
REV002311,ORD0001009,5,,2023-11-05 17:09:29
REV002312,ORD0000609,4,,2024-02-29 10:29:49
REV002313,ORD0002937,5,,2024-02-09 11:01:10
REV002314,ORD0000504,5,,2024-06-12 10:41:27
REV002315,ORD0001961,5,Poor quality,2024-01-29 08:10:08
REV002316,ORD0001851,2,Fast delivery,2024-03-16 07:14:18
REV002317,ORD0000691,4,Would buy again,2024-11-28 08:07:25
REV002318,ORD0000256,4,Late delivery,2024-12-21 12:29:19
REV002319,ORD0002717,5,Fast delivery,2023-08-01 05:20:02
REV002320,ORD0001394,5,Fast delivery,2024-11-26 15:46:17
REV002321,ORD0002414,4,Great product,2023-05-08 01:29:00
REV002322,ORD0001070,4,Late delivery,2024-08-18 21:19:23
REV002323,ORD0000518,5,Late delivery,2023-11-27 15:05:49
REV002324,ORD0002758,4,Great product,2023-03-04 16:52:57
REV002325,ORD0000928,4,,2024-03-31 15:46:42
REV002326,ORD0002939,2,Great product,2023-03-31 13:01:28
REV002327,ORD0001056,5,Great product,2024-06-14 06:05:57
REV002328,ORD0001313,3,,2024-01-12 01:37:29
REV002329,ORD0001735,5,,2024-11-30 04:18:34
REV002330,ORD0001819,4,Poor quality,2023-05-06 00:07:41
REV002331,ORD0000865,5,Late delivery,2024-09-30 20:27:09
REV002332,ORD0001176,5,,2024-06-30 20:05:28
REV002333,ORD0001928,5,Exactly what I needed,2023-11-28 11:18:05
REV002334,ORD0001217,5,,2024-05-01 15:50:11
REV002335,ORD0000577,5,Poor quality,2024-08-16 14:16:29
REV002336,ORD0001771,2,,2023-11-15 22:43:07
REV002337,ORD0000891,5,Not as expected,2024-06-17 10:13:08
REV002338,ORD0002975,4,Fast delivery,2023-04-05 21:16:24
REV002339,ORD0000188,4,,2024-07-23 16:14:22
REV002340,ORD0000270,4,Fast delivery,2023-09-26 12:52:27
REV002341,ORD0000283,3,,2023-08-23 23:09:34
REV002342,ORD0000998,5,,2023-11-28 15:18:28
REV002343,ORD0001068,3,Fast delivery,2024-10-29 08:36:49
REV002344,ORD0002416,5,Fast delivery,2023-02-25 03:02:11
REV002345,ORD0002151,5,Great product,2024-06-04 02:03:04
REV002346,ORD0001892,4,Great product,2023-12-10 09:36:45
REV002347,ORD0000934,5,,2024-07-21 12:32:39
REV002348,ORD0001966,5,Exactly what I needed,2024-01-11 01:48:08
REV002349,ORD0001645,5,Exactly what I needed,2023-02-20 01:38:00
REV002350,ORD0002299,3,Late delivery,2023-07-27 10:40:40
REV002351,ORD0002504,3,,2023-12-07 20:23:44
REV002352,ORD0002054,5,Great product,2023-10-13 07:57:24
REV002353,ORD0001746,5,Poor quality,2023-04-22 08:29:23
REV002354,ORD0002205,4,,2024-08-21 18:00:34
REV002355,ORD0002537,5,Late delivery,2023-12-27 20:38:03
REV002356,ORD0001255,5,Not as expected,2023-11-18 21:01:05
REV002357,ORD0000870,5,Late delivery,2024-06-20 15:18:16
REV002358,ORD0000320,3,Not as expected,2024-07-02 08:32:41
REV002359,ORD0002726,4,Late delivery,2024-10-16 10:26:54
REV002360,ORD0001135,3,Fast delivery,2023-03-09 06:21:53
REV002361,ORD0002791,4,,2024-06-06 19:27:55
REV002362,ORD0000595,2,Would buy again,2023-04-11 08:39:42
REV002363,ORD0000417,4,Late delivery,2023-09-28 06:59:37
REV002364,ORD0000114,3,Great product,2023-11-01 18:38:52
REV002365,ORD0000643,5,,2024-08-21 22:28:58
REV002366,ORD0002944,4,Would buy again,2024-12-02 09:55:33
REV002367,ORD0000231,4,,2024-08-01 08:27:54
REV002368,ORD0000299,4,Late delivery,2024-02-06 03:06:04
REV002369,ORD0002997,5,Would buy again,2024-10-23 10:16:45
REV002370,ORD0001877,5,Fast delivery,2023-12-30 20:03:01
REV002371,ORD0002136,5,,2024-11-05 08:07:35
REV002372,ORD0002831,5,,2024-08-14 13:29:21
REV002373,ORD0001788,4,Would buy again,2023-03-02 11:17:54
REV002374,ORD0000305,4,,2024-01-14 01:16:03
REV002375,ORD0001000,1,Not as expected,2024-09-18 23:29:38
REV002376,ORD0000697,5,,2023-08-06 23:53:58
REV002377,ORD0000771,4,Exactly what I needed,2024-12-30 06:20:48
REV002378,ORD0000982,5,,2024-06-22 05:36:04
REV002379,ORD0000169,1,Would buy again,2023-11-10 13:34:27
REV002380,ORD0002158,4,Late delivery,2023-03-31 19:49:15
REV002381,ORD0001869,2,Late delivery,2023-08-10 00:50:59
REV002382,ORD0001640,5,Would buy again,2024-02-22 20:25:50
REV002383,ORD0001986,4,Exactly what I needed,2023-05-19 23:14:36
REV002384,ORD0002675,3,Fast delivery,2023-10-07 02:24:21
REV002385,ORD0001066,5,,2023-10-31 21:48:12
REV002386,ORD0002900,5,Not as expected,2024-06-04 07:30:08
REV002387,ORD0002094,5,,2024-08-20 01:03:42
REV002388,ORD0002689,4,Exactly what I needed,2024-12-02 22:38:43
REV002389,ORD0000482,4,Great product,2024-07-19 17:51:31
REV002390,ORD0002685,3,Late delivery,2024-02-01 06:47:01
REV002391,ORD0001527,2,Poor quality,2023-11-29 07:53:26
REV002392,ORD0001067,5,Fast delivery,2023-07-14 08:58:08
REV002393,ORD0001759,5,,2024-09-08 02:42:00
REV002394,ORD0002972,2,Poor quality,2024-08-15 19:36:55
REV002395,ORD0000524,4,,2024-02-27 01:59:19
REV002396,ORD0000472,5,Fast delivery,2023-07-14 09:39:55
REV002397,ORD0001276,5,Great product,2024-09-04 14:44:31
REV002398,ORD0002762,3,Poor quality,2023-05-01 05:29:35
REV002399,ORD0002558,4,Would buy again,2023-01-29 07:12:14
REV002400,ORD0001318,5,Exactly what I needed,2024-03-22 23:50:49
REV002401,ORD0002586,2,Poor quality,2024-09-06 06:07:06
REV002402,ORD0002055,5,,2023-02-25 17:28:46
REV002403,ORD0001568,5,Not as expected,2023-06-30 07:58:29
REV002404,ORD0000920,5,,2024-06-13 14:19:49
REV002405,ORD0000884,5,Fast delivery,2023-08-07 02:03:21
REV002406,ORD0001096,5,Not as expected,2024-11-29 09:23:06
REV002407,ORD0002208,4,Fast delivery,2023-04-11 15:44:23
REV002408,ORD0000381,5,Late delivery,2024-11-16 16:01:20
REV002409,ORD0000575,5,Exactly what I needed,2024-03-10 15:56:30
REV002410,ORD0002401,5,Not as expected,2024-10-22 18:45:34
REV002411,ORD0000385,2,Great product,2024-11-16 03:41:47
REV002412,ORD0001866,3,Not as expected,2024-09-09 03:15:38
REV002413,ORD0001913,4,Poor quality,2023-07-28 21:23:05
REV002414,ORD0002965,5,,2024-01-28 18:47:25
REV002415,ORD0000389,2,Fast delivery,2023-11-30 17:20:02
REV002416,ORD0001441,5,Late delivery,2023-07-12 04:16:16
REV002417,ORD0000360,3,,2023-09-01 21:16:43
REV002418,ORD0001372,5,Exactly what I needed,2024-02-03 11:02:26
REV002419,ORD0002434,4,Would buy again,2024-06-13 01:44:47
REV002420,ORD0002350,4,Would buy again,2024-05-30 18:10:22
REV002421,ORD0001251,4,,2024-02-24 00:08:34
REV002422,ORD0000063,5,Late delivery,2023-07-08 20:43:33
REV002423,ORD0001475,3,Poor quality,2024-02-10 04:28:01
REV002424,ORD0001705,5,Late delivery,2024-10-29 01:58:40
REV002425,ORD0001412,4,,2024-05-29 15:14:37
REV002426,ORD0001256,5,Fast delivery,2023-05-01 07:35:42
REV002427,ORD0000380,4,Not as expected,2024-11-02 08:47:09
REV002428,ORD0002593,5,,2023-09-29 23:33:46
REV002429,ORD0000285,4,Late delivery,2024-10-24 22:34:54
REV002430,ORD0001734,4,Would buy again,2023-06-20 12:39:28
REV002431,ORD0001567,4,Fast delivery,2024-10-27 16:43:37
REV002432,ORD0000638,3,Great product,2023-04-21 01:15:29
REV002433,ORD0001600,5,,2023-06-27 00:37:00
REV002434,ORD0000516,5,,2024-07-25 13:52:24
REV002435,ORD0002533,2,,2024-09-17 17:28:42
REV002436,ORD0000044,5,Great product,2023-04-27 01:20:30
REV002437,ORD0001838,4,Would buy again,2023-11-14 16:41:39
REV002438,ORD0001485,4,Great product,2024-12-15 10:26:51
REV002439,ORD0002728,5,,2023-01-29 04:59:53
REV002440,ORD0000588,3,Not as expected,2023-07-24 01:01:29
REV002441,ORD0000509,4,Exactly what I needed,2024-08-09 23:53:08
REV002442,ORD0001925,4,Would buy again,2024-10-16 17:33:12
REV002443,ORD0000147,1,Not as expected,2024-05-19 09:23:28
REV002444,ORD0002768,4,,2024-05-07 21:13:26
REV002445,ORD0000921,5,Poor quality,2024-09-14 00:22:11
REV002446,ORD0002973,4,,2024-08-16 17:33:59
REV002447,ORD0002682,5,Poor quality,2023-04-06 11:24:56
REV002448,ORD0002679,5,Would buy again,2024-06-01 05:20:48
REV002449,ORD0001326,5,Would buy again,2023-08-08 10:22:38
REV002450,ORD0001720,3,,2023-02-13 12:13:41
REV002451,ORD0000275,5,,2024-09-06 13:38:35
REV002452,ORD0002098,5,Late delivery,2024-01-12 19:20:30
REV002453,ORD0002839,5,Late delivery,2024-11-15 10:38:23
REV002454,ORD0000607,1,Late delivery,2024-03-20 04:07:32
REV002455,ORD0001755,4,,2024-03-22 12:47:11
REV002456,ORD0000716,5,Fast delivery,2024-08-28 21:51:38
REV002457,ORD0001955,5,Poor quality,2024-07-07 16:05:33
REV002458,ORD0000168,2,Fast delivery,2023-09-08 00:35:00
REV002459,ORD0000546,5,Poor quality,2024-05-17 07:34:17
REV002460,ORD0002274,5,Great product,2023-01-15 11:18:49
REV002461,ORD0001427,4,Poor quality,2023-02-19 05:55:42
REV002462,ORD0002516,4,,2024-06-20 18:50:14
REV002463,ORD0000079,5,Exactly what I needed,2023-02-08 22:05:28
REV002464,ORD0001187,4,Fast delivery,2023-05-10 02:33:33
REV002465,ORD0000415,5,Exactly what I needed,2023-02-07 03:08:29
REV002466,ORD0000752,5,Late delivery,2024-10-18 07:23:57
REV002467,ORD0000987,5,Late delivery,2023-01-16 21:28:42
REV002468,ORD0000239,5,Late delivery,2023-07-16 07:01:29
REV002469,ORD0001138,1,Late delivery,2023-07-24 23:15:07
REV002470,ORD0002311,4,,2024-02-14 06:06:34
REV002471,ORD0001391,5,Late delivery,2023-11-13 04:30:54
REV002472,ORD0002580,4,Great product,2023-01-04 10:56:38
REV002473,ORD0001742,4,Not as expected,2023-05-30 21:24:14
REV002474,ORD0001408,5,,2023-10-13 05:45:43
REV002475,ORD0002708,5,,2024-01-27 15:05:45
REV002476,ORD0000888,1,,2023-10-28 20:09:09
REV002477,ORD0002930,4,Would buy again,2024-02-24 08:11:17
REV002478,ORD0002933,4,Not as expected,2023-06-08 23:16:24
REV002479,ORD0000058,5,Not as expected,2023-04-23 04:03:04
REV002480,ORD0000668,5,,2023-10-08 20:53:22
REV002481,ORD0001857,5,Fast delivery,2024-03-24 16:01:12
REV002482,ORD0001127,4,Exactly what I needed,2024-02-12 21:20:38
REV002483,ORD0002601,5,Poor quality,2024-04-02 11:24:54
REV002484,ORD0000754,5,Late delivery,2023-04-08 02:02:11
REV002485,ORD0001999,5,Not as expected,2023-06-08 23:41:45
REV002486,ORD0002712,5,Would buy again,2023-07-31 02:05:41
REV002487,ORD0002240,4,Great product,2023-09-10 06:28:28
REV002488,ORD0000313,4,Not as expected,2023-11-09 07:48:20
REV002489,ORD0000199,5,Fast delivery,2023-09-09 22:52:22
REV002490,ORD0000321,5,Would buy again,2024-07-05 10:38:13
REV002491,ORD0001599,5,,2024-10-31 18:04:21
REV002492,ORD0000856,5,,2024-10-17 04:18:43
REV002493,ORD0001906,5,Late delivery,2024-04-08 21:11:12
REV002494,ORD0002801,4,Fast delivery,2024-08-09 17:47:46
REV002495,ORD0000413,5,,2024-08-18 12:46:45
REV002496,ORD0002175,4,Great product,2023-10-10 16:40:01
REV002497,ORD0002024,3,Not as expected,2023-01-02 10:09:38
REV002498,ORD0001390,5,Would buy again,2023-06-14 13:09:20
REV002499,ORD0002954,4,Poor quality,2024-04-21 15:34:55
